anno,nivel_panel,seccion,grupo_clasificacion,clasificacion_mussi,descripcion_nivel,n_subramas_fuente,componentes_divisiones,componentes_codigos_2dig,componentes_descripciones,vbp_pp,vbp_pb,vab_pp,vab_pb,remuneraciones,puestos_trabajo,consumo_capital_fijo,impuestos_netos,stock_capital,stock_capital_imputado,fbcf,fbkf_maq_eq,adquisiciones_importadas,adquisiciones_origen_importado,importaciones_maquinaria,rotacion_calibrada_sobre_6_6,vab_pb_estimado,consumo_intermedio_estimado,consumo_intermedio,costo_laboral,capital_variable_adelantado,capital_circulante_constante_adelantado,capital_circulante_adelantado,capital_total_adelantado,ganancia_pb,ganancia_pp,tasa_ganancia_pb,tasa_ganancia_pp,intereses_industria_eaae_ajuste_90_mill_usd,participacion_vbp_pp_industria,participacion_intereses_industria,intereses_industria_pesos,metodo_intereses,ganancia_pb_desp_intereses,ganancia_pp_desp_intereses,tasa_ganancia_pb_desp_intereses,tasa_ganancia_pp_desp_intereses
2020,industria_total,industria-total,industria_total,Industria total,Industria manufacturera EAAE,21,10|11 y 12|13|14|15|16|17|18|19|20|21|22|23|24|25|26 y 27|28|29 y 30|31|32|33,10|11|12|13|14|15|16|17|18|19|20|21|22|23|24|25|26|27|28|29|30|31|32|33,"Elaboración de productos alimenticios.|Elaboración de bebidas y elaboración de productos de tabaco|Fabricación de productos textiles.|Fabricación de prendas de vestir.|Fabricación de cueros y productos conexos.|Producción de madera y fabricación de productos de madera y corcho, excepto muebles; fabricación de artículos de paja y de materiales trenzables.|Fabricación de papel y de los productos de papel.|Actividades de impresión y reproducción de grabaciones.|Fabricación de coque y de productos de la refinación del petróleo.|Fabricación de sustancias y productos químicos.|Fabricación de productos farmacéuticos, sustancias químicas medicinales y de productos botánicos.|Fabricación de productos de caucho y plástico.|Fabricación de otros productos minerales no metálicos.|Fabricación de metales comunes.|Fabricación de productos derivados del metal, excepto maquinaria y equipo.|Fabricación de los productos informáticos, electrónicos y ópticos. Fabricación de equipo eléctrico.|Fabricación de maquinaria y equipo n.c.p.|Fabricación de vehículos automotores, remolques y semirremolques. Fabricación de otros tipos de equipo de transporte.|Fabricación de muebles.|Otras industrias manufactureras.|Reparación e instalación de la maquinaria y equipo.",600817528391.4976,569255108499.0305,182963110731.0086,151400690838.54153,78278216489.3034,84764.46474072084,19749525803.346455,-1827346818.600414,296322600807.0521,296322600807.0521,40941559983.906876,9808505040.448872,3275448937.7523828,2709351603.1506634,5984800540.903046,4.221527857148332,151400690838.54153,449416837552.95605,417854417660.48895,78278216489.3034,18542627015.182323,106458337540.50836,117524425027.70384,421323565362.7428,53372948545.89168,84935368438.35873,0.12667923879344298,0.2015917822332885,95.80891549664092,1,1,4023974450.8589187,intereses_industria_total_convertidos_a_pesos_con_tcc,49348974095.03276,80911393987.49982,0.11712844510025272,0.19204098854009824
2020,grupo_subramas_industriales,exportadora,exportadora,Exportadora,Subramas industriales exportadoras,7,10|11 y 12|13|15|16|17|22,10|11|12|13|15|16|17|22,"Elaboración de productos alimenticios.|Elaboración de bebidas y elaboración de productos de tabaco|Fabricación de productos textiles.|Fabricación de cueros y productos conexos.|Producción de madera y fabricación de productos de madera y corcho, excepto muebles; fabricación de artículos de paja y de materiales trenzables.|Fabricación de papel y de los productos de papel.|Fabricación de productos de caucho y plástico.",405327577088.6082,394639788484.85016,106285779803.60503,95597991199.84694,48367393925.79378,57534.84570976969,14380324243.29963,-1529409001.2260473,230274964915.07693,230274964915.07693,33389003293.25257,7063571297.296092,1059400481.8126935,2081994530.934551,3141395012.7472444,5.05,95597991199.84694,309729585888.7613,299041797285.0032,48367393925.79378,9577701767.483917,61332591265.10125,68793899249.66277,301185257947.6621,32850273030.753525,43538061634.51161,0.10906998986139627,0.14455575259954243,95.80891549664092,0.6746267509434137,0.656,2639727239.7634506,asignacion_intereses_industria_microdatos_ciu_65_6_exportadora_34_4_mercado_interno,30210545790.990074,40898334394.74816,0.10030552622944067,0.13579128896758683
2020,grupo_subramas_industriales,mercado-interno,mercado_interno,Mercado interno,Subramas industriales de mercado interno,13,14|18|20|21|23|24|25|26 y 27|28|29 y 30|31|32|33,14|18|20|21|23|24|25|26|27|28|29|30|31|32|33,"Fabricación de prendas de vestir.|Actividades de impresión y reproducción de grabaciones.|Fabricación de sustancias y productos químicos.|Fabricación de productos farmacéuticos, sustancias químicas medicinales y de productos botánicos.|Fabricación de otros productos minerales no metálicos.|Fabricación de metales comunes.|Fabricación de productos derivados del metal, excepto maquinaria y equipo.|Fabricación de los productos informáticos, electrónicos y ópticos. Fabricación de equipo eléctrico.|Fabricación de maquinaria y equipo n.c.p.|Fabricación de vehículos automotores, remolques y semirremolques. Fabricación de otros tipos de equipo de transporte.|Fabricación de muebles.|Otras industrias manufactureras.|Reparación e instalación de la maquinaria y equipo.",121805436700.98468,121733522819.27568,48933101504.40358,48861187622.69459,25560225416.509624,24968.619030951155,4108522433.046825,-309913126.37436664,49986924384.97517,49986924384.97517,6623465374.654305,2412418561.152779,2216048455.9396896,616398908.2161121,2832447364.155802,2.76,48861187622.69459,72944249078.2901,72872335196.5811,25560225416.509624,9260951237.865807,26429075753.003662,35663971236.627075,85676951375.84464,19192439773.13814,19264353654.847134,0.2240093685050186,0.22484872938976255,95.80891549664092,0.20273282809687815,0.344,1384247211.0954678,asignacion_intereses_industria_microdatos_ciu_65_6_exportadora_34_4_mercado_interno,17808192562.042675,17880106443.751667,0.20785278042775265,0.20869214131249658
2020,grupo_subramas_industriales,combustible,combustible,Combustible,Subramas industriales de combustible,1,19,19,Fabricación de coque y de productos de la refinación del petróleo.,73684514601.90465,52881797194.90465,27744229423,6941512016.000003,4350597147,2261,1260679127,11975309,16060711507,16060711507,929091316,332515182,0,10958164,10958164,3.0778,6941512016.000003,66743002585.90465,45940285178.90465,4350597147,1413541213.5291443,21685295531.192623,16339879890.150318,39159548251.72177,1330235742.0000029,22132953149,0.03396963962528641,0.5651993993068307,95.80891549664092,0.12264042095970812,0,0,sin_asignacion_analitica_intereses_ciu_segmentos_2020_2024,1330235742.0000029,22132953149,0.03396963962528641,0.5651993993068307
2021,industria_total,industria-total,industria_total,Industria total,Industria manufacturera EAAE,21,10|11 y 12|13|14|15|16|17|18|19|20|21|22|23|24|25|26 y 27|28|29 y 30|31|32|33,10|11|12|13|14|15|16|17|18|19|20|21|22|23|24|25|26|27|28|29|30|31|32|33,"Elaboración de productos alimenticios.|Elaboración de bebidas y elaboración de productos de tabaco|Fabricación de productos textiles.|Fabricación de prendas de vestir.|Fabricación de cueros y productos conexos.|Producción de madera y fabricación de productos de madera y corcho, excepto muebles; fabricación de artículos de paja y de materiales trenzables.|Fabricación de papel y de los productos de papel.|Actividades de impresión y reproducción de grabaciones.|Fabricación de coque y de productos de la refinación del petróleo.|Fabricación de sustancias y productos químicos.|Fabricación de productos farmacéuticos, sustancias químicas medicinales y de productos botánicos.|Fabricación de productos de caucho y plástico.|Fabricación de otros productos minerales no metálicos.|Fabricación de metales comunes.|Fabricación de productos derivados del metal, excepto maquinaria y equipo.|Fabricación de los productos informáticos, electrónicos y ópticos. Fabricación de equipo eléctrico.|Fabricación de maquinaria y equipo n.c.p.|Fabricación de vehículos automotores, remolques y semirremolques. Fabricación de otros tipos de equipo de transporte.|Fabricación de muebles.|Otras industrias manufactureras.|Reparación e instalación de la maquinaria y equipo.",740451400483.521,729519030143.1283,224974680121.47305,214042309781.08038,84122098877.86562,86333.09437826528,21739333748.875946,-1158610716.344064,377193985828.289,377193985828.289,83942983585.5647,18626904296.777473,3312365312.6912756,6003788394.3875475,9316153707.078821,4.172514766421319,214042309781.08038,526409090702.4406,515476720362.048,84122098877.86562,20161006871.64624,126161109108.29227,143702024511.7496,523516101808.22754,108180877154.33882,119113247494.73149,0.20664288410744477,0.227525470722512,78.27593048164893,1,1,3409699531.7806273,intereses_industria_total_convertidos_a_pesos_con_tcc,104771177622.5582,115703547962.95087,0.200129809304199,0.22101239591926622
2021,grupo_subramas_industriales,exportadora,exportadora,Exportadora,Subramas industriales exportadoras,7,10|11 y 12|13|15|16|17|22,10|11|12|13|15|16|17|22,"Elaboración de productos alimenticios.|Elaboración de bebidas y elaboración de productos de tabaco|Fabricación de productos textiles.|Fabricación de cueros y productos conexos.|Producción de madera y fabricación de productos de madera y corcho, excepto muebles; fabricación de artículos de paja y de materiales trenzables.|Fabricación de papel y de los productos de papel.|Fabricación de productos de caucho y plástico.",511009593127.2319,500178472948.4854,157596691301.31897,146765571122.57245,52277798970.76516,57604.76760096743,15380205240.567425,-1753162532.82178,307945074990.15765,307945074990.15765,72163583858.87314,12456260594.33372,2321490036.4758344,4909455617.614324,7230945654.0901575,5.05,146765571122.57245,364244022004.6594,353412901825.9129,52277798970.76516,10352039400.151518,72127529109.83356,80334792236.96596,390424643500.1427,79107566911.23987,89938687089.98639,0.20261929729138872,0.2303611941185099,78.27593048164893,0.6901325229360608,0.656,2236762892.8480916,asignacion_intereses_industria_microdatos_ciu_65_6_exportadora_34_4_mercado_interno,76870804018.39177,87701924197.13829,0.19689024578276568,0.22463214260988684
2021,grupo_subramas_industriales,mercado-interno,mercado_interno,Mercado interno,Subramas industriales de mercado interno,13,14|18|20|21|23|24|25|26 y 27|28|29 y 30|31|32|33,14|18|20|21|23|24|25|26|27|28|29|30|31|32|33,"Fabricación de prendas de vestir.|Actividades de impresión y reproducción de grabaciones.|Fabricación de sustancias y productos químicos.|Fabricación de productos farmacéuticos, sustancias químicas medicinales y de productos botánicos.|Fabricación de otros productos minerales no metálicos.|Fabricación de metales comunes.|Fabricación de productos derivados del metal, excepto maquinaria y equipo.|Fabricación de los productos informáticos, electrónicos y ópticos. Fabricación de equipo eléctrico.|Fabricación de maquinaria y equipo n.c.p.|Fabricación de vehículos automotores, remolques y semirremolques. Fabricación de otros tipos de equipo de transporte.|Fabricación de muebles.|Otras industrias manufactureras.|Reparación e instalación de la maquinaria y equipo.",149816439686.20496,149715189524.5588,54431182307.15414,54329932145.507965,27595712009.100452,26560.326777297847,5093385817.308523,-442133611.52227986,52972837802.13133,52972837802.13133,9632513798.691555,4643887599.443754,990875276.2154415,1054979181.7732232,2045854457.9886646,2.76,54329932145.507965,95486507540.69699,95385257379.05081,27595712009.100452,9998446380.10886,34596560703.151085,44558322242.08379,97567844885.39127,21640834319.098988,21742084480.74516,0.22180293460944578,0.22284067569889082,78.27593048164893,0.20233122604450957,0.344,1172936638.9325356,asignacion_intereses_industria_microdatos_ciu_65_6_exportadora_34_4_mercado_interno,20467897680.16645,20569147841.812622,0.20978118051299796,0.210818921602443
2021,grupo_subramas_industriales,combustible,combustible,Combustible,Subramas industriales de combustible,1,19,19,Fabricación de coque y de productos de la refinación del petróleo.,79625367670.0841,79625367670.0841,12946806512.99997,12946806512.99997,4248587898.000005,2168,1265742691,1036685427.999996,16276073036,16276073036,2146885928,1526756103,0,39353595,39353595,3.0778,12946806512.99997,66678561157.08414,66678561157.08414,4248587898.000005,1380397653.5187488,21664358034.012653,23044755687.5314,39320828723.5314,7432475923.999965,7432475923.999965,0.1890213448007017,0.1890213448007017,78.27593048164893,0.1075362510194296,0,0,sin_asignacion_analitica_intereses_ciu_segmentos_2020_2024,7432475923.999965,7432475923.999965,0.1890213448007017,0.1890213448007017
2022,industria_total,industria-total,industria_total,Industria total,Industria manufacturera EAAE,21,10|11 y 12|13|14|15|16|17|18|19|20|21|22|23|24|25|26 y 27|28|29 y 30|31|32|33,10|11|12|13|14|15|16|17|18|19|20|21|22|23|24|25|26|27|28|29|30|31|32|33,"Elaboración de productos alimenticios.|Elaboración de bebidas y elaboración de productos de tabaco|Fabricación de productos textiles.|Fabricación de prendas de vestir.|Fabricación de cueros y productos conexos.|Producción de madera y fabricación de productos de madera y corcho, excepto muebles; fabricación de artículos de paja y de materiales trenzables.|Fabricación de papel y de los productos de papel.|Actividades de impresión y reproducción de grabaciones.|Fabricación de coque y de productos de la refinación del petróleo.|Fabricación de sustancias y productos químicos.|Fabricación de productos farmacéuticos, sustancias químicas medicinales y de productos botánicos.|Fabricación de productos de caucho y plástico.|Fabricación de otros productos minerales no metálicos.|Fabricación de metales comunes.|Fabricación de productos derivados del metal, excepto maquinaria y equipo.|Fabricación de los productos informáticos, electrónicos y ópticos. Fabricación de equipo eléctrico.|Fabricación de maquinaria y equipo n.c.p.|Fabricación de vehículos automotores, remolques y semirremolques. Fabricación de otros tipos de equipo de transporte.|Fabricación de muebles.|Otras industrias manufactureras.|Reparación e instalación de la maquinaria y equipo.",887448109461.1194,847221297274.5154,265536050207.7651,225309238021.16113,95609914033.87782,89467.50608878564,21523441673.283985,-2700847763.2316766,392603477898.92596,392603477898.92596,69687013752.2493,17242949725.568813,4140576932.681215,5180380048.541034,9320956981.222248,4.197996242570065,225309238021.16113,662138871439.9583,621912059253.3542,95609914033.87782,22775130921.828613,157727361622.0744,170920108505.8514,573105970442.829,108175882313.99931,148402694500.60327,0.18875371727573123,0.2589445969057609,102.42947367494128,1,1,4230337262.775074,intereses_industria_total_convertidos_a_pesos_con_tcc,103945545051.22424,144172357237.8282,0.1813722948496023,0.25156317447963195
2022,grupo_subramas_industriales,exportadora,exportadora,Exportadora,Subramas industriales exportadoras,7,10|11 y 12|13|15|16|17|22,10|11|12|13|15|16|17|22,"Elaboración de productos alimenticios.|Elaboración de bebidas y elaboración de productos de tabaco|Fabricación de productos textiles.|Fabricación de cueros y productos conexos.|Producción de madera y fabricación de productos de madera y corcho, excepto muebles; fabricación de artículos de paja y de materiales trenzables.|Fabricación de papel y de los productos de papel.|Fabricación de productos de caucho y plástico.",591689119674.7627,579113100586.6084,161286588346.86618,148710569258.71204,58971111597.250206,59092.48026523313,15848133133.78554,-2816503815.1253862,320979900189.997,320979900189.997,57521791911.06269,10700679919.242277,3109320461.0234675,4350274443.278438,7459594904.301905,5.05,148710569258.71204,442978550416.05066,430402531327.8965,58971111597.250206,11677447841.039644,87718524834.86153,96905671866.36568,420375872865.8982,73891324527.6763,86467343615.83041,0.17577441831740892,0.20569054790500282,102.42947367494128,0.6667309483977053,0.656,2775101244.380449,asignacion_intereses_industria_microdatos_ciu_65_6_exportadora_34_4_mercado_interno,71116223283.29585,83692242371.44997,0.16917294229676746,0.19908907188436137
2022,grupo_subramas_industriales,mercado-interno,mercado_interno,Mercado interno,Subramas industriales de mercado interno,13,14|18|20|21|23|24|25|26 y 27|28|29 y 30|31|32|33,14|18|20|21|23|24|25|26|27|28|29|30|31|32|33,"Fabricación de prendas de vestir.|Actividades de impresión y reproducción de grabaciones.|Fabricación de sustancias y productos químicos.|Fabricación de productos farmacéuticos, sustancias químicas medicinales y de productos botánicos.|Fabricación de otros productos minerales no metálicos.|Fabricación de metales comunes.|Fabricación de productos derivados del metal, excepto maquinaria y equipo.|Fabricación de los productos informáticos, electrónicos y ópticos. Fabricación de equipo eléctrico.|Fabricación de maquinaria y equipo n.c.p.|Fabricación de vehículos automotores, remolques y semirremolques. Fabricación de otros tipos de equipo de transporte.|Fabricación de muebles.|Otras industrias manufactureras.|Reparación e instalación de la maquinaria y equipo.",196186949002.64786,196014049655.19806,60981177017.19006,60808277669.74025,32469332685.627613,28258.025823552514,4329611175.498446,-49153176.10629034,55985423821.92896,55985423821.92896,10133537570.186613,5765233595.326537,1031256471.6577475,795443695.2625962,1826700166.9203439,2.76,60808277669.74025,135378671332.90761,135205771985.4578,32469332685.627613,11764250973.053484,49050243236.56073,60751849518.50922,116799918031.54318,24009333808.614193,24182233156.064007,0.20555950905830422,0.20703981272943456,102.42947367494128,0.22106864267453052,0.344,1455236018.3946254,asignacion_intereses_industria_microdatos_ciu_65_6_exportadora_34_4_mercado_interno,22554097790.219566,22726997137.66938,0.19310028782835761,0.19458059149948795
2022,grupo_subramas_industriales,combustible,combustible,Combustible,Subramas industriales de combustible,1,19,19,Fabricación de coque y de productos de la refinación del petróleo.,99572040783.70886,72094147032.70886,43268284843.70885,15790391092.70885,4169469751.000002,2117,1345697364,164809228,15638153887,15638153887,2031684271,777036211,0,34661910,34661910,3.0778,15790391092.70885,83781649691.00002,56303755940.000015,4169469751.000002,1354691581.974138,27221278085.32069,19648198612.97031,44214123554.29483,10275223977.708849,37753117728.70885,0.23239687121900993,0.85387009158619,102.42947367494128,0.11220040892776423,0,0,sin_asignacion_analitica_intereses_ciu_segmentos_2020_2024,10275223977.708849,37753117728.70885,0.23239687121900993,0.85387009158619
2023,industria_total,industria-total,industria_total,Industria total,Industria manufacturera EAAE,21,10|11 y 12|13|14|15|16|17|18|19|20|21|22|23|24|25|26 y 27|28|29 y 30|31|32|33,10|11|12|13|14|15|16|17|18|19|20|21|22|23|24|25|26|27|28|29|30|31|32|33,"Elaboración de productos alimenticios.|Elaboración de bebidas y elaboración de productos de tabaco|Fabricación de productos textiles.|Fabricación de prendas de vestir.|Fabricación de cueros y productos conexos.|Producción de madera y fabricación de productos de madera y corcho, excepto muebles; fabricación de artículos de paja y de materiales trenzables.|Fabricación de papel y de los productos de papel.|Actividades de impresión y reproducción de grabaciones.|Fabricación de coque y de productos de la refinación del petróleo.|Fabricación de sustancias y productos químicos.|Fabricación de productos farmacéuticos, sustancias químicas medicinales y de productos botánicos.|Fabricación de productos de caucho y plástico.|Fabricación de otros productos minerales no metálicos.|Fabricación de metales comunes.|Fabricación de productos derivados del metal, excepto maquinaria y equipo.|Fabricación de los productos informáticos, electrónicos y ópticos. Fabricación de equipo eléctrico.|Fabricación de maquinaria y equipo n.c.p.|Fabricación de vehículos automotores, remolques y semirremolques. Fabricación de otros tipos de equipo de transporte.|Fabricación de muebles.|Otras industrias manufactureras.|Reparación e instalación de la maquinaria y equipo.",809592502649.1133,767904015950.4683,240127159755.69604,198438673057.05093,104619799861.40639,89501.94139368118,24684323791.27562,-1909039042.8452444,402462792005.25354,402462792005.25354,56457788625.37575,38688155694.244644,3048451859.309,4990645244.984978,8039097104.293978,4.21177081630093,198438673057.05093,611153829592.0624,569465342893.4172,104619799861.40639,24839860577.52562,145106145668.39612,160047916222.2915,572408798251.1753,69134549404.36894,110823036103.01402,0.12077827876788229,0.19360819826948997,144.24548199727823,1,1,5581578925.884683,intereses_industria_total_convertidos_a_pesos_con_tcc,63552970478.48426,105241457177.12933,0.11102724254527786,0.18385716204688551
2023,grupo_subramas_industriales,exportadora,exportadora,Exportadora,Subramas industriales exportadoras,7,10|11 y 12|13|15|16|17|22,10|11|12|13|15|16|17|22,"Elaboración de productos alimenticios.|Elaboración de bebidas y elaboración de productos de tabaco|Fabricación de productos textiles.|Fabricación de cueros y productos conexos.|Producción de madera y fabricación de productos de madera y corcho, excepto muebles; fabricación de artículos de paja y de materiales trenzables.|Fabricación de papel y de los productos de papel.|Fabricación de productos de caucho y plástico.",541138367852.43823,528261526992.3682,143775135108.61694,130898294248.54684,65629622793.72066,60326.614044729366,18381296910.926544,-1888044211.4596753,329092562137.24475,329092562137.24475,42447585387.83812,31467509432.132545,2563263452.1795955,3054180645.6816993,5617444097.861295,5.05,130898294248.54684,410240073603.89136,397363232743.8213,65629622793.72066,12995964909.647655,81235658139.38443,91681753571.79048,423324185186.27686,46887374543.89964,59764215403.96974,0.11075997116315862,0.14117836281352902,144.24548199727823,0.6684083240417233,0.656,3661515775.380352,asignacion_intereses_industria_microdatos_ciu_65_6_exportadora_34_4_mercado_interno,43225858768.51929,56102699628.589386,0.10211053438748947,0.13252892603785987
2023,grupo_subramas_industriales,mercado-interno,mercado_interno,Mercado interno,Subramas industriales de mercado interno,13,14|18|20|21|23|24|25|26 y 27|28|29 y 30|31|32|33,14|18|20|21|23|24|25|26|27|28|29|30|31|32|33,"Fabricación de prendas de vestir.|Actividades de impresión y reproducción de grabaciones.|Fabricación de sustancias y productos químicos.|Fabricación de productos farmacéuticos, sustancias químicas medicinales y de productos botánicos.|Fabricación de otros productos minerales no metálicos.|Fabricación de metales comunes.|Fabricación de productos derivados del metal, excepto maquinaria y equipo.|Fabricación de los productos informáticos, electrónicos y ópticos. Fabricación de equipo eléctrico.|Fabricación de maquinaria y equipo n.c.p.|Fabricación de vehículos automotores, remolques y semirremolques. Fabricación de otros tipos de equipo de transporte.|Fabricación de muebles.|Otras industrias manufactureras.|Reparación e instalación de la maquinaria y equipo.",174135554900.18643,173929000201.6114,54803663327.07915,54597108628.504105,33818235686.68573,27110.327348951814,4962859757.349073,-74394514.38556895,57052451800.008774,57052451800.008774,10967471423.53763,6888687542.112101,475262423.1294043,1883067032.3032787,2358329455.432683,2.76,54597108628.504105,119538446271.68233,119331891573.10728,33818235686.68573,12252983944.451353,43311031257.85592,55489176543.403275,112616467002.31604,15816013184.4693,16022567883.044342,0.1404413901933545,0.1422755331395259,144.24548199727823,0.21509037488660981,0.344,1920063150.5043306,asignacion_intereses_industria_microdatos_ciu_65_6_exportadora_34_4_mercado_interno,13895950033.96497,14102504732.540012,0.12339181297242427,0.12522595591859567
2023,grupo_subramas_industriales,combustible,combustible,Combustible,Subramas industriales de combustible,1,19,19,Fabricación de coque y de productos de la refinación del petróleo.,94318579896.4886,65713488756.4886,41548361319.99998,12943270179.99998,5171941380.999999,2065,1340167123,53399683,16317778068,16317778068,3042731814,331958720,9925984,53397567,63323551,3.0778,12943270179.99998,81375309716.48862,52770218576.488625,5171941380.999999,1680402034.24524,26439440417.33986,18825836622.746323,44437620519.5851,6431161675.999982,35036252815.99998,0.14472335828975272,0.7884367436046303,144.24548199727823,0.11650130107166687,0,0,sin_asignacion_analitica_intereses_ciu_segmentos_2020_2024,6431161675.999982,35036252815.99998,0.14472335828975272,0.7884367436046303
2024,industria_total,industria-total,industria_total,Industria total,Industria manufacturera EAAE,21,10|11 y 12|13|14|15|16|17|18|19|20|21|22|23|24|25|26 y 27|28|29 y 30|31|32|33,10|11|12|13|14|15|16|17|18|19|20|21|22|23|24|25|26|27|28|29|30|31|32|33,"Elaboración de productos alimenticios.|Elaboración de bebidas y elaboración de productos de tabaco|Fabricación de productos textiles.|Fabricación de prendas de vestir.|Fabricación de cueros y productos conexos.|Producción de madera y fabricación de productos de madera y corcho, excepto muebles; fabricación de artículos de paja y de materiales trenzables.|Fabricación de papel y de los productos de papel.|Actividades de impresión y reproducción de grabaciones.|Fabricación de coque y de productos de la refinación del petróleo.|Fabricación de sustancias y productos químicos.|Fabricación de productos farmacéuticos, sustancias químicas medicinales y de productos botánicos.|Fabricación de productos de caucho y plástico.|Fabricación de otros productos minerales no metálicos.|Fabricación de metales comunes.|Fabricación de productos derivados del metal, excepto maquinaria y equipo.|Fabricación de los productos informáticos, electrónicos y ópticos. Fabricación de equipo eléctrico.|Fabricación de maquinaria y equipo n.c.p.|Fabricación de vehículos automotores, remolques y semirremolques. Fabricación de otros tipos de equipo de transporte.|Fabricación de muebles.|Otras industrias manufactureras.|Reparación e instalación de la maquinaria y equipo.",858071607633.1188,812702000296.1151,263970325327.66483,218600717990.66122,112924265631.88719,90863.9271580213,27515759179.244072,-2002949331.6091459,436965957591.82416,436965957591.82416,43801057524.48904,22430814377.730713,2213301432.994582,6190763386.050717,8404064819.0453,4.187587550057161,218600717990.66122,639470889642.4575,594101282305.454,112924265631.88719,26966425007.722107,152706273480.47412,168838391910.8008,616638656080.0204,78160693179.52995,123530300516.53355,0.12675282746041006,0.20032850567918853,140.85945571286717,1,1,5667480200.607211,intereses_industria_total_convertidos_a_pesos_con_tcc,72493212978.92274,117862820315.92635,0.11756190155149046,0.19113757977026896
2024,grupo_subramas_industriales,exportadora,exportadora,Exportadora,Subramas industriales exportadoras,7,10|11 y 12|13|15|16|17|22,10|11|12|13|15|16|17|22,"Elaboración de productos alimenticios.|Elaboración de bebidas y elaboración de productos de tabaco|Fabricación de productos textiles.|Fabricación de cueros y productos conexos.|Producción de madera y fabricación de productos de madera y corcho, excepto muebles; fabricación de artículos de paja y de materiales trenzables.|Fabricación de papel y de los productos de papel.|Fabricación de productos de caucho y plástico.",588543982490.3911,575215783882.8495,172160203558.59753,158832004951.05597,71329885528.89163,61979.24685562489,21292990419.991566,-2033094286.8302596,360833746887.4043,360833746887.4043,28272294830.611797,14512129890.505167,1643704797.0551226,4470040734.679137,6113745531.73426,5.05,158832004951.05597,429711977539.33514,416383778931.7936,71329885528.89163,14124729807.701313,85091480700.85844,96576963259.54163,460049957395.96405,66209129002.17276,79537327609.71432,0.14391725928405358,0.1728884577229875,140.85945571286717,0.6858914538773923,0.656,3717867011.5983305,asignacion_intereses_industria_microdatos_ciu_65_6_exportadora_34_4_mercado_interno,62491261990.57443,75819460598.116,0.13583581736273986,0.16480701580167378
2024,grupo_subramas_industriales,mercado-interno,mercado_interno,Mercado interno,Subramas industriales de mercado interno,13,14|18|20|21|23|24|25|26 y 27|28|29 y 30|31|32|33,14|18|20|21|23|24|25|26|27|28|29|30|31|32|33,"Fabricación de prendas de vestir.|Actividades de impresión y reproducción de grabaciones.|Fabricación de sustancias y productos químicos.|Fabricación de productos farmacéuticos, sustancias químicas medicinales y de productos botánicos.|Fabricación de otros productos minerales no metálicos.|Fabricación de metales comunes.|Fabricación de productos derivados del metal, excepto maquinaria y equipo.|Fabricación de los productos informáticos, electrónicos y ópticos. Fabricación de equipo eléctrico.|Fabricación de maquinaria y equipo n.c.p.|Fabricación de vehículos automotores, remolques y semirremolques. Fabricación de otros tipos de equipo de transporte.|Fabricación de muebles.|Otras industrias manufactureras.|Reparación e instalación de la maquinaria y equipo.",183192986371.3028,183008286592.84073,61441370953.06728,61256671174.60522,35876582163.99555,26760.680302396402,5041099599.252506,-18051356.778886296,59962302437.419846,59962302437.419846,9878586127.87724,4365166136.225543,569596635.9394596,1641769508.3715801,2211366144.3110394,2.76,61256671174.60522,121936315196.69757,121751615418.2355,35876582163.99555,12998761653.621578,44179824346.629555,57111665790.66343,117140888437.67099,20338989411.357155,20523689189.81922,0.17362843736821446,0.17520516929269822,140.85945571286717,0.21349382119356836,0.344,1949613189.0088804,asignacion_intereses_industria_microdatos_ciu_65_6_exportadora_34_4_mercado_interno,18389376222.348274,18574076000.81034,0.15698511824189382,0.15856185016637758
2024,grupo_subramas_industriales,combustible,combustible,Combustible,Subramas industriales de combustible,1,19,19,Fabricación de coque y de productos de la refinación del petróleo.,86334638771.4249,54477929820.4249,30368750816.00001,-1487958134.99999,5717797939.000005,2124,1181669160,48196312,16169908267,16169908267,5650176566,3553518351,0,78953143,78953143,3.0778,-1487958134.99999,87822596906.42488,55965887955.42488,5717797939.000005,1857754870.0370412,28534211744.24098,20041486092.151825,46561874881.278015,-8387425233.999994,23469283717.000008,-0.18013504085447554,0.5040450750069931,140.85945571286717,0.10061472492903943,0,0,sin_asignacion_analitica_intereses_ciu_segmentos_2020_2024,-8387425233.999994,23469283717.000008,-0.18013504085447554,0.5040450750069931
