anno,seccion,seccion_etiqueta,epoca,ciiu_version,vbp_pp,vab_pp,consumo_intermedio,remuneraciones,consumo_capital_fijo,stock_capital,stock_capital_imputado
1989,3,Industrias manufactureras,EIA_1989_1997,Rev.2,3317494000,1294280000,2023214000,461688000,85195000,,781919478.5318462
1989,31,"Productos alimenticios, bebidas y tabaco",EIA_1989_1997,Rev.2,1205606000,426298000,779308000,144974000,27375000,,206324265.91495818
1989,32,"Textiles, prendas de vestir e industrias del cuero",EIA_1989_1997,Rev.2,702345000,245427000,456918000,111388000,22271000,,237711271.90479708
1989,33,"Industria de la madera y productos de madera, incluidos muebles",EIA_1989_1997,Rev.2,34432000,16431000,18001000,8907000,1081000,,11766435.791603535
1989,34,Fabricacion de papel y productos de papel; imprentas y editoriales,EIA_1989_1997,Rev.2,172334000,80788000,91546000,32208000,7327000,,91951355.10537308
1989,35,Fabricacion de sustancias quimicas y productos quimicos; derivados del petroleo y carbon; caucho y plastico,EIA_1989_1997,Rev.2,666067000,271257000,394810000,76159000,11512000,,121919463.74348815
1989,36,"Fabricacion de productos minerales no metalicos, excepto derivados del petroleo y carbon",EIA_1989_1997,Rev.2,91897000,44070000,47827000,19800000,3852000,,56276281.05934288
1989,37,Industrias metalicas basicas,EIA_1989_1997,Rev.2,46498000,21302000,25196000,4563000,2102000,,11832138.527962273
1989,38,"Fabricacion de productos metalicos, maquinaria y equipo",EIA_1989_1997,Rev.2,385245000,181592000,203653000,60090000,9109000,,96352044.27719624
1989,39,Otras industrias manufactureras,EIA_1989_1997,Rev.2,13070000,7115000,5955000,3600000,566000,,4176280.379020937
1990,3,Industrias manufactureras,EIA_1989_1997,Rev.2,6770041000,2786296000,3983745000,918904000,172119000,,1579707714.3661346
1990,31,"Productos alimenticios, bebidas y tabaco",EIA_1989_1997,Rev.2,2341147000,871313000,1469834000,280923000,53966000,,406739555.59330165
1990,32,"Textiles, prendas de vestir e industrias del cuero",EIA_1989_1997,Rev.2,1368373000,507117000,861256000,225240000,37210000,,397163864.5582821
1990,33,"Industria de la madera y productos de madera, incluidos muebles",EIA_1989_1997,Rev.2,76325000,38102000,38223000,16781000,2177000,,23696143.125181217
1990,34,Fabricacion de papel y productos de papel; imprentas y editoriales,EIA_1989_1997,Rev.2,333452000,154500000,178952000,59522000,13377000,,167876795.03815693
1990,35,Fabricacion de sustancias quimicas y productos quimicos; derivados del petroleo y carbon; caucho y plastico,EIA_1989_1997,Rev.2,1577062000,693788000,883274000,154371000,29937000,,317052031.4531623
1990,36,"Fabricacion de productos minerales no metalicos, excepto derivados del petroleo y carbon",EIA_1989_1997,Rev.2,204076000,99246000,104830000,42024000,10168000,,148550681.67481786
1990,37,Industrias metalicas basicas,EIA_1989_1997,Rev.2,73968000,39430000,34538000,9722000,2587000,,14562199.035127688
1990,38,"Fabricacion de productos metalicos, maquinaria y equipo",EIA_1989_1997,Rev.2,764613000,365595000,399018000,122624000,21655000,,229059558.54898283
1990,39,Otras industrias manufactureras,EIA_1989_1997,Rev.2,31024000,17206000,13818000,7697000,1041000,,7681109.319012006
1991,3,Industrias manufactureras,EIA_1989_1997,Rev.2,12958799569,5945713168,7013086401,1890116565,296681580,,2722942735.179344
1991,31,"Productos alimenticios, bebidas y tabaco",EIA_1989_1997,Rev.2,4766219936,2068285648,2697934288,595576537,106012673,,799013221.3482194
1991,32,"Textiles, prendas de vestir e industrias del cuero",EIA_1989_1997,Rev.2,2518436414,1065987195,1452449220,430039279,50787108,,542080195.7274616
1991,33,"Industria de la madera y productos de madera, incluidos muebles",EIA_1989_1997,Rev.2,152040047,78974136,73065911,40215745,3491721,,38006578.12090073
1991,34,Fabricacion de papel y productos de papel; imprentas y editoriales,EIA_1989_1997,Rev.2,693305528,365062259,328243269,133104202,24018638,,301425728.38616186
1991,35,Fabricacion de sustancias quimicas y productos quimicos; derivados del petroleo y carbon; caucho y plastico,EIA_1989_1997,Rev.2,2761541305,1325406315,1436134989,287996445,54317576,,575257968.8817028
1991,36,"Fabricacion de productos minerales no metalicos, excepto derivados del petroleo y carbon",EIA_1989_1997,Rev.2,415163262,204964561,210198701,91535861,15299837,,223524903.21239185
1991,37,Industrias metalicas basicas,EIA_1989_1997,Rev.2,113085755,44866595,68219161,17803576,11656694,,65615422.543323815
1991,38,"Fabricacion de productos metalicos, maquinaria y equipo",EIA_1989_1997,Rev.2,1448029068,754592031,693437036,277752734,28972767,,306464521.77153254
1991,39,Otras industrias manufactureras,EIA_1989_1997,Rev.2,90978254,37574429,53403825,16092185,2124564,,15676280.825396178
1992,3,Industrias manufactureras,EIA_1989_1997,Rev.2,19848941233,8995932233,10853009000,3057805209,429116259,,3938427859.226676
1992,31,"Productos alimenticios, bebidas y tabaco",EIA_1989_1997,Rev.2,7618491851,3322121988,4296369864,995453148,187131332,,1410401267.7475185
1992,32,"Textiles, prendas de vestir e industrias del cuero",EIA_1989_1997,Rev.2,3919445841,1515459464,2403986377,670870130,92530110,,987627414.0178162
1992,33,"Industria de la madera y productos de madera, incluidos muebles",EIA_1989_1997,Rev.2,194452672,103799991,90652681,55627814,3816610,,41542919.98759664
1992,34,Fabricacion de papel y productos de papel; imprentas y editoriales,EIA_1989_1997,Rev.2,1025147555,514685350,510462206,223936995,35353288,,443671726.35874504
1992,35,Fabricacion de sustancias quimicas y productos quimicos; derivados del petroleo y carbon; caucho y plastico,EIA_1989_1997,Rev.2,4057722100,1989926810,2067795290,485352354,46704956,,494635440.38248867
1992,36,"Fabricacion de productos minerales no metalicos, excepto derivados del petroleo y carbon",EIA_1989_1997,Rev.2,628759565,331118823,297640742,158540696,15182859,,221815898.33031505
1992,37,Industrias metalicas basicas,EIA_1989_1997,Rev.2,171510174,68965302,102544872,28371556,6829300,,38442066.43625726
1992,38,"Fabricacion de productos metalicos, maquinaria y equipo",EIA_1989_1997,Rev.2,2032298036,1088769251,943528786,413455094,38070235,,402694584.29720783
1992,39,Otras industrias manufactureras,EIA_1989_1997,Rev.2,201113437,61085255,140028183,26197423,3497570,,25807125.380304344
1993,3,Industrias manufactureras,EIA_1989_1997,Rev.2,25010872076,11712098801,13298773275,4289933313,617528686,,5667676602.330843
1993,31,"Productos alimenticios, bebidas y tabaco",EIA_1989_1997,Rev.2,10649057971,4934813495,5714244476,1422817813,270022874,,2035151461.4903104
1993,32,"Textiles, prendas de vestir e industrias del cuero",EIA_1989_1997,Rev.2,4358461196,1712536271,2645924925,819691576,100281620,,1070363766.2823195
1993,33,"Industria de la madera y productos de madera, incluidos muebles",EIA_1989_1997,Rev.2,295880874,143745412,152135462,77476933,4514067,,49134578.64430749
1993,34,Fabricacion de papel y productos de papel; imprentas y editoriales,EIA_1989_1997,Rev.2,1645479330,829752029,815727300,372814683,37941387,,476151487.5429761
1993,35,Fabricacion de sustancias quimicas y productos quimicos; derivados del petroleo y carbon; caucho y plastico,EIA_1989_1997,Rev.2,4027506826,2028282493,1999224333,686210769,101520616,,1075168438.2929623
1993,36,"Fabricacion de productos minerales no metalicos, excepto derivados del petroleo y carbon",EIA_1989_1997,Rev.2,924782287,481206350,443575937,236806524,20718115,,302683920.7579926
1993,37,Industrias metalicas basicas,EIA_1989_1997,Rev.2,336196265,150854130,185342136,53867321,19956036,,112332341.7797346
1993,38,"Fabricacion de productos metalicos, maquinaria y equipo",EIA_1989_1997,Rev.2,2600486355,1355004795,1245481559,595307084,59676133,,631234757.8337744
1993,39,Otras industrias manufactureras,EIA_1989_1997,Rev.2,173020971,75903825,97117146,24940609,2897837,,21381943.1178461
1994,3,Industrias manufactureras,EIA_1989_1997,Rev.2,33438172964,15742466288,17695706676,5696752921,815200497,,7481907946.629989
1994,31,"Productos alimenticios, bebidas y tabaco",EIA_1989_1997,Rev.2,15441069691,7008292974,8432776717,2091667275,319473539,,2407859120.1252513
1994,32,"Textiles, prendas de vestir e industrias del cuero",EIA_1989_1997,Rev.2,5679629057,2428435185,3251193871,1004841612,141180045,,1506896325.469287
1994,33,"Industria de la madera y productos de madera, incluidos muebles",EIA_1989_1997,Rev.2,374709961,204450223,170259738,81911712,3199188,,34822423.85501251
1994,34,Fabricacion de papel y productos de papel; imprentas y editoriales,EIA_1989_1997,Rev.2,2027471372,1088743293,938728079,451872056,60463572,,758797240.3318266
1994,35,Fabricacion de sustancias quimicas y productos quimicos; derivados del petroleo y carbon; caucho y plastico,EIA_1989_1997,Rev.2,4666621784,2315011927,2351609856,896872408,142874814,,1513135919.504049
1994,36,"Fabricacion de productos minerales no metalicos, excepto derivados del petroleo y carbon",EIA_1989_1997,Rev.2,1292588608,642407027,650181581,337470445,48150162,,703455880.0012698
1994,37,Industrias metalicas basicas,EIA_1989_1997,Rev.2,506274321,249193667,257080655,72964375,13572617,,76400135.3620246
1994,38,"Fabricacion de productos metalicos, maquinaria y equipo",EIA_1989_1997,Rev.2,3240555242,1702629146,1537926096,725814748,77826663,,823225170.6359019
1994,39,Otras industrias manufactureras,EIA_1989_1997,Rev.2,209252929,103302844,105950084,33338290,8459896,,62422080.69497828
1995,3,Industrias manufactureras,EIA_1989_1997,Rev.2,48120069436,23237410469,24882658966,7288518323,1080618302,,9917911839.800566
1995,31,"Productos alimenticios, bebidas y tabaco",EIA_1989_1997,Rev.2,21265862548,9351609645,11914252903,2665260090,452078614,,3407298197.969013
1995,32,"Textiles, prendas de vestir e industrias del cuero",EIA_1989_1997,Rev.2,7233557730,2939290127,4294267603,1175847329,160097444,,1708812673.070227
1995,33,"Industria de la madera y productos de madera, incluidos muebles",EIA_1989_1997,Rev.2,425172908,208914915,216257993,103689771,5080497,,55300038.61233523
1995,34,Fabricacion de papel y productos de papel; imprentas y editoriales,EIA_1989_1997,Rev.2,2699786556,1472987930,1226798625,610898446,85508443,,1073101843.4284909
1995,35,Fabricacion de sustancias quimicas y productos quimicos; derivados del petroleo y carbon; caucho y plastico,EIA_1989_1997,Rev.2,10349445925,5980778976,4368666949,1300260782,228262514,,2417446429.7794003
1995,36,"Fabricacion de productos minerales no metalicos, excepto derivados del petroleo y carbon",EIA_1989_1997,Rev.2,1454008160,814076160,639931999,373948073,40191691,,587185591.6319475
1995,37,Industrias metalicas basicas,EIA_1989_1997,Rev.2,776268296,359693044,416575252,97482866,22457420,,126412609.14397265
1995,38,"Fabricacion de productos metalicos, maquinaria y equipo",EIA_1989_1997,Rev.2,3621845783,1982323920,1639521863,906947707,83904283,,887512261.5723355
1995,39,Otras industrias manufactureras,EIA_1989_1997,Rev.2,294121531,127735752,166385779,54183259,3037396,,22411691.374764446
1996,3,Industrias manufactureras,EIA_1989_1997,Rev.2,63375898361,29932045893,33443852468,8633385267,1304103136,,11969055039.061745
1996,31,"Productos alimenticios, bebidas y tabaco",EIA_1989_1997,Rev.2,28873722916,12085463548,16788259368,3315015693,546232588,,4116932885.4037547
1996,32,"Textiles, prendas de vestir e industrias del cuero",EIA_1989_1997,Rev.2,9077051037,3532170457,5544880580,1318625822,197003817,,2102735750.9393332
1996,33,"Industria de la madera y productos de madera, incluidos muebles",EIA_1989_1997,Rev.2,510623006,228150696,282472311,130487105,6019654,,65522546.04872283
1996,34,Fabricacion de papel y productos de papel; imprentas y editoriales,EIA_1989_1997,Rev.2,3657097536,1987203276,1669894259,747370792,108880343,,1366411230.1334546
1996,35,Fabricacion de sustancias quimicas y productos quimicos; derivados del petroleo y carbon; caucho y plastico,EIA_1989_1997,Rev.2,14257760139,8402291613,5855468525,1532333987,270394855,,2863654944.4578037
1996,36,"Fabricacion de productos minerales no metalicos, excepto derivados del petroleo y carbon",EIA_1989_1997,Rev.2,1848757085,987166313,861590772,461734354,50277491,,734535362.0131314
1996,37,Industrias metalicas basicas,EIA_1989_1997,Rev.2,1142956827,538379636,604577191,127410012,36117961,,203307667.88750657
1996,38,"Fabricacion de productos metalicos, maquinaria y equipo",EIA_1989_1997,Rev.2,3708896635,2043798275,1665098361,950712232,86508967,,915063763.1747183
1996,39,Otras industrias manufactureras,EIA_1989_1997,Rev.2,299033179,127422079,171611101,49695270,2667459,,19682078.946188707
1997,3,Industrias manufactureras,EIA_1989_1997,Rev.2,71931013992.1441,29217646964.8616,42713367027.2825,10355742880.732601,2084478214.1007,19131335385.651897,19131335385.651897
1997,31,"Productos alimenticios, bebidas y tabaco",EIA_1989_1997,Rev.2,32796823342.650097,11133502207.548203,21663321135.1019,4036687934.392,1099549274.3283997,8287258332.8998,8287258332.8998
1997,32,"Textiles, prendas de vestir e industrias del cuero",EIA_1989_1997,Rev.2,10403310105.961798,3561188717.3505006,6842121388.611302,1514359647.539,231067053.42650002,2466312386.7499,2466312386.7499
1997,33,"Industria de la madera y productos de madera, incluidos muebles",EIA_1989_1997,Rev.2,494821000.6764,241225184.04009998,253595816.6363,128486975.56470001,10209849.0033,111131852.67279999,111131852.67279999
1997,34,Fabricacion de papel y productos de papel; imprentas y editoriales,EIA_1989_1997,Rev.2,3624370806.1842003,1662755908.9464,1961614897.2378,809900008.8266,155925456.6544,1956811387.3067,1956811387.3067
1997,35,Fabricacion de sustancias quimicas y productos quimicos; derivados del petroleo y carbon; caucho y plastico,EIA_1989_1997,Rev.2,16340186631.665098,8816592994.314499,7523593637.3506,1952227112.2905,342542048.9148,3627740002.8916,3627740002.8916
1997,36,"Fabricacion de productos minerales no metalicos, excepto derivados del petroleo y carbon",EIA_1989_1997,Rev.2,2088483471.8184998,1099405137.4568,989078334.3617,522064513.86289996,76913770.68479998,1123681458.0456,1123681458.0456
1997,37,Industrias metalicas basicas,EIA_1989_1997,Rev.2,1601470094.9637,626048908.6124998,975421186.3512,155441819.6824,42075571.19900001,236843000.5089,236843000.5089
1997,38,"Fabricacion de productos metalicos, maquinaria y equipo",EIA_1989_1997,Rev.2,4314006667.979199,1940632050.1842997,2373374617.7949004,1161828263.4147,122039387.4086,1290893013.4104,1290893013.4104
1997,39,Otras industrias manufactureras,EIA_1989_1997,Rev.2,267541870.24509996,136295856.40829998,131246013.83679998,74746605.15979998,4155802.4809,30663951.1662,30663951.1662
