anno,seccion,grupo_rev4_homologado,descripcion_grupo_rev4_homologado,seccion_rev4_homologada,incluir_sector_industrial_rev4,ciiu_version_fuente,seccion_fuente,epoca,codigos_fuente_incluidos,divisiones_publicadas_incluidas,n_filas_fuente,tipo_homologacion,calidad_homologacion,notas_homologacion,vbp_pp,vbp_pb,vab_pp,vab_pb,remuneraciones,puestos_trabajo
2001,C,10_11_12_alimentos_bebidas_tabaco,Alimentos bebidas y tabaco,C,si,Rev.3,D,1,15|16,15-16,1,grupo_compatible_rev4,media,Rev3 15 se abre en Rev4 10 y 11; se agrega con tabaco por restricciones publicadas en 2001 y en varios anos Rev4. | Rev3 16 corresponde a Rev4 12; se agrega con alimentos y bebidas por compatibilidad larga.,36886440000.0,,11830027000.0,,4509215000.0,41475.0
2001,C,13_14_15_textiles_prendas_cuero,Textiles prendas y cuero,C,si,Rev.3,D,1,17|18|19,17-18-19,1,grupo_compatible_rev4,media,Rev3 17-19 se agregan por la publicacion agrupada de 2001.,9732813000.0,,2687161000.0,,1332167000.0,15813.0
2001,C,16_madera,Madera y productos de madera,C,si,Rev.3,D,1,20,20,1,uno_a_uno_aproximado,baja,Correspondencia principal Rev3 20 a Rev4 16.,738710000.0,,220869000.0,,127850000.0,2090.0
2001,C,17_18_papel_impresion,Papel impresion y reproduccion,C,si,Rev.3,D,1,21|22,21-22,1,grupo_compatible_rev4|parcial_con_cambio_de_seccion,alta,Rev3 22 incluye edicion/publicacion que en Rev4 pasa fuera de manufactura; se mantiene grupo con advertencia.,5172759000.0,,2193158000.0,,1086568000.0,7860.0
2001,C,19_refinacion,Coque y refinacion de petroleo,C,si,Rev.3,D,1,23,23,1,uno_a_uno_aproximado,media,Correspondencia principal Rev3 23 a Rev4 19.,13822409000.0,,6963494000.0,,260236000.0,956.0
2001,C,20_21_22_quimicos_farma_caucho_plastico,Quimicos farmaceuticos caucho y plastico,C,si,Rev.3,D,1,24|25,24-25,1,grupo_compatible_rev4,alta,Rev3 24 se abre en Rev4 20 y 21; se agrega con caucho y plastico por restricciones publicadas en 2001. | Rev3 25 corresponde a Rev4 22; se agrega con quimicos/farmaceuticos por compatibilidad larga.,9384685000.0,,3338759000.0,,1696349000.0,9542.0
2001,C,23_24_minerales_metales,Minerales no metalicos y metales comunes,C,si,Rev.3,D,1,26|27,26-27,1,grupo_compatible_rev4,media,Rev3 26-27 se agregan por la publicacion agrupada de 2001.,2543878000.0,,963448000.0,,592571000.0,4463.0
2001,C,25_26_27_28_33_metal_equipos_reparacion,Productos de metal equipos y reparacion,C,si,Rev.3,D,1,28|29|30|31|32|33,28-29-30|31-32-33,2,grupo_compatible_rev4,alta,Rev3 30 y Rev3 32-33 convergen parcialmente en Rev4 26; se usa grupo amplio. | Rev4 33 reparacion e instalacion puede provenir de varias divisiones Rev3; se agrega con metal/equipos.,4479666000.0,,1548339000.0,,925341000.0,9515.0
2001,C,29_30_vehiculos_transporte,Vehiculos y otros equipos de transporte,C,si,Rev.3,D,1,34|35,34-35,1,grupo_compatible_rev4,media,Rev3 34-35 se agregan por la publicacion agrupada de 2001.,2591127000.0,,630961000.0,,305833000.0,2509.0
2001,C,31_32_muebles_otras_manufacturas,Muebles y otras manufacturas,C,si,Rev.3,D,1,36,36,1,grupo_compatible_rev4,media,Rev3 36 se abre en Rev4 31 y 32; se mantiene agregado.,1078655000.0,,389024000.0,,227199000.0,2735.0
2002,C,10_11_12_alimentos_bebidas_tabaco,Alimentos bebidas y tabaco,C,si,Rev.3,D,2,15|16,15|16,2,grupo_compatible_rev4,media,Rev3 15 se abre en Rev4 10 y 11; se agrega con tabaco por restricciones publicadas en 2001 y en varios anos Rev4.|Rev3 16 corresponde a Rev4 12; se agrega con alimentos y bebidas por compatibilidad larga.,46446431795.0,,15075498763.0,,3999322788.0,34768.0
2002,C,13_14_15_textiles_prendas_cuero,Textiles prendas y cuero,C,si,Rev.3,D,2,17|18|19,17|18|19,3,grupo_compatible_rev4,media,Rev3 17-19 se agregan por la publicacion agrupada de 2001.,14781830140.0,,3884150476.0,,1160592876.0,12244.0
2002,C,16_madera,Madera y productos de madera,C,si,Rev.3,D,2,20,20,1,uno_a_uno_aproximado,baja,Correspondencia principal Rev3 20 a Rev4 16.,880283267.0,,398336839.0,,108061813.0,1502.0
2002,C,17_18_papel_impresion,Papel impresion y reproduccion,C,si,Rev.3,D,2,21|22,21|22,2,grupo_compatible_rev4|parcial_con_cambio_de_seccion,alta,Rev3 22 incluye edicion/publicacion que en Rev4 pasa fuera de manufactura; se mantiene grupo con advertencia.,5317568213.0,,2206102064.0,,897454109.0,5466.0
2002,C,19_refinacion,Coque y refinacion de petroleo,C,si,Rev.3,D,2,23,23,1,uno_a_uno_aproximado,media,Correspondencia principal Rev3 23 a Rev4 19.,16661607730.0,,10240536350.0,,210195676.0,890.0
2002,C,20_21_22_quimicos_farma_caucho_plastico,Quimicos farmaceuticos caucho y plastico,C,si,Rev.3,D,2,24|25,24|25,2,grupo_compatible_rev4,alta,Rev3 24 se abre en Rev4 20 y 21; se agrega con caucho y plastico por restricciones publicadas en 2001.|Rev3 25 corresponde a Rev4 22; se agrega con quimicos/farmaceuticos por compatibilidad larga.,11539961981.0,,4271371028.0,,1554242318.0,8322.0
2002,C,23_24_minerales_metales,Minerales no metalicos y metales comunes,C,si,Rev.3,D,2,26|27,26|27,2,grupo_compatible_rev4,media,Rev3 26-27 se agregan por la publicacion agrupada de 2001.,2397195835.0,,861792106.0,,412971915.0,2998.0
2002,C,25_26_27_28_33_metal_equipos_reparacion,Productos de metal equipos y reparacion,C,si,Rev.3,D,2,28|29|30|31|32|33,28|29|30|31|32|33,6,grupo_compatible_rev4,alta,Rev3 30 y Rev3 32-33 convergen parcialmente en Rev4 26; se usa grupo amplio.|Rev4 33 reparacion e instalacion puede provenir de varias divisiones Rev3; se agrega con metal/equipos.,3511601124.0,,1458342586.0,,662671499.0,6706.0
2002,C,29_30_vehiculos_transporte,Vehiculos y otros equipos de transporte,C,si,Rev.3,D,2,34|35,34|35,2,grupo_compatible_rev4,media,Rev3 34-35 se agregan por la publicacion agrupada de 2001.,2469058195.0,,707263257.0,,272352509.0,1867.0
2002,C,31_32_muebles_otras_manufacturas,Muebles y otras manufacturas,C,si,Rev.3,D,2,36,36,1,grupo_compatible_rev4,media,Rev3 36 se abre en Rev4 31 y 32; se mantiene agregado.,924595825.0,,276514662.0,,142651665.0,1783.0
2002,C,38_recuperacion_materiales_fuera_c,Recuperacion de materiales fuera de manufactura Rev4,E,no,Rev.3,D,2,37,37,1,salida_de_manufactura_rev4,alta,Rev3 reciclado sale de manufactura en Rev4; se conserva trazabilidad pero no integra C Rev4.,4749341.0,,1598653.0,,561187.0,29.0
2003,C,10_11_12_alimentos_bebidas_tabaco,Alimentos bebidas y tabaco,C,si,Rev.3,D,2,15|16,15|16,2,grupo_compatible_rev4,media,Rev3 15 se abre en Rev4 10 y 11; se agrega con tabaco por restricciones publicadas en 2001 y en varios anos Rev4.|Rev3 16 corresponde a Rev4 12; se agrega con alimentos y bebidas por compatibilidad larga.,63158444847.0,,16188607774.0,,4622224490.0,37385.0
2003,C,13_14_15_textiles_prendas_cuero,Textiles prendas y cuero,C,si,Rev.3,D,2,17|18|19,17|18|19,3,grupo_compatible_rev4,media,Rev3 17-19 se agregan por la publicacion agrupada de 2001.,19385164811.0,,4923021598.0,,1476100719.0,14528.0
2003,C,16_madera,Madera y productos de madera,C,si,Rev.3,D,2,20,20,1,uno_a_uno_aproximado,baja,Correspondencia principal Rev3 20 a Rev4 16.,2619292753.0,,949273708.0,,145081236.0,1810.0
2003,C,17_18_papel_impresion,Papel impresion y reproduccion,C,si,Rev.3,D,2,21|22,21|22,2,grupo_compatible_rev4|parcial_con_cambio_de_seccion,alta,Rev3 22 incluye edicion/publicacion que en Rev4 pasa fuera de manufactura; se mantiene grupo con advertencia.,6370072324.0,,2492058992.0,,924424967.0,6047.0
2003,C,19_refinacion,Coque y refinacion de petroleo,C,si,Rev.3,D,2,23,23,1,uno_a_uno_aproximado,media,Correspondencia principal Rev3 23 a Rev4 19.,20621189349.0,,7353007136.0,,275503878.0,840.0
2003,C,20_21_22_quimicos_farma_caucho_plastico,Quimicos farmaceuticos caucho y plastico,C,si,Rev.3,D,2,24|25,24|25,2,grupo_compatible_rev4,alta,Rev3 24 se abre en Rev4 20 y 21; se agrega con caucho y plastico por restricciones publicadas en 2001.|Rev3 25 corresponde a Rev4 22; se agrega con quimicos/farmaceuticos por compatibilidad larga.,15401769005.0,,5338389312.0,,1762307462.0,8737.0
2003,C,23_24_minerales_metales,Minerales no metalicos y metales comunes,C,si,Rev.3,D,2,26|27,26|27,2,grupo_compatible_rev4,media,Rev3 26-27 se agregan por la publicacion agrupada de 2001.,3637285170.0,,1302480782.0,,538997433.0,3346.0
2003,C,25_26_27_28_33_metal_equipos_reparacion,Productos de metal equipos y reparacion,C,si,Rev.3,D,2,28|29|30|31|32|33,28|29|30|31|32|33,6,grupo_compatible_rev4,alta,Rev3 30 y Rev3 32-33 convergen parcialmente en Rev4 26; se usa grupo amplio.|Rev4 33 reparacion e instalacion puede provenir de varias divisiones Rev3; se agrega con metal/equipos.,4759036717.0,,1849494931.0,,730378023.0,7101.0
2003,C,29_30_vehiculos_transporte,Vehiculos y otros equipos de transporte,C,si,Rev.3,D,2,34|35,34|35,2,grupo_compatible_rev4,media,Rev3 34-35 se agregan por la publicacion agrupada de 2001.,2179364425.0,,694662070.0,,255765434.0,1787.0
2003,C,31_32_muebles_otras_manufacturas,Muebles y otras manufacturas,C,si,Rev.3,D,2,36,36,1,grupo_compatible_rev4,media,Rev3 36 se abre en Rev4 31 y 32; se mantiene agregado.,1213990202.0,,404919962.0,,147404525.0,1746.0
2003,C,38_recuperacion_materiales_fuera_c,Recuperacion de materiales fuera de manufactura Rev4,E,no,Rev.3,D,2,37,37,1,salida_de_manufactura_rev4,alta,Rev3 reciclado sale de manufactura en Rev4; se conserva trazabilidad pero no integra C Rev4.,4336697.0,,1445709.0,,601459.0,29.0
2004,C,10_11_12_alimentos_bebidas_tabaco,Alimentos bebidas y tabaco,C,si,Rev.3,D,2,15|16,15|16,2,grupo_compatible_rev4,media,Rev3 15 se abre en Rev4 10 y 11; se agrega con tabaco por restricciones publicadas en 2001 y en varios anos Rev4.|Rev3 16 corresponde a Rev4 12; se agrega con alimentos y bebidas por compatibilidad larga.,79535592449.0,,20302619269.0,,4976726147.0,38569.0
2004,C,13_14_15_textiles_prendas_cuero,Textiles prendas y cuero,C,si,Rev.3,D,2,17|18|19,17|18|19,3,grupo_compatible_rev4,media,Rev3 17-19 se agregan por la publicacion agrupada de 2001.,20005845197.0,,5240342595.0,,1636739633.0,15655.0
2004,C,16_madera,Madera y productos de madera,C,si,Rev.3,D,2,20,20,1,uno_a_uno_aproximado,baja,Correspondencia principal Rev3 20 a Rev4 16.,3421375010.0,,834966476.0,,180506962.0,2151.0
2004,C,17_18_papel_impresion,Papel impresion y reproduccion,C,si,Rev.3,D,2,21|22,21|22,2,grupo_compatible_rev4|parcial_con_cambio_de_seccion,alta,Rev3 22 incluye edicion/publicacion que en Rev4 pasa fuera de manufactura; se mantiene grupo con advertencia.,7373903876.0,,2562378181.0,,989966309.0,6547.0
2004,C,19_refinacion,Coque y refinacion de petroleo,C,si,Rev.3,D,2,23,23,1,uno_a_uno_aproximado,media,Correspondencia principal Rev3 23 a Rev4 19.,33235018744.0,,11804301261.0,,361068168.0,940.0
2004,C,20_21_22_quimicos_farma_caucho_plastico,Quimicos farmaceuticos caucho y plastico,C,si,Rev.3,D,2,24|25,24|25,2,grupo_compatible_rev4,alta,Rev3 24 se abre en Rev4 20 y 21; se agrega con caucho y plastico por restricciones publicadas en 2001.|Rev3 25 corresponde a Rev4 22; se agrega con quimicos/farmaceuticos por compatibilidad larga.,19058080481.0,,5961813794.0,,2026419107.0,9720.0
2004,C,23_24_minerales_metales,Minerales no metalicos y metales comunes,C,si,Rev.3,D,2,26|27,26|27,2,grupo_compatible_rev4,media,Rev3 26-27 se agregan por la publicacion agrupada de 2001.,5108493625.0,,2178654312.0,,616285016.0,3689.0
2004,C,25_26_27_28_33_metal_equipos_reparacion,Productos de metal equipos y reparacion,C,si,Rev.3,D,2,28|29|31|32|33,28|29|31|32|33,5,grupo_compatible_rev4,alta,Rev3 30 y Rev3 32-33 convergen parcialmente en Rev4 26; se usa grupo amplio.|Rev4 33 reparacion e instalacion puede provenir de varias divisiones Rev3; se agrega con metal/equipos.,6345727939.0,,2300573588.0,,834292348.0,6800.0
2004,C,29_30_vehiculos_transporte,Vehiculos y otros equipos de transporte,C,si,Rev.3,D,2,34|35,34|35,2,grupo_compatible_rev4,media,Rev3 34-35 se agregan por la publicacion agrupada de 2001.,3136680584.0,,840197992.0,,320467014.0,2220.0
2004,C,31_32_muebles_otras_manufacturas,Muebles y otras manufacturas,C,si,Rev.3,D,2,36,36,1,grupo_compatible_rev4,media,Rev3 36 se abre en Rev4 31 y 32; se mantiene agregado.,1785363327.0,,593976836.0,,196519307.0,2344.0
2004,C,38_recuperacion_materiales_fuera_c,Recuperacion de materiales fuera de manufactura Rev4,E,no,Rev.3,D,2,37,37,1,salida_de_manufactura_rev4,alta,Rev3 reciclado sale de manufactura en Rev4; se conserva trazabilidad pero no integra C Rev4.,4368293.0,,1229431.0,,445346.0,18.0
2005,C,10_11_12_alimentos_bebidas_tabaco,Alimentos bebidas y tabaco,C,si,Rev.3,D,2,15|16,15|16,2,grupo_compatible_rev4,media,Rev3 15 se abre en Rev4 10 y 11; se agrega con tabaco por restricciones publicadas en 2001 y en varios anos Rev4.|Rev3 16 corresponde a Rev4 12; se agrega con alimentos y bebidas por compatibilidad larga.,81023848046.0,,21338275858.0,,5938940238.0,43924.0
2005,C,13_14_15_textiles_prendas_cuero,Textiles prendas y cuero,C,si,Rev.3,D,2,17|18|19,17|18|19,3,grupo_compatible_rev4,media,Rev3 17-19 se agregan por la publicacion agrupada de 2001.,18048715158.0,,4633708027.0,,1968221778.0,19339.0
2005,C,16_madera,Madera y productos de madera,C,si,Rev.3,D,2,20,20,1,uno_a_uno_aproximado,baja,Correspondencia principal Rev3 20 a Rev4 16.,3477371580.0,,788719262.0,,254903103.0,2637.0
2005,C,17_18_papel_impresion,Papel impresion y reproduccion,C,si,Rev.3,D,2,21|22,21|22,2,grupo_compatible_rev4|parcial_con_cambio_de_seccion,alta,Rev3 22 incluye edicion/publicacion que en Rev4 pasa fuera de manufactura; se mantiene grupo con advertencia.,7655893734.0,,2821648979.0,,1189170828.0,7148.0
2005,C,19_refinacion,Coque y refinacion de petroleo,C,si,Rev.3,D,2,23,23,1,uno_a_uno_aproximado,media,Correspondencia principal Rev3 23 a Rev4 19.,35220904774.0,,11095635900.0,,447888275.0,865.0
2005,C,20_21_22_quimicos_farma_caucho_plastico,Quimicos farmaceuticos caucho y plastico,C,si,Rev.3,D,2,24|25,24|25,2,grupo_compatible_rev4,alta,Rev3 24 se abre en Rev4 20 y 21; se agrega con caucho y plastico por restricciones publicadas en 2001.|Rev3 25 corresponde a Rev4 22; se agrega con quimicos/farmaceuticos por compatibilidad larga.,20030028297.0,,6113057297.0,,2310824188.0,10744.0
2005,C,23_24_minerales_metales,Minerales no metalicos y metales comunes,C,si,Rev.3,D,2,26|27,26|27,2,grupo_compatible_rev4,media,Rev3 26-27 se agregan por la publicacion agrupada de 2001.,6220101783.0,,2741841553.0,,733607736.0,4179.0
2005,C,25_26_27_28_33_metal_equipos_reparacion,Productos de metal equipos y reparacion,C,si,Rev.3,D,2,28|29|30|31|32|33,28|29|30|31|32|33,6,grupo_compatible_rev4,alta,Rev3 30 y Rev3 32-33 convergen parcialmente en Rev4 26; se usa grupo amplio.|Rev4 33 reparacion e instalacion puede provenir de varias divisiones Rev3; se agrega con metal/equipos.,7657664806.0,,2847084932.0,,1155796497.0,8603.0
2005,C,29_30_vehiculos_transporte,Vehiculos y otros equipos de transporte,C,si,Rev.3,D,2,34|35,34|35,2,grupo_compatible_rev4,media,Rev3 34-35 se agregan por la publicacion agrupada de 2001.,3688965329.0,,1103103255.0,,362144814.0,2344.0
2005,C,31_32_muebles_otras_manufacturas,Muebles y otras manufacturas,C,si,Rev.3,D,2,36,36,1,grupo_compatible_rev4,media,Rev3 36 se abre en Rev4 31 y 32; se mantiene agregado.,1781756856.0,,494188627.0,,244067303.0,2508.0
2005,C,38_recuperacion_materiales_fuera_c,Recuperacion de materiales fuera de manufactura Rev4,E,no,Rev.3,D,2,37,37,1,salida_de_manufactura_rev4,alta,Rev3 reciclado sale de manufactura en Rev4; se conserva trazabilidad pero no integra C Rev4.,57211380.0,,14497016.0,,9668639.0,123.0
2006,C,10_11_12_alimentos_bebidas_tabaco,Alimentos bebidas y tabaco,C,si,Rev.3,D,3,15|16,1511|1512|1513|1514|1520|1531|1533|1534|1541|1542|1543|1544|1549|1551|1552|1553|1554|1600,18,grupo_compatible_rev4,media,Rev3 15 se abre en Rev4 10 y 11; se agrega con tabaco por restricciones publicadas en 2001 y en varios anos Rev4.|Rev3 16 corresponde a Rev4 12; se agrega con alimentos y bebidas por compatibilidad larga.,85597285813.39565,,23669718734.06146,,6313874432.229193,31563.17157490397
2006,C,13_14_15_textiles_prendas_cuero,Textiles prendas y cuero,C,si,Rev.3,D,3,17|18|19,1711|1712|1713|1720|1730|1810|1911|1912|1920,9,grupo_compatible_rev4,media,Rev3 17-19 se agregan por la publicacion agrupada de 2001.,16492639446.23,,3309592898.74,,1569497909.0849998,10154.405
2006,C,16_madera,Madera y productos de madera,C,si,Rev.3,D,3,20,2010|2021,2,uno_a_uno_aproximado,baja,Correspondencia principal Rev3 20 a Rev4 16.,4401708971.0,,1449551024.0000002,,295392114.0,1552.0
2006,C,17_18_papel_impresion,Papel impresion y reproduccion,C,si,Rev.3,D,3,21|22,2101|2102|2109|2211|2212,5,grupo_compatible_rev4|parcial_con_cambio_de_seccion,alta,Rev3 22 incluye edicion/publicacion que en Rev4 pasa fuera de manufactura; se mantiene grupo con advertencia.,6555170526.0,,2701979064.0,,953522487.0000001,3746.0
2006,C,19_refinacion,Coque y refinacion de petroleo,C,si,Rev.3,D,3,23,2320,1,uno_a_uno_aproximado,media,Correspondencia principal Rev3 23 a Rev4 19.,33627383326.0,,10965325129.0,,490441095.0,882.0
2006,C,20_21_22_quimicos_farma_caucho_plastico,Quimicos farmaceuticos caucho y plastico,C,si,Rev.3,D,3,24|25,2411|2412|2413|2421|2422|2423|2424|2429|2511|2519|2520,11,grupo_compatible_rev4,alta,Rev3 24 se abre en Rev4 20 y 21; se agrega con caucho y plastico por restricciones publicadas en 2001.|Rev3 25 corresponde a Rev4 22; se agrega con quimicos/farmaceuticos por compatibilidad larga.,18859063772.316666,,5138176452.723333,,2209499012.9266663,6743.55
2006,C,23_24_minerales_metales,Minerales no metalicos y metales comunes,C,si,Rev.3,D,3,26|27,2610|2691|2694|2695|2699|2700,6,grupo_compatible_rev4,media,Rev3 26-27 se agregan por la publicacion agrupada de 2001.,8121570114.61111,,3431273775.8333335,,928176308.4444444,3154.8333333333335
2006,C,25_26_27_28_33_metal_equipos_reparacion,Productos de metal equipos y reparacion,C,si,Rev.3,D,3,28|29|30|31|32|33,2811|2812|2890|2910|2920|2930|3000|3100|3200|3300,10,grupo_compatible_rev4,alta,Rev3 30 y Rev3 32-33 convergen parcialmente en Rev4 26; se usa grupo amplio.|Rev4 33 reparacion e instalacion puede provenir de varias divisiones Rev3; se agrega con metal/equipos.,5188763973.196428,,1648431350.9642856,,707705757.1071428,3525.892857142857
2006,C,29_30_vehiculos_transporte,Vehiculos y otros equipos de transporte,C,si,Rev.3,D,3,34|35,3400|3510|3590,3,grupo_compatible_rev4,media,Rev3 34-35 se agregan por la publicacion agrupada de 2001.,4978143265.375,,1477828259.75,,378510303.0,1649.0
2006,C,31_32_muebles_otras_manufacturas,Muebles y otras manufacturas,C,si,Rev.3,D,3,36,3610|3699,2,grupo_compatible_rev4,media,Rev3 36 se abre en Rev4 31 y 32; se mantiene agregado.,1167954007.0,,209828990.0,,125191509.0,862.0
2006,C,38_recuperacion_materiales_fuera_c,Recuperacion de materiales fuera de manufactura Rev4,E,no,Rev.3,D,3,37,3700,1,salida_de_manufactura_rev4,alta,Rev3 reciclado sale de manufactura en Rev4; se conserva trazabilidad pero no integra C Rev4.,49914530.0,,15822020.0,,10500091.0,96.0
2007,C,10_11_12_alimentos_bebidas_tabaco,Alimentos bebidas y tabaco,C,si,Rev.3,D,3,15|16,1511|1512|1513|1514|1520|1531|1533|1534|1541|1542|1543|1544|1549|1551|1552|1553|1554|1600,18,grupo_compatible_rev4,media,Rev3 15 se abre en Rev4 10 y 11; se agrega con tabaco por restricciones publicadas en 2001 y en varios anos Rev4.|Rev3 16 corresponde a Rev4 12; se agrega con alimentos y bebidas por compatibilidad larga.,102706668228.53448,,29768245445.92652,,7508686984.670593,42333.656322023046
2007,C,13_14_15_textiles_prendas_cuero,Textiles prendas y cuero,C,si,Rev.3,D,3,17|18|19,1711|1712|1713|1720|1730|1810|1911|1912|1920,9,grupo_compatible_rev4,media,Rev3 17-19 se agregan por la publicacion agrupada de 2001.,21639907542.228333,,5038127986.331666,,2484155503.7316666,16398.651666666665
2007,C,16_madera,Madera y productos de madera,C,si,Rev.3,D,3,20,2010|2021|2029,3,uno_a_uno_aproximado,baja,Correspondencia principal Rev3 20 a Rev4 16.,4563134545.333333,,1369603741.5,,450376066.5,3257.833333333333
2007,C,17_18_papel_impresion,Papel impresion y reproduccion,C,si,Rev.3,D,3,21|22,2101|2102|2109|2211|2212,5,grupo_compatible_rev4|parcial_con_cambio_de_seccion,alta,Rev3 22 incluye edicion/publicacion que en Rev4 pasa fuera de manufactura; se mantiene grupo con advertencia.,10026049059.166666,,4147076261.6666665,,1705751068.125,6849.875
2007,C,19_refinacion,Coque y refinacion de petroleo,C,si,Rev.3,D,3,23,2320,1,uno_a_uno_aproximado,media,Correspondencia principal Rev3 23 a Rev4 19.,36265009558.0,,12148763185.0,,581189657.0,939.0
2007,C,20_21_22_quimicos_farma_caucho_plastico,Quimicos farmaceuticos caucho y plastico,C,si,Rev.3,D,3,24|25,2411|2412|2413|2421|2422|2423|2424|2429|2511|2519|2520,11,grupo_compatible_rev4,alta,Rev3 24 se abre en Rev4 20 y 21; se agrega con caucho y plastico por restricciones publicadas en 2001.|Rev3 25 corresponde a Rev4 22; se agrega con quimicos/farmaceuticos por compatibilidad larga.,27501513692.251667,,7397878821.8,,3249822315.5499997,11268.601666666666
2007,C,23_24_minerales_metales,Minerales no metalicos y metales comunes,C,si,Rev.3,D,3,26|27,2610|2691|2692|2694|2695|2699|2700,7,grupo_compatible_rev4,media,Rev3 26-27 se agregan por la publicacion agrupada de 2001.,10891328679.37296,,4221302716.937645,,1258301670.7210567,4826.740093240093
2007,C,25_26_27_28_33_metal_equipos_reparacion,Productos de metal equipos y reparacion,C,si,Rev.3,D,3,28|29|30|31|32|33,2811|2812|2890|2910|2920|2930|3000|3100|3200|3300,10,grupo_compatible_rev4,alta,Rev3 30 y Rev3 32-33 convergen parcialmente en Rev4 26; se usa grupo amplio.|Rev4 33 reparacion e instalacion puede provenir de varias divisiones Rev3; se agrega con metal/equipos.,11927816317.941666,,3892295152.4267855,,1722052478.375,8904.4875
2007,C,29_30_vehiculos_transporte,Vehiculos y otros equipos de transporte,C,si,Rev.3,D,3,34|35,3400|3510|3530|3590,4,grupo_compatible_rev4,media,Rev3 34-35 se agregan por la publicacion agrupada de 2001.,7770125530.75,,2045907291.0,,673203803.25,3270.0
2007,C,31_32_muebles_otras_manufacturas,Muebles y otras manufacturas,C,si,Rev.3,D,3,36,3610|3691|3699,3,grupo_compatible_rev4,media,Rev3 36 se abre en Rev4 31 y 32; se mantiene agregado.,1908887861.1666667,,572401497.6666666,,324597241.0,2316.1666666666665
2007,C,38_recuperacion_materiales_fuera_c,Recuperacion de materiales fuera de manufactura Rev4,E,no,Rev.3,D,3,37,3700,1,salida_de_manufactura_rev4,alta,Rev3 reciclado sale de manufactura en Rev4; se conserva trazabilidad pero no integra C Rev4.,193560058.5,,60045901.0,,17695428.5,211.0
2008,C,10_11_12_alimentos_bebidas_tabaco,Alimentos bebidas y tabaco,C,si,Rev.4,C,4,10|11|12,10|11|12,3,agregacion_rev4_para_compatibilidad,baja,Agregado Rev4 definido para compatibilidad con 2001 y agrupaciones publicadas.,132460685995.33192,,38210020381.193924,,10946541821.17479,49250.844472749915
2008,C,13_14_15_textiles_prendas_cuero,Textiles prendas y cuero,C,si,Rev.4,C,4,13|14|15,13|14|15,3,agregacion_rev4_para_compatibilidad,baja,Agregado Rev4 definido para compatibilidad con 2001.,18064717262.246117,,4764231093.573978,,2631373949.890104,15865.208583905009
2008,C,16_madera,Madera y productos de madera,C,si,Rev.4,C,4,16,16,1,uno_a_uno,baja,Division Rev4 conservada como grupo.,9721312152.176365,,1226715543.282945,,666260021.4963124,3336.819352294534
2008,C,17_18_papel_impresion,Papel impresion y reproduccion,C,si,Rev.4,C,4,17|18,17|18,2,agregacion_rev4_para_compatibilidad,media,Agregado Rev4 definido para compatibilidad con Rev3 21-22.,22134295579.498055,,10796590728.07648,,1474159098.069805,5288.209314823196
2008,C,19_refinacion,Coque y refinacion de petroleo,C,si,Rev.4,C,4,19,19,1,uno_a_uno,baja,Division Rev4 conservada como grupo.,41700433194.0,,5053278165.0,,625390785.0,1014.0
2008,C,20_21_22_quimicos_farma_caucho_plastico,Quimicos farmaceuticos caucho y plastico,C,si,Rev.4,C,4,20|21|22,20|21|22,3,agregacion_rev4_para_compatibilidad,baja,Agregado Rev4 definido para compatibilidad con Rev3 24-25.,31515160267.093998,,10009931294.771877,,3818858190.383876,11277.264892580668
2008,C,23_24_minerales_metales,Minerales no metalicos y metales comunes,C,si,Rev.4,C,4,23|24,23|24,2,agregacion_rev4_para_compatibilidad,baja,Agregado Rev4 definido para compatibilidad con 2001.,11380812935.656286,,3738447479.767748,,1274672742.8975763,4536.554213963365
2008,C,25_26_27_28_33_metal_equipos_reparacion,Productos de metal equipos y reparacion,C,si,Rev.4,C,4,25|26|27|28|33,25|26|27|28|33,5,agregacion_rev4_para_compatibilidad,alta,Grupo amplio definido por reubicacion de reparacion e instalacion en Rev4 33.|Rev4 33 se agrega con metal/equipos para evitar quiebre artificial hacia atras.,9811121231.79088,,3659322913.1437063,,1775832797.408401,7915.077210865471
2008,C,29_30_vehiculos_transporte,Vehiculos y otros equipos de transporte,C,si,Rev.4,C,4,29|30,29|30,2,agregacion_rev4_para_compatibilidad,baja,Agregado Rev4 definido para compatibilidad con 2001.,5648363605.748798,,1837034951.8556304,,503149111.46549726,1983.8997405607065
2008,C,31_32_muebles_otras_manufacturas,Muebles y otras manufacturas,C,si,Rev.4,C,4,31|32,31|32,2,agregacion_rev4_para_compatibilidad,baja,Agregado Rev4 definido para compatibilidad con Rev3 36.,2558791096.341797,,996638792.5693426,,574917756.0878211,3434.808025297266
2009,C,10_11_12_alimentos_bebidas_tabaco,Alimentos bebidas y tabaco,C,si,Rev.4,C,4,10|11|12,10|11|12,3,agregacion_rev4_para_compatibilidad,baja,Agregado Rev4 definido para compatibilidad con 2001 y agrupaciones publicadas.,128088331186.42355,,36033939748.66936,,13045560957.47858,49735.92426507988
2009,C,13_14_15_textiles_prendas_cuero,Textiles prendas y cuero,C,si,Rev.4,C,4,13|14|15,13|14|15,3,agregacion_rev4_para_compatibilidad,baja,Agregado Rev4 definido para compatibilidad con 2001.,16236329873.929993,,4081827933.94193,,2832355137.6963716,14471.095749763906
2009,C,16_madera,Madera y productos de madera,C,si,Rev.4,C,4,16,16,1,uno_a_uno,baja,Division Rev4 conservada como grupo.,4533805114.459713,,1048301696.5365922,,621743926.0351394,3163.26145373745
2009,C,17_18_papel_impresion,Papel impresion y reproduccion,C,si,Rev.4,C,4,17|18,17|18,2,agregacion_rev4_para_compatibilidad,media,Agregado Rev4 definido para compatibilidad con Rev3 21-22.,19867607561.360867,,6025598507.458333,,1742163800.3904243,4979.897000622645
2009,C,19_refinacion,Coque y refinacion de petroleo,C,si,Rev.4,C,4,19,19,1,uno_a_uno,baja,Division Rev4 conservada como grupo.,37059614882.0,,12175111279.0,,1505218063.0,1683.0
2009,C,20_21_22_quimicos_farma_caucho_plastico,Quimicos farmaceuticos caucho y plastico,C,si,Rev.4,C,4,20|21|22,20|21|22,3,agregacion_rev4_para_compatibilidad,baja,Agregado Rev4 definido para compatibilidad con Rev3 24-25.,30474888490.966637,,9714465741.140944,,4737028663.232117,12209.130275678956
2009,C,23_24_minerales_metales,Minerales no metalicos y metales comunes,C,si,Rev.4,C,4,23|24,23|24,2,agregacion_rev4_para_compatibilidad,baja,Agregado Rev4 definido para compatibilidad con 2001.,9383696325.052351,,2835936024.2400846,,1700481935.2491965,4923.225393012988
2009,C,25_26_27_28_33_metal_equipos_reparacion,Productos de metal equipos y reparacion,C,si,Rev.4,C,4,25|26|27|28|33,25|26|27|28|33,5,agregacion_rev4_para_compatibilidad,alta,Grupo amplio definido por reubicacion de reparacion e instalacion en Rev4 33.|Rev4 33 se agrega con metal/equipos para evitar quiebre artificial hacia atras.,11002037671.495731,,4385614454.874233,,2535032768.157902,8245.776244911565
2009,C,29_30_vehiculos_transporte,Vehiculos y otros equipos de transporte,C,si,Rev.4,C,4,29|30,29|30,2,agregacion_rev4_para_compatibilidad,baja,Agregado Rev4 definido para compatibilidad con 2001.,3237262930.2900076,,826382169.7149407,,436140642.0135109,1524.639167523743
2009,C,31_32_muebles_otras_manufacturas,Muebles y otras manufacturas,C,si,Rev.4,C,4,31|32,31|32,2,agregacion_rev4_para_compatibilidad,baja,Agregado Rev4 definido para compatibilidad con Rev3 36.,2463585890.797571,,1107706322.2439923,,587644719.7392416,3100.69824050433
2010,C,10_11_12_alimentos_bebidas_tabaco,Alimentos bebidas y tabaco,C,si,Rev.4,C,4,10|11|12,10|11|12,3,agregacion_rev4_para_compatibilidad,baja,Agregado Rev4 definido para compatibilidad con 2001 y agrupaciones publicadas.,141789868465.7705,,41005792075.91745,,15272782475.753157,53488.08682724452
2010,C,13_14_15_textiles_prendas_cuero,Textiles prendas y cuero,C,si,Rev.4,C,4,13|14|15,13|14|15,3,agregacion_rev4_para_compatibilidad,baja,Agregado Rev4 definido para compatibilidad con 2001.,16782161358.391457,,4309996166.234642,,2982353384.7064414,13879.27467162955
2010,C,16_madera,Madera y productos de madera,C,si,Rev.4,C,4,16,16,1,uno_a_uno,baja,Division Rev4 conservada como grupo.,5984902131.970272,,1190311497.3256166,,688643677.9062018,3447.6270990632916
2010,C,17_18_papel_impresion,Papel impresion y reproduccion,C,si,Rev.4,C,4,17|18,17|18,2,agregacion_rev4_para_compatibilidad,media,Agregado Rev4 definido para compatibilidad con Rev3 21-22.,27108931931.56599,,11452484876.40965,,2055916477.7951455,5635.1674295339635
2010,C,19_refinacion,Coque y refinacion de petroleo,C,si,Rev.4,C,4,19,19,1,uno_a_uno,baja,Division Rev4 conservada como grupo.,41162283178.0,,15180150227.0,,1712127200.0,2513.0
2010,C,20_21_22_quimicos_farma_caucho_plastico,Quimicos farmaceuticos caucho y plastico,C,si,Rev.4,C,4,20|21|22,20|21|22,3,agregacion_rev4_para_compatibilidad,baja,Agregado Rev4 definido para compatibilidad con Rev3 24-25.,32413748706.20234,,10351283549.731585,,5186041893.407854,13045.374216312379
2010,C,23_24_minerales_metales,Minerales no metalicos y metales comunes,C,si,Rev.4,C,4,23|24,23|24,2,agregacion_rev4_para_compatibilidad,baja,Agregado Rev4 definido para compatibilidad con 2001.,9090232115.58451,,3270915829.949168,,1493783001.1122718,4199.116973197748
2010,C,25_26_27_28_33_metal_equipos_reparacion,Productos de metal equipos y reparacion,C,si,Rev.4,C,4,25|26|27|28|33,25|26|27|28|33,5,agregacion_rev4_para_compatibilidad,alta,Grupo amplio definido por reubicacion de reparacion e instalacion en Rev4 33.|Rev4 33 se agrega con metal/equipos para evitar quiebre artificial hacia atras.,13475253212.649155,,5425506368.63153,,3076725602.8909283,10166.584985949838
2010,C,29_30_vehiculos_transporte,Vehiculos y otros equipos de transporte,C,si,Rev.4,C,4,29|30,29|30,2,agregacion_rev4_para_compatibilidad,baja,Agregado Rev4 definido para compatibilidad con 2001.,7710071105.83197,,2057726334.419725,,857873035.5522505,2611.4299351674927
2010,C,31_32_muebles_otras_manufacturas,Muebles y otras manufacturas,C,si,Rev.4,C,4,31|32,31|32,2,agregacion_rev4_para_compatibilidad,baja,Agregado Rev4 definido para compatibilidad con Rev3 36.,3097232908.778433,,1319924005.6329606,,805603534.2253853,3288.5317917679026
2011,C,10_11_12_alimentos_bebidas_tabaco,Alimentos bebidas y tabaco,C,si,Rev.4,C,4,10|11|12,10|11 y 12,2,agregacion_rev4_para_compatibilidad,baja,Agregado Rev4 definido para compatibilidad con 2001 y agrupaciones publicadas.,154151427299.71338,,42893803586.41139,,16801698018.07014,52306.64072823009
2011,C,13_14_15_textiles_prendas_cuero,Textiles prendas y cuero,C,si,Rev.4,C,4,13|14|15,13|14|15,3,agregacion_rev4_para_compatibilidad,baja,Agregado Rev4 definido para compatibilidad con 2001.,18832135610.31309,,4481041469.323585,,3244811082.002214,12561.567564389743
2011,C,16_madera,Madera y productos de madera,C,si,Rev.4,C,4,16,16,1,uno_a_uno,baja,Division Rev4 conservada como grupo.,5783368187.765341,,1179676403.2105424,,857335197.0402097,3392.8341442196906
2011,C,17_18_papel_impresion,Papel impresion y reproduccion,C,si,Rev.4,C,4,17|18,17|18,2,agregacion_rev4_para_compatibilidad,media,Agregado Rev4 definido para compatibilidad con Rev3 21-22.,26982895129.99861,,10049016375.8937,,2306873254.7531404,5962.731377322454
2011,C,19_refinacion,Coque y refinacion de petroleo,C,si,Rev.4,C,4,19,19,1,uno_a_uno,baja,Division Rev4 conservada como grupo.,38558923767.0,,14722545501.0,,2164648016.0,2579.0
2011,C,20_21_22_quimicos_farma_caucho_plastico,Quimicos farmaceuticos caucho y plastico,C,si,Rev.4,C,4,20|21|22,20|21|22,3,agregacion_rev4_para_compatibilidad,baja,Agregado Rev4 definido para compatibilidad con Rev3 24-25.,42285982382.55208,,11662952950.043018,,6225170174.95669,13172.237443226928
2011,C,23_24_minerales_metales,Minerales no metalicos y metales comunes,C,si,Rev.4,C,4,23|24,23|24,2,agregacion_rev4_para_compatibilidad,baja,Agregado Rev4 definido para compatibilidad con 2001.,11131884032.560665,,4301077910.933399,,1860002527.7970204,4422.74202659042
2011,C,25_26_27_28_33_metal_equipos_reparacion,Productos de metal equipos y reparacion,C,si,Rev.4,C,4,25|26|27|28|33,25|26|27|28|33,5,agregacion_rev4_para_compatibilidad,alta,Grupo amplio definido por reubicacion de reparacion e instalacion en Rev4 33.|Rev4 33 se agrega con metal/equipos para evitar quiebre artificial hacia atras.,12156513988.759174,,4958614423.739007,,2955752833.5493436,8259.137381310122
2011,C,29_30_vehiculos_transporte,Vehiculos y otros equipos de transporte,C,si,Rev.4,C,4,29|30,29|30,2,agregacion_rev4_para_compatibilidad,baja,Agregado Rev4 definido para compatibilidad con 2001.,9990429492.144812,,2315089238.2560263,,1069936471.7638998,3800.868247820513
2011,C,31_32_muebles_otras_manufacturas,Muebles y otras manufacturas,C,si,Rev.4,C,4,31|32,31|32,2,agregacion_rev4_para_compatibilidad,baja,Agregado Rev4 definido para compatibilidad con Rev3 36.,2846550868.154051,,1142772361.4239843,,754529216.6532025,2941.8641519255175
2012,C,10_11_12_alimentos_bebidas_tabaco,Alimentos bebidas y tabaco,C,si,Rev.4,C,4,10|11|12,10|11 y 12,2,agregacion_rev4_para_compatibilidad,baja,Agregado Rev4 definido para compatibilidad con 2001 y agrupaciones publicadas.,172603129894.91943,,45108070788.33272,,19171996413.059486,53468.668718350746
2012,C,13_14_15_textiles_prendas_cuero,Textiles prendas y cuero,C,si,Rev.4,C,4,13|14|15,13|14|15,3,agregacion_rev4_para_compatibilidad,baja,Agregado Rev4 definido para compatibilidad con 2001.,20414251741.20155,,4307148495.13612,,3563303875.5432916,12124.60314170846
2012,C,16_madera,Madera y productos de madera,C,si,Rev.4,C,4,16,16,1,uno_a_uno,baja,Division Rev4 conservada como grupo.,6810299216.151784,,1453374912.6159267,,1067464448.5067487,3249.4434675308435
2012,C,17_18_papel_impresion,Papel impresion y reproduccion,C,si,Rev.4,C,4,17|18,17|18,2,agregacion_rev4_para_compatibilidad,media,Agregado Rev4 definido para compatibilidad con Rev3 21-22.,25543607546.933167,,8094276863.778924,,2431924427.045555,5567.454952234203
2012,C,19_refinacion,Coque y refinacion de petroleo,C,si,Rev.4,C,4,19,19,1,uno_a_uno,baja,Division Rev4 conservada como grupo.,56447655661.14728,,12777646882.599997,,2103700744.0,2659.0
2012,C,20_21_22_quimicos_farma_caucho_plastico,Quimicos farmaceuticos caucho y plastico,C,si,Rev.4,C,4,20|21|22,20|21|22,3,agregacion_rev4_para_compatibilidad,baja,Agregado Rev4 definido para compatibilidad con Rev3 24-25.,48361589474.56268,,13848816588.063282,,7501758552.835925,13601.260710720122
2012,C,23_24_minerales_metales,Minerales no metalicos y metales comunes,C,si,Rev.4,C,4,23|24,23|24,2,agregacion_rev4_para_compatibilidad,baja,Agregado Rev4 definido para compatibilidad con 2001.,13423963672.10796,,5133608617.078192,,2331156748.6401896,4629.175420909768
2012,C,25_26_27_28_33_metal_equipos_reparacion,Productos de metal equipos y reparacion,C,si,Rev.4,C,4,25|26|27|28|33,25|26|27|28|33,5,agregacion_rev4_para_compatibilidad,alta,Grupo amplio definido por reubicacion de reparacion e instalacion en Rev4 33.|Rev4 33 se agrega con metal/equipos para evitar quiebre artificial hacia atras.,14587490630.085442,,5623647677.623765,,3485845729.13202,7943.748387142157
2012,C,29_30_vehiculos_transporte,Vehiculos y otros equipos de transporte,C,si,Rev.4,C,4,29|30,29|30,2,agregacion_rev4_para_compatibilidad,baja,Agregado Rev4 definido para compatibilidad con 2001.,5442313505.858726,,1720429043.5310123,,1281260542.91181,4043.542411963075
2012,C,31_32_muebles_otras_manufacturas,Muebles y otras manufacturas,C,si,Rev.4,C,4,31|32,31|32,2,agregacion_rev4_para_compatibilidad,baja,Agregado Rev4 definido para compatibilidad con Rev3 36.,2861175907.3195477,,1225154664.8138812,,849463207.750108,2851.8523230158403
2013,C,10_11_12_alimentos_bebidas_tabaco,Alimentos bebidas y tabaco,C,si,Rev.4,C,4,10|11|12,10|11 y 12,2,agregacion_rev4_para_compatibilidad,baja,Agregado Rev4 definido para compatibilidad con 2001 y agrupaciones publicadas.,180764578024.884,,46511537608.59755,,22041058605.43776,54492.724533777604
2013,C,13_14_15_textiles_prendas_cuero,Textiles prendas y cuero,C,si,Rev.4,C,4,13|14|15,13|14|15,3,agregacion_rev4_para_compatibilidad,baja,Agregado Rev4 definido para compatibilidad con 2001.,21398633816.43419,,5094535045.352985,,3994892659.749792,11396.716198307087
2013,C,16_madera,Madera y productos de madera,C,si,Rev.4,C,4,16,16,1,uno_a_uno,baja,Division Rev4 conservada como grupo.,6856221589.089392,,1662835847.1899254,,875841965.3804842,3153.5616490813622
2013,C,17_18_papel_impresion,Papel impresion y reproduccion,C,si,Rev.4,C,4,17|18,17|18,2,agregacion_rev4_para_compatibilidad,media,Agregado Rev4 definido para compatibilidad con Rev3 21-22.,28318450987.33403,,9811613779.339256,,2629323275.1282096,5488.316563651049
2013,C,19_refinacion,Coque y refinacion de petroleo,C,si,Rev.4,C,4,19,19,1,uno_a_uno,baja,Division Rev4 conservada como grupo.,61964526747.9111,,17179605967.000004,,2540634589.0,2721.0
2013,C,20_21_22_quimicos_farma_caucho_plastico,Quimicos farmaceuticos caucho y plastico,C,si,Rev.4,C,4,20|21|22,20|21|22,3,agregacion_rev4_para_compatibilidad,baja,Agregado Rev4 definido para compatibilidad con Rev3 24-25.,53150093637.59792,,15556584166.8445,,8752661864.569593,13835.10096355948
2013,C,23_24_minerales_metales,Minerales no metalicos y metales comunes,C,si,Rev.4,C,4,23|24,23|24,2,agregacion_rev4_para_compatibilidad,baja,Agregado Rev4 definido para compatibilidad con 2001.,14160891382.830227,,6135645969.56971,,2833580476.012579,4725.803144620026
2013,C,25_26_27_28_33_metal_equipos_reparacion,Productos de metal equipos y reparacion,C,si,Rev.4,C,4,25|26|27|28|33,25|26|27|28|33,5,agregacion_rev4_para_compatibilidad,alta,Grupo amplio definido por reubicacion de reparacion e instalacion en Rev4 33.|Rev4 33 se agrega con metal/equipos para evitar quiebre artificial hacia atras.,15407006742.686783,,6136835908.795093,,4118441127.350923,7981.067902500157
2013,C,29_30_vehiculos_transporte,Vehiculos y otros equipos de transporte,C,si,Rev.4,C,4,29|30,29 y 30,1,agregacion_rev4_para_compatibilidad,baja,Agregado Rev4 definido para compatibilidad con 2001.,8453289545.322666,,2478848417.5589356,,1491785646.0896685,3361.299565338606
2013,C,31_32_muebles_otras_manufacturas,Muebles y otras manufacturas,C,si,Rev.4,C,4,31|32,31|32,2,agregacion_rev4_para_compatibilidad,baja,Agregado Rev4 definido para compatibilidad con Rev3 36.,3021887726.202408,,1327992563.4863386,,908459013.7898221,2642.1592938227186
2014,C,10_11_12_alimentos_bebidas_tabaco,Alimentos bebidas y tabaco,C,si,Rev.4,C,4,10|11|12,10|11 y 12,2,agregacion_rev4_para_compatibilidad,baja,Agregado Rev4 definido para compatibilidad con 2001 y agrupaciones publicadas.,213786500255.18613,,60646533248.97579,,25362331769.481678,53576.670839142695
2014,C,13_14_15_textiles_prendas_cuero,Textiles prendas y cuero,C,si,Rev.4,C,4,13|14|15,13|14|15,3,agregacion_rev4_para_compatibilidad,baja,Agregado Rev4 definido para compatibilidad con 2001.,24187160371.249313,,6003140199.7176075,,3941754349.4697447,10205.383521714866
2014,C,16_madera,Madera y productos de madera,C,si,Rev.4,C,4,16,16,1,uno_a_uno,baja,Division Rev4 conservada como grupo.,8104718202.808858,,2212200077.0978274,,1001172364.0940027,3010.781250725383
2014,C,17_18_papel_impresion,Papel impresion y reproduccion,C,si,Rev.4,C,4,17|18,17|18,2,agregacion_rev4_para_compatibilidad,media,Agregado Rev4 definido para compatibilidad con Rev3 21-22.,35842214488.27806,,9314079142.236835,,3147582285.3690624,5410.101660330438
2014,C,19_refinacion,Coque y refinacion de petroleo,C,si,Rev.4,C,4,19,19,1,uno_a_uno,baja,Division Rev4 conservada como grupo.,66100845981.12972,,17502769443.999996,,2915327525.0,2974.0
2014,C,20_21_22_quimicos_farma_caucho_plastico,Quimicos farmaceuticos caucho y plastico,C,si,Rev.4,C,4,20|21|22,20|21|22,3,agregacion_rev4_para_compatibilidad,baja,Agregado Rev4 definido para compatibilidad con Rev3 24-25.,57780463361.974396,,18249276889.961575,,9574210373.402885,13761.662319798072
2014,C,23_24_minerales_metales,Minerales no metalicos y metales comunes,C,si,Rev.4,C,4,23|24,23|24,2,agregacion_rev4_para_compatibilidad,baja,Agregado Rev4 definido para compatibilidad con 2001.,15162564282.590887,,5797161925.607414,,3134208268.227895,4534.059592203574
2014,C,25_26_27_28_33_metal_equipos_reparacion,Productos de metal equipos y reparacion,C,si,Rev.4,C,4,25|26|27|28|33,25|26|27|28|33,5,agregacion_rev4_para_compatibilidad,alta,Grupo amplio definido por reubicacion de reparacion e instalacion en Rev4 33.|Rev4 33 se agrega con metal/equipos para evitar quiebre artificial hacia atras.,19854105924.556324,,7378966651.51608,,5015339389.107004,8362.104700785512
2014,C,29_30_vehiculos_transporte,Vehiculos y otros equipos de transporte,C,si,Rev.4,C,4,29|30,29 y 30,1,agregacion_rev4_para_compatibilidad,baja,Agregado Rev4 definido para compatibilidad con 2001.,9539118129.22328,,2231907933.675058,,1741363280.75982,3399.358819011897
2014,C,31_32_muebles_otras_manufacturas,Muebles y otras manufacturas,C,si,Rev.4,C,4,31|32,31|32,2,agregacion_rev4_para_compatibilidad,baja,Agregado Rev4 definido para compatibilidad con Rev3 36.,3283228226.4188685,,1444096434.370636,,1004356760.780271,2466.304246241705
2015,C,10_11_12_alimentos_bebidas_tabaco,Alimentos bebidas y tabaco,C,si,Rev.4,C,4,10|11|12,10|11 y 12,2,agregacion_rev4_para_compatibilidad,baja,Agregado Rev4 definido para compatibilidad con 2001 y agrupaciones publicadas.,224773868084.7456,,67624480965.84396,,27520249912.03955,52246.10113343813
2015,C,13_14_15_textiles_prendas_cuero,Textiles prendas y cuero,C,si,Rev.4,C,4,13|14|15,13|14|15,3,agregacion_rev4_para_compatibilidad,baja,Agregado Rev4 definido para compatibilidad con 2001.,23294609637.03359,,5647041006.990161,,3850791532.8045316,9305.28408964106
2015,C,16_madera,Madera y productos de madera,C,si,Rev.4,C,4,16,16,1,uno_a_uno,baja,Division Rev4 conservada como grupo.,8386120425.283268,,2462342827.828924,,1370881283.554804,3215.057126942977
2015,C,17_18_papel_impresion,Papel impresion y reproduccion,C,si,Rev.4,C,4,17|18,17|18,2,agregacion_rev4_para_compatibilidad,media,Agregado Rev4 definido para compatibilidad con Rev3 21-22.,54046100431.646164,,17629352104.183174,,3711727492.11798,5568.671820358585
2015,C,19_refinacion,Coque y refinacion de petroleo,C,si,Rev.4,C,4,19,19,1,uno_a_uno,baja,Division Rev4 conservada como grupo.,60469475405.778336,,20836859862.0,,3501281484.0,2782.0
2015,C,20_21_22_quimicos_farma_caucho_plastico,Quimicos farmaceuticos caucho y plastico,C,si,Rev.4,C,4,20|21|22,20|21|22,3,agregacion_rev4_para_compatibilidad,baja,Agregado Rev4 definido para compatibilidad con Rev3 24-25.,61925932255.6314,,20232791750.95442,,10314454912.652735,12999.106777110817
2015,C,23_24_minerales_metales,Minerales no metalicos y metales comunes,C,si,Rev.4,C,4,23|24,23|24,2,agregacion_rev4_para_compatibilidad,baja,Agregado Rev4 definido para compatibilidad con 2001.,14022020740.530693,,5521729107.622084,,3177073090.744169,4351.395932371035
2015,C,25_26_27_28_33_metal_equipos_reparacion,Productos de metal equipos y reparacion,C,si,Rev.4,C,4,25|26|27|28|33,25|26|27|28|33,5,agregacion_rev4_para_compatibilidad,alta,Grupo amplio definido por reubicacion de reparacion e instalacion en Rev4 33.|Rev4 33 se agrega con metal/equipos para evitar quiebre artificial hacia atras.,19928945022.415695,,7960586417.113966,,4964557167.988685,7623.188271807098
2015,C,29_30_vehiculos_transporte,Vehiculos y otros equipos de transporte,C,si,Rev.4,C,4,29|30,29 y 30,1,agregacion_rev4_para_compatibilidad,baja,Agregado Rev4 definido para compatibilidad con 2001.,7279016390.215912,,2314673538.8624597,,1523812600.1413536,3083.3054923127243
2015,C,31_32_muebles_otras_manufacturas,Muebles y otras manufacturas,C,si,Rev.4,C,4,31|32,31|32,2,agregacion_rev4_para_compatibilidad,baja,Agregado Rev4 definido para compatibilidad con Rev3 36.,3968877829.9565973,,1709816321.1928988,,1169043156.9253075,2617.098256973991
2016,C,10_11_12_alimentos_bebidas_tabaco,Alimentos bebidas y tabaco,C,si,Rev.4,C,4,10|11|12,10|11 y 12,2,agregacion_rev4_para_compatibilidad,baja,Agregado Rev4 definido para compatibilidad con 2001 y agrupaciones publicadas.,236555810340.6008,,64386861683.72345,,30423071873.29127,51376.547852743875
2016,C,13_14_15_textiles_prendas_cuero,Textiles prendas y cuero,C,si,Rev.4,C,4,13|14|15,13|14|15,3,agregacion_rev4_para_compatibilidad,baja,Agregado Rev4 definido para compatibilidad con 2001.,22506293827.907692,,5297263348.584152,,4010254546.0583997,8292.676727185017
2016,C,16_madera,Madera y productos de madera,C,si,Rev.4,C,4,16,16,1,uno_a_uno,baja,Division Rev4 conservada como grupo.,8521775507.898925,,1879071604.2414541,,1453103453.17397,3098.2817036331717
2016,C,17_18_papel_impresion,Papel impresion y reproduccion,C,si,Rev.4,C,4,17|18,17|18,2,agregacion_rev4_para_compatibilidad,media,Agregado Rev4 definido para compatibilidad con Rev3 21-22.,49857368115.61131,,14541263939.545868,,3331779083.79036,4922.549417244969
2016,C,19_refinacion,Coque y refinacion de petroleo,C,si,Rev.4,C,4,19,19,1,uno_a_uno,baja,Division Rev4 conservada como grupo.,65096338926.02118,,31194121278.02118,,3697579880.0,2665.0
2016,C,20_21_22_quimicos_farma_caucho_plastico,Quimicos farmaceuticos caucho y plastico,C,si,Rev.4,C,4,20|21|22,20|21|22,3,agregacion_rev4_para_compatibilidad,baja,Agregado Rev4 definido para compatibilidad con Rev3 24-25.,64265113112.34807,,21219265857.558964,,11836897850.261703,13222.51768898769
2016,C,23_24_minerales_metales,Minerales no metalicos y metales comunes,C,si,Rev.4,C,4,23|24,23|24,2,agregacion_rev4_para_compatibilidad,baja,Agregado Rev4 definido para compatibilidad con 2001.,13167733302.828167,,5340375122.342431,,3347476593.2709475,4250.648926916718
2016,C,25_26_27_28_33_metal_equipos_reparacion,Productos de metal equipos y reparacion,C,si,Rev.4,C,4,25|26|27|28|33,25|26|27|28|33,5,agregacion_rev4_para_compatibilidad,alta,Grupo amplio definido por reubicacion de reparacion e instalacion en Rev4 33.|Rev4 33 se agrega con metal/equipos para evitar quiebre artificial hacia atras.,19933392238.518745,,8089095206.070998,,5122714308.778348,7373.567445117882
2016,C,29_30_vehiculos_transporte,Vehiculos y otros equipos de transporte,C,si,Rev.4,C,4,29|30,29 y 30,1,agregacion_rev4_para_compatibilidad,baja,Agregado Rev4 definido para compatibilidad con 2001.,4245691843.7219734,,1727838921.8295712,,1450476423.6514523,2541.0165488865496
2016,C,31_32_muebles_otras_manufacturas,Muebles y otras manufacturas,C,si,Rev.4,C,4,31|32,31|32,2,agregacion_rev4_para_compatibilidad,baja,Agregado Rev4 definido para compatibilidad con Rev3 36.,4133339739.6715813,,1707682190.7308922,,1180687852.4636796,2497.640406049637
2017,C,10_11_12_alimentos_bebidas_tabaco,Alimentos bebidas y tabaco,C,si,Rev.4,C,5,10|11|12,10|11 y 12,2,agregacion_rev4_para_compatibilidad,baja,Agregado Rev4 definido para compatibilidad con 2001 y agrupaciones publicadas.,244025248912.31964,233634761971.8064,70622956205.59341,60232469265.08025,33420785473.02001,50635.29135381941
2017,C,13_14_15_textiles_prendas_cuero,Textiles prendas y cuero,C,si,Rev.4,C,5,13|14|15,13|14|15,3,agregacion_rev4_para_compatibilidad,baja,Agregado Rev4 definido para compatibilidad con 2001.,19462047704.75008,19436815169.55514,4495385795.677844,4470153260.4829035,3913087066.6223717,7821.756067147475
2017,C,16_madera,Madera y productos de madera,C,si,Rev.4,C,5,16,16,1,uno_a_uno,baja,Division Rev4 conservada como grupo.,13237156062.068743,13232227539.068743,2977785910.355379,2972857387.355379,1862999116.4594648,3185.539071374807
2017,C,17_18_papel_impresion,Papel impresion y reproduccion,C,si,Rev.4,C,5,17|18,17|18,2,agregacion_rev4_para_compatibilidad,media,Agregado Rev4 definido para compatibilidad con Rev3 21-22.,53233183643.39509,53230213163.69949,19616651048.481472,19613680568.78587,3525610315.42341,4542.185228125626
2017,C,19_refinacion,Coque y refinacion de petroleo,C,si,Rev.4,C,5,19,19,1,uno_a_uno,baja,Division Rev4 conservada como grupo.,50095981482.13297,32371358228.132973,28824235329.0,11099612075.0,3750496015.0,2532.0
2017,C,20_21_22_quimicos_farma_caucho_plastico,Quimicos farmaceuticos caucho y plastico,C,si,Rev.4,C,5,20|21|22,20|21|22,3,agregacion_rev4_para_compatibilidad,baja,Agregado Rev4 definido para compatibilidad con Rev3 24-25.,62942680866.26401,62813664202.98393,21415409710.031693,21286393046.75161,12557419353.768957,12703.189427399677
2017,C,23_24_minerales_metales,Minerales no metalicos y metales comunes,C,si,Rev.4,C,5,23|24,23|24,2,agregacion_rev4_para_compatibilidad,baja,Agregado Rev4 definido para compatibilidad con 2001.,11862984773.133038,11862984773.133038,4251722910.391001,4251722910.391001,3295776283.5916033,3927.8178148149027
2017,C,25_26_27_28_33_metal_equipos_reparacion,Productos de metal equipos y reparacion,C,si,Rev.4,C,5,25|26|27|28|33,25|26|27|28|33,5,agregacion_rev4_para_compatibilidad,alta,Grupo amplio definido por reubicacion de reparacion e instalacion en Rev4 33.|Rev4 33 se agrega con metal/equipos para evitar quiebre artificial hacia atras.,18626376901.596485,18626376901.596485,8061831367.85839,8061831367.85839,5254436891.161725,7058.365671673993
2017,C,29_30_vehiculos_transporte,Vehiculos y otros equipos de transporte,C,si,Rev.4,C,5,29|30,29 y 30,1,agregacion_rev4_para_compatibilidad,baja,Agregado Rev4 definido para compatibilidad con 2001.,6678590524.684361,6596414038.552584,2349675043.861801,2267498557.7300234,1812359207.0740135,2905.579317125304
2017,C,31_32_muebles_otras_manufacturas,Muebles y otras manufacturas,C,si,Rev.4,C,5,31|32,31|32,2,agregacion_rev4_para_compatibilidad,baja,Agregado Rev4 definido para compatibilidad con Rev3 36.,3977274546.0912695,3977274546.0912695,1808918552.6104164,1808918552.6104164,1192007587.6502037,2155.273274627092
2018,C,10_11_12_alimentos_bebidas_tabaco,Alimentos bebidas y tabaco,C,si,Rev.4,C,5,10|11|12,10|11 y 12,2,agregacion_rev4_para_compatibilidad,baja,Agregado Rev4 definido para compatibilidad con 2001 y agrupaciones publicadas.,264981508716.46692,253955188561.26633,79866472880.33733,68840152725.13681,36817393796.3712,50377.83459965785
2018,C,13_14_15_textiles_prendas_cuero,Textiles prendas y cuero,C,si,Rev.4,C,5,13|14|15,13|14|15,3,agregacion_rev4_para_compatibilidad,baja,Agregado Rev4 definido para compatibilidad con 2001.,20341215535.947273,20340804325.73814,4728081925.03691,4727670714.827777,3719942194.5658417,6483.486508212482
2018,C,16_madera,Madera y productos de madera,C,si,Rev.4,C,5,16,16,1,uno_a_uno,baja,Division Rev4 conservada como grupo.,17016949938.241556,17006902737.187416,3998569104.318474,3988521903.264334,1873509369.6742942,3045.183339333446
2018,C,17_18_papel_impresion,Papel impresion y reproduccion,C,si,Rev.4,C,5,17|18,17|18,2,agregacion_rev4_para_compatibilidad,media,Agregado Rev4 definido para compatibilidad con Rev3 21-22.,66178312247.35947,66175402829.35947,30657021415.532104,30654111997.532104,3639878523.566223,4351.8246939739665
2018,C,19_refinacion,Coque y refinacion de petroleo,C,si,Rev.4,C,5,19,19,1,uno_a_uno,baja,Division Rev4 conservada como grupo.,84849636320.10085,65868579893.10086,36297376831.0,17316320404.0,4051463576.0,2425.0
2018,C,20_21_22_quimicos_farma_caucho_plastico,Quimicos farmaceuticos caucho y plastico,C,si,Rev.4,C,5,20|21|22,20|21|22,3,agregacion_rev4_para_compatibilidad,baja,Agregado Rev4 definido para compatibilidad con Rev3 24-25.,67451748804.296234,67316491701.854576,23962984105.81223,23827727003.370567,13946160628.334764,12544.655847750813
2018,C,23_24_minerales_metales,Minerales no metalicos y metales comunes,C,si,Rev.4,C,5,23|24,23|24,2,agregacion_rev4_para_compatibilidad,baja,Agregado Rev4 definido para compatibilidad con 2001.,13858330031.677773,13847496613.274822,4993289718.270038,4982456299.867088,3037220244.685905,3140.183657280476
2018,C,25_26_27_28_33_metal_equipos_reparacion,Productos de metal equipos y reparacion,C,si,Rev.4,C,5,25|26|27|28|33,25|26|27|28|33,5,agregacion_rev4_para_compatibilidad,alta,Grupo amplio definido por reubicacion de reparacion e instalacion en Rev4 33.|Rev4 33 se agrega con metal/equipos para evitar quiebre artificial hacia atras.,21842117800.096092,21842117800.096092,8828725838.317482,8828725838.317482,6025685476.894077,7389.692794184832
2018,C,29_30_vehiculos_transporte,Vehiculos y otros equipos de transporte,C,si,Rev.4,C,5,29|30,29 y 30,1,agregacion_rev4_para_compatibilidad,baja,Agregado Rev4 definido para compatibilidad con 2001.,9800301473.882969,9572750790.034958,3032037966.257584,2804487282.409574,1925655934.0158367,2944.7307254653665
2018,C,31_32_muebles_otras_manufacturas,Muebles y otras manufacturas,C,si,Rev.4,C,5,31|32,31|32,2,agregacion_rev4_para_compatibilidad,baja,Agregado Rev4 definido para compatibilidad con Rev3 36.,3716728667.2941313,3716508735.5706143,1520770186.7941651,1520550255.0706477,1083774878.2026525,1863.4934912167225
2019,C,10_11_12_alimentos_bebidas_tabaco,Alimentos bebidas y tabaco,C,si,Rev.4,C,5,10|11|12,10|11 y 12,2,agregacion_rev4_para_compatibilidad,baja,Agregado Rev4 definido para compatibilidad con 2001 y agrupaciones publicadas.,284694109340.0,273284113734.0,76268290814.0,64858295207.0,39393074657.0,48571.0
2019,C,13_14_15_textiles_prendas_cuero,Textiles prendas y cuero,C,si,Rev.4,C,5,13|14|15,13|14|15,3,agregacion_rev4_para_compatibilidad,baja,Agregado Rev4 definido para compatibilidad con 2001.,19672523602.0,19672367092.0,4609629661.0,4609473151.0,3810185316.0,5901.0
2019,C,16_madera,Madera y productos de madera,C,si,Rev.4,C,5,16,16,1,uno_a_uno,baja,Division Rev4 conservada como grupo.,18987484066.0,18972508951.0,2973365581.0,2958390466.0,1879921914.0,2655.0
2019,C,17_18_papel_impresion,Papel impresion y reproduccion,C,si,Rev.4,C,5,17|18,17|18,2,agregacion_rev4_para_compatibilidad,media,Agregado Rev4 definido para compatibilidad con Rev3 21-22.,64974504290.0,64970667752.0,25466248586.0,25462412048.0,4090119001.0,4220.0
2019,C,19_refinacion,Coque y refinacion de petroleo,C,si,Rev.4,C,5,19,19,1,uno_a_uno,baja,Division Rev4 conservada como grupo.,84149539467.0,63337295331.0,33700848052.0,12888603916.0,4258145620.0,2481.0
2019,C,20_21_22_quimicos_farma_caucho_plastico,Quimicos farmaceuticos caucho y plastico,C,si,Rev.4,C,5,20|21|22,20|21|22,3,agregacion_rev4_para_compatibilidad,baja,Agregado Rev4 definido para compatibilidad con Rev3 24-25.,72208163222.0,72163749824.0,25722856708.0,25678443310.0,14582844493.0,12148.0
2019,C,23_24_minerales_metales,Minerales no metalicos y metales comunes,C,si,Rev.4,C,5,23|24,23|24,2,agregacion_rev4_para_compatibilidad,baja,Agregado Rev4 definido para compatibilidad con 2001.,17822203151.0,17789812632.0,7428700682.0,7396310163.0,3710360368.0,3378.0
2019,C,25_26_27_28_33_metal_equipos_reparacion,Productos de metal equipos y reparacion,C,si,Rev.4,C,5,25|26|27|28|33,25|26|27|28|33,5,agregacion_rev4_para_compatibilidad,alta,Grupo amplio definido por reubicacion de reparacion e instalacion en Rev4 33.|Rev4 33 se agrega con metal/equipos para evitar quiebre artificial hacia atras.,23482979518.0,23477727382.0,9354110101.0,9348857965.0,6131556706.0,6732.0
2019,C,29_30_vehiculos_transporte,Vehiculos y otros equipos de transporte,C,si,Rev.4,C,5,29|30,29 y 30,1,agregacion_rev4_para_compatibilidad,baja,Agregado Rev4 definido para compatibilidad con 2001.,12034576239.0,11916894591.0,3838685512.0,3721003864.0,2052990030.0,2713.0
2019,C,31_32_muebles_otras_manufacturas,Muebles y otras manufacturas,C,si,Rev.4,C,5,31|32,31|32,2,agregacion_rev4_para_compatibilidad,baja,Agregado Rev4 definido para compatibilidad con Rev3 36.,3625341602.0,3624825280.0,1409790341.0,1409274020.0,1090273123.0,1682.0
2020,C,10_11_12_alimentos_bebidas_tabaco,Alimentos bebidas y tabaco,C,si,Rev.4,C,5,10|11|12,10|11 y 12,2,agregacion_rev4_para_compatibilidad,baja,Agregado Rev4 definido para compatibilidad con 2001 y agrupaciones publicadas.,302658872456.24304,291990027310.6094,79517986869.42557,68849141723.7919,38065688770.177505,46543.149376931484
2020,C,13_14_15_textiles_prendas_cuero,Textiles prendas y cuero,C,si,Rev.4,C,5,13|14|15,13|14|15,3,agregacion_rev4_para_compatibilidad,baja,Agregado Rev4 definido para compatibilidad con 2001.,13922800628.680773,13922399287.041712,3991637681.467056,3991236339.827997,2995698413.499319,4484.380270549616
2020,C,16_madera,Madera y productos de madera,C,si,Rev.4,C,5,16,16,1,uno_a_uno,baja,Division Rev4 conservada como grupo.,17243224466.22324,17231672356.99236,2433075565.429705,2421523456.198825,2044875708.310049,2684.744727295632
2020,C,17_18_papel_impresion,Papel impresion y reproduccion,C,si,Rev.4,C,5,17|18,17|18,2,agregacion_rev4_para_compatibilidad,media,Agregado Rev4 definido para compatibilidad con Rev3 21-22.,61836249854.03412,61829259846.779655,17612195405.54918,17605205398.29471,4317186892.230754,3711.8595527850257
2020,C,19_refinacion,Coque y refinacion de petroleo,C,si,Rev.4,C,5,19,19,1,uno_a_uno,baja,Division Rev4 conservada como grupo.,73684514601.90465,52881797194.90465,27744229423.0,6941512016.000003,4350597147.0,2261.0
2020,C,20_21_22_quimicos_farma_caucho_plastico,Quimicos farmaceuticos caucho y plastico,C,si,Rev.4,C,5,20|21|22,20|21|22,3,agregacion_rev4_para_compatibilidad,baja,Agregado Rev4 definido para compatibilidad con Rev3 24-25.,77392922167.15376,77355506772.53368,31266494479.022152,31229079084.40207,14101010427.494152,11235.07080467477
2020,C,23_24_minerales_metales,Minerales no metalicos y metales comunes,C,si,Rev.4,C,5,23|24,23|24,2,agregacion_rev4_para_compatibilidad,baja,Agregado Rev4 definido para compatibilidad con 2001.,16302700018.488977,16302170628.488977,6392250525.823621,6391721135.823621,3282329140.7359695,2837.5093409174215
2020,C,25_26_27_28_33_metal_equipos_reparacion,Productos de metal equipos y reparacion,C,si,Rev.4,C,5,25|26|27|28|33,25|26 y 27|28|33,4,agregacion_rev4_para_compatibilidad,alta,Grupo amplio definido por reubicacion de reparacion e instalacion en Rev4 33.|Rev4 33 se agrega con metal/equipos para evitar quiebre artificial hacia atras.,28598592361.4563,28592296594.973156,10163658820.826487,10157363054.343346,6396043992.007939,6979.330183246658
2020,C,29_30_vehiculos_transporte,Vehiculos y otros equipos de transporte,C,si,Rev.4,C,5,29|30,29 y 30,1,agregacion_rev4_para_compatibilidad,baja,Agregado Rev4 definido para compatibilidad con 2001.,5154011683.787188,5129210894.688267,2223889253.327985,2199088464.229063,1659822874.028333,2395.05916582663
2020,C,31_32_muebles_otras_manufacturas,Muebles y otras manufacturas,C,si,Rev.4,C,5,31|32,31|32,2,agregacion_rev4_para_compatibilidad,baja,Agregado Rev4 definido para compatibilidad con Rev3 36.,4023640153.525543,4020767612.018697,1617692707.1368475,1614820165.6300025,1064963123.8193867,1632.3613184936019
2021,C,10_11_12_alimentos_bebidas_tabaco,Alimentos bebidas y tabaco,C,si,Rev.4,C,5,10|11|12,10|11 y 12,2,agregacion_rev4_para_compatibilidad,baja,Agregado Rev4 definido para compatibilidad con 2001 y agrupaciones publicadas.,373124522306.8158,362364930359.3089,104365033853.22987,93605441905.72293,42383085783.99851,46497.026690971295
2021,C,13_14_15_textiles_prendas_cuero,Textiles prendas y cuero,C,si,Rev.4,C,5,13|14|15,13|14|15,3,agregacion_rev4_para_compatibilidad,baja,Agregado Rev4 definido para compatibilidad con 2001.,18138749964.362915,18138749964.362915,3925188875.9969916,3925188875.996992,2952744178.4252872,4775.178530344159
2021,C,16_madera,Madera y productos de madera,C,si,Rev.4,C,5,16,16,1,uno_a_uno,baja,Division Rev4 conservada como grupo.,21245464652.99275,21236456149.21341,7098850279.489043,7089841775.709705,2260305402.067818,2855.063959231356
2021,C,17_18_papel_impresion,Papel impresion y reproduccion,C,si,Rev.4,C,5,17|18,17|18,2,agregacion_rev4_para_compatibilidad,media,Agregado Rev4 definido para compatibilidad con Rev3 21-22.,83334416057.83963,83334416057.83963,38618600259.942,38618600259.942,3969838052.5814953,3782.401644322562
2021,C,19_refinacion,Coque y refinacion de petroleo,C,si,Rev.4,C,5,19,19,1,uno_a_uno,baja,Division Rev4 conservada como grupo.,79625367670.0841,79625367670.0841,12946806512.99997,12946806512.99997,4248587898.000005,2168.0
2021,C,20_21_22_quimicos_farma_caucho_plastico,Quimicos farmaceuticos caucho y plastico,C,si,Rev.4,C,5,20|21|22,20|21|22,3,agregacion_rev4_para_compatibilidad,baja,Agregado Rev4 definido para compatibilidad con Rev3 24-25.,90875062606.81206,90752364024.06331,32001267162.48924,31878568579.740475,13962311681.831392,10691.062888773766
2021,C,23_24_minerales_metales,Minerales no metalicos y metales comunes,C,si,Rev.4,C,5,23|24,23|24,2,agregacion_rev4_para_compatibilidad,baja,Agregado Rev4 definido para compatibilidad con 2001.,21109986044.06845,21109986044.06845,7410046745.523569,7410046745.523571,3310163555.546812,3109.191594127087
2021,C,25_26_27_28_33_metal_equipos_reparacion,Productos de metal equipos y reparacion,C,si,Rev.4,C,5,25|26|27|28|33,25|26 y 27|28|33,4,agregacion_rev4_para_compatibilidad,alta,Grupo amplio definido por reubicacion de reparacion e instalacion en Rev4 33.|Rev4 33 se agrega con metal/equipos para evitar quiebre artificial hacia atras.,34190174432.872765,34182101437.430183,12860793282.728403,12852720287.285831,7534809107.086062,7932.700397629918
2021,C,29_30_vehiculos_transporte,Vehiculos y otros equipos de transporte,C,si,Rev.4,C,5,29|30,29 y 30,1,agregacion_rev4_para_compatibilidad,baja,Agregado Rev4 definido para compatibilidad con 2001.,15236563095.15121,15205381177.71375,4340950622.342182,4309768704.904727,2472559902.408706,2826.642865739796
2021,C,31_32_muebles_otras_manufacturas,Muebles y otras manufacturas,C,si,Rev.4,C,5,31|32,31|32,2,agregacion_rev4_para_compatibilidad,baja,Agregado Rev4 definido para compatibilidad con Rev3 36.,3571093652.521285,3569277259.043674,1407142526.73179,1405326133.254179,1027693315.9195294,1695.82580712534
2022,C,10_11_12_alimentos_bebidas_tabaco,Alimentos bebidas y tabaco,C,si,Rev.4,C,5,10|11|12,10|11 y 12,2,agregacion_rev4_para_compatibilidad,baja,Agregado Rev4 definido para compatibilidad con 2001 y agrupaciones publicadas.,435358340807.2327,422783206119.0376,102901397006.6019,90326262318.40681,47813365283.68756,47970.113895477494
2022,C,13_14_15_textiles_prendas_cuero,Textiles prendas y cuero,C,si,Rev.4,C,5,13|14|15,13|14|15,3,agregacion_rev4_para_compatibilidad,baja,Agregado Rev4 definido para compatibilidad con 2001.,19013368165.229073,19012483765.26999,3941316092.514442,3940431692.555359,3389649327.87345,4572.4332877406
2022,C,16_madera,Madera y productos de madera,C,si,Rev.4,C,5,16,16,1,uno_a_uno,baja,Division Rev4 conservada como grupo.,23530913352.16131,23530913352.16131,7402246193.976149,7402246193.976152,2698574356.632305,3141.257004429009
2022,C,17_18_papel_impresion,Papel impresion y reproduccion,C,si,Rev.4,C,5,17|18,17|18,2,agregacion_rev4_para_compatibilidad,media,Agregado Rev4 definido para compatibilidad con Rev3 21-22.,92917771202.47131,92917771202.47131,44162452526.34734,44162452526.34735,4259378526.8084764,3645.426576105703
2022,C,19_refinacion,Coque y refinacion de petroleo,C,si,Rev.4,C,5,19,19,1,uno_a_uno,baja,Division Rev4 conservada como grupo.,99572040783.70886,72094147032.70886,43268284843.70885,15790391092.70885,4169469751.000002,2117.0
2022,C,20_21_22_quimicos_farma_caucho_plastico,Quimicos farmaceuticos caucho y plastico,C,si,Rev.4,C,5,20|21|22,20|21|22,3,agregacion_rev4_para_compatibilidad,baja,Agregado Rev4 definido para compatibilidad con Rev3 24-25.,114931968426.20401,114879266773.37329,33048890150.00338,32996188497.17267,15559953402.380207,10793.681684004923
2022,C,23_24_minerales_metales,Minerales no metalicos y metales comunes,C,si,Rev.4,C,5,23|24,23|24,2,agregacion_rev4_para_compatibilidad,baja,Agregado Rev4 definido para compatibilidad con 2001.,22500139758.960182,22500139758.960182,8126558396.780667,8126558396.780667,3963372782.6833506,3373.6521709818644
2022,C,25_26_27_28_33_metal_equipos_reparacion,Productos de metal equipos y reparacion,C,si,Rev.4,C,5,25|26|27|28|33,25|26 y 27|28|33,4,agregacion_rev4_para_compatibilidad,alta,Grupo amplio definido por reubicacion de reparacion e instalacion en Rev4 33.|Rev4 33 se agrega con metal/equipos para evitar quiebre artificial hacia atras.,38306072059.152405,38299504610.48979,14604370867.703943,14597803419.04133,9552465800.672337,9000.923812944446
2022,C,29_30_vehiculos_transporte,Vehiculos y otros equipos de transporte,C,si,Rev.4,C,5,29|30,29 y 30,1,agregacion_rev4_para_compatibilidad,baja,Agregado Rev4 definido para compatibilidad con 2001.,37667329006.09567,37554241983.9949,6226610030.633986,6113523008.533214,3132124207.528254,3134.480051609712
2022,C,31_32_muebles_otras_manufacturas,Muebles y otras manufacturas,C,si,Rev.4,C,5,31|32,31|32,2,agregacion_rev4_para_compatibilidad,baja,Agregado Rev4 definido para compatibilidad con Rev3 36.,3650165899.903804,3649622676.0480833,1853924099.4944584,1853380875.638739,1071560594.611881,1718.5376054918947
2023,C,10_11_12_alimentos_bebidas_tabaco,Alimentos bebidas y tabaco,C,si,Rev.4,C,5,10|11|12,10|11 y 12,2,agregacion_rev4_para_compatibilidad,baja,Agregado Rev4 definido para compatibilidad con 2001 y agrupaciones publicadas.,401400646889.5231,388523883524.45306,105475847076.602,92599083711.53192,53581663378.97118,49358.74032122068
2023,C,13_14_15_textiles_prendas_cuero,Textiles prendas y cuero,C,si,Rev.4,C,5,13|14|15,13|14|15,3,agregacion_rev4_para_compatibilidad,baja,Agregado Rev4 definido para compatibilidad con 2001.,16204219933.549181,16204142438.549181,4096636880.574137,4096559385.5741434,3456168162.8656187,4404.901493295694
2023,C,16_madera,Madera y productos de madera,C,si,Rev.4,C,5,16,16,1,uno_a_uno,baja,Division Rev4 conservada como grupo.,20004891208.71097,20004891208.71097,4611190476.455446,4611190476.455445,2647229290.218316,2959.481297085743
2023,C,17_18_papel_impresion,Papel impresion y reproduccion,C,si,Rev.4,C,5,17|18,17|18,2,agregacion_rev4_para_compatibilidad,media,Agregado Rev4 definido para compatibilidad con Rev3 21-22.,89668594246.71506,89668594245.69907,26907119600.552933,26907119599.536926,4963408228.427938,3852.282074496156
2023,C,19_refinacion,Coque y refinacion de petroleo,C,si,Rev.4,C,5,19,19,1,uno_a_uno,baja,Division Rev4 conservada como grupo.,94318579896.4886,65713488756.4886,41548361319.99998,12943270179.99998,5171941380.999999,2065.0
2023,C,20_21_22_quimicos_farma_caucho_plastico,Quimicos farmaceuticos caucho y plastico,C,si,Rev.4,C,5,20|21|22,20|21|22,3,agregacion_rev4_para_compatibilidad,baja,Agregado Rev4 definido para compatibilidad con Rev3 24-25.,93733353818.52847,93702386889.69029,30219505561.72579,30188538632.88761,16637750313.167135,10720.221720018893
2023,C,23_24_minerales_metales,Minerales no metalicos y metales comunes,C,si,Rev.4,C,5,23|24,23|24,2,agregacion_rev4_para_compatibilidad,baja,Agregado Rev4 definido para compatibilidad con 2001.,21957173436.640606,21957015519.35014,7822954740.509544,7822796823.219076,4553847974.394274,3398.8755449251503
2023,C,25_26_27_28_33_metal_equipos_reparacion,Productos de metal equipos y reparacion,C,si,Rev.4,C,5,25|26|27|28|33,25|26 y 27|28|33,4,agregacion_rev4_para_compatibilidad,alta,Grupo amplio definido por reubicacion de reparacion e instalacion en Rev4 33.|Rev4 33 se agrega con metal/equipos para evitar quiebre artificial hacia atras.,36278025587.95778,36269480457.29932,11772732024.82517,11764186894.166704,9152633407.376413,7781.475016093633
2023,C,29_30_vehiculos_transporte,Vehiculos y otros equipos de transporte,C,si,Rev.4,C,5,29|30,29 y 30,1,agregacion_rev4_para_compatibilidad,baja,Agregado Rev4 definido para compatibilidad con 2001.,32409644382.06126,32242975260.91941,5792712135.989747,5626043014.847899,3241101976.608372,3275.49526297452
2023,C,31_32_muebles_otras_manufacturas,Muebles y otras manufacturas,C,si,Rev.4,C,5,31|32,31|32,2,agregacion_rev4_para_compatibilidad,baja,Agregado Rev4 definido para compatibilidad con Rev3 36.,3617373248.938257,3617157649.3081617,1880099938.461306,1879884338.8312116,1214055748.3771365,1685.4686635707108
2024,C,10_11_12_alimentos_bebidas_tabaco,Alimentos bebidas y tabaco,C,si,Rev.4,C,5,10|11|12,10|11 y 12,2,agregacion_rev4_para_compatibilidad,baja,Agregado Rev4 definido para compatibilidad con 2001 y agrupaciones publicadas.,412802823656.92194,399475074506.659,114081269010.57193,100753519860.30898,57474566725.00681,50105.58558799861
2024,C,13_14_15_textiles_prendas_cuero,Textiles prendas y cuero,C,si,Rev.4,C,5,13|14|15,13|14|15,3,agregacion_rev4_para_compatibilidad,baja,Agregado Rev4 definido para compatibilidad con 2001.,17567328362.687695,17566878905.409077,4866810901.197735,4866361443.919119,4010124067.1167026,4687.078961905331
2024,C,16_madera,Madera y productos de madera,C,si,Rev.4,C,5,16,16,1,uno_a_uno,baja,Division Rev4 conservada como grupo.,18419656297.41493,18419656297.41493,4303662769.034304,4303662769.0343,3095589850.508492,3306.896086682609
2024,C,17_18_papel_impresion,Papel impresion y reproduccion,C,si,Rev.4,C,5,17|18,17|18,2,agregacion_rev4_para_compatibilidad,media,Agregado Rev4 definido para compatibilidad con Rev3 21-22.,121911258558.65295,121911258558.65295,43443549114.62546,43443549114.62546,5299919764.594859,3777.0787670510144
2024,C,19_refinacion,Coque y refinacion de petroleo,C,si,Rev.4,C,5,19,19,1,uno_a_uno,baja,Division Rev4 conservada como grupo.,86334638771.4249,54477929820.4249,30368750816.00001,-1487958134.99999,5717797939.000005,2124.0
2024,C,20_21_22_quimicos_farma_caucho_plastico,Quimicos farmaceuticos caucho y plastico,C,si,Rev.4,C,5,20|21|22,20|21|22,3,agregacion_rev4_para_compatibilidad,baja,Agregado Rev4 definido para compatibilidad con Rev3 24-25.,98714869546.59549,98672995288.79573,36346249542.180916,36304375284.381165,17421742436.54298,10603.35468419866
2024,C,23_24_minerales_metales,Minerales no metalicos y metales comunes,C,si,Rev.4,C,5,23|24,23|24,2,agregacion_rev4_para_compatibilidad,baja,Agregado Rev4 definido para compatibilidad con 2001.,21874509372.064484,21874081934.383972,8389800305.973864,8389372868.293353,4873448367.703802,3291.391911296485
2024,C,25_26_27_28_33_metal_equipos_reparacion,Productos de metal equipos y reparacion,C,si,Rev.4,C,5,25|26|27|28|33,25|26 y 27|28|33,4,agregacion_rev4_para_compatibilidad,alta,Grupo amplio definido por reubicacion de reparacion e instalacion en Rev4 33.|Rev4 33 se agrega con metal/equipos para evitar quiebre artificial hacia atras.,38324718916.42908,38315527694.74157,14704122129.111317,14694930907.423798,9928363717.086046,7955.042066332619
2024,C,29_30_vehiculos_transporte,Vehiculos y otros equipos de transporte,C,si,Rev.4,C,5,29|30,29 y 30,1,agregacion_rev4_para_compatibilidad,baja,Agregado Rev4 definido para compatibilidad con 2001.,37455101928.07415,37321895066.77987,5264185310.253814,5130978448.95953,3676195843.95901,3251.11111826836
2024,C,31_32_muebles_otras_manufacturas,Muebles y otras manufacturas,C,si,Rev.4,C,5,31|32,31|32,2,agregacion_rev4_para_compatibilidad,baja,Agregado Rev4 definido para compatibilidad con Rev3 36.,4666702222.853165,4666702222.853165,2201925428.715491,2201925428.715491,1426516920.3684723,1762.3879742876036
