fuente,archivo,pagina,tabla,anno,trimestre,variable,variable_etiqueta,valor,unidad
ciu,Inversion-en-Maquinaria-y-Equipos-3o-trimestre-2020.pdf,8,imeq,2011,2,imeq_industria_sin_refineria_ni_zf,Industria sin refinería ni ZF,158.0,indice_2002_100
ciu,Inversion-en-Maquinaria-y-Equipos-3o-trimestre-2020.pdf,8,imeq,2011,2,imeq_sector_privado_sin_celulosa,Sector privado sin celulosa,432.0,indice_2002_100
ciu,Inversion-en-Maquinaria-y-Equipos-3o-trimestre-2020.pdf,8,imeq,2011,2,imeq_sector_privado_sin_zf_ni_celulosa,Sector privado sin ZF ni celulosa,431.0,indice_2002_100
ciu,Inversion-en-Maquinaria-y-Equipos-3o-trimestre-2020.pdf,8,imeq,2011,2,imeq_total_economia_sin_celulosa,Economía sin celulosa,454.0,indice_2002_100
ciu,Inversion-en-Maquinaria-y-Equipos-3o-trimestre-2020.pdf,8,imeq,2011,3,imeq_industria_sin_refineria_ni_zf,Industria sin refinería ni ZF,208.0,indice_2002_100
ciu,Inversion-en-Maquinaria-y-Equipos-3o-trimestre-2020.pdf,8,imeq,2011,3,imeq_sector_privado_sin_celulosa,Sector privado sin celulosa,552.0,indice_2002_100
ciu,Inversion-en-Maquinaria-y-Equipos-3o-trimestre-2020.pdf,8,imeq,2011,3,imeq_sector_privado_sin_zf_ni_celulosa,Sector privado sin ZF ni celulosa,517.0,indice_2002_100
ciu,Inversion-en-Maquinaria-y-Equipos-3o-trimestre-2020.pdf,8,imeq,2011,3,imeq_total_economia_sin_celulosa,Economía sin celulosa,533.0,indice_2002_100
ciu,Inversion-en-Maquinaria-y-Equipos-3o-trimestre-2020.pdf,8,imeq,2011,4,imeq_industria_sin_refineria_ni_zf,Industria sin refinería ni ZF,269.0,indice_2002_100
ciu,Inversion-en-Maquinaria-y-Equipos-3o-trimestre-2020.pdf,8,imeq,2011,4,imeq_sector_privado_sin_celulosa,Sector privado sin celulosa,582.0,indice_2002_100
ciu,Inversion-en-Maquinaria-y-Equipos-3o-trimestre-2020.pdf,8,imeq,2011,4,imeq_sector_privado_sin_zf_ni_celulosa,Sector privado sin ZF ni celulosa,568.0,indice_2002_100
ciu,Inversion-en-Maquinaria-y-Equipos-3o-trimestre-2020.pdf,8,imeq,2011,4,imeq_total_economia_sin_celulosa,Economía sin celulosa,565.0,indice_2002_100
ciu,Inversion-en-Maquinaria-y-Equipos-3o-trimestre-2020.pdf,8,imeq,2012,1,imeq_industria_sin_refineria_ni_zf,Industria sin refinería ni ZF,169.0,indice_2002_100
ciu,Inversion-en-Maquinaria-y-Equipos-3o-trimestre-2020.pdf,8,imeq,2012,1,imeq_sector_privado_sin_celulosa,Sector privado sin celulosa,537.0,indice_2002_100
ciu,Inversion-en-Maquinaria-y-Equipos-3o-trimestre-2020.pdf,8,imeq,2012,1,imeq_sector_privado_sin_zf_ni_celulosa,Sector privado sin ZF ni celulosa,458.0,indice_2002_100
ciu,Inversion-en-Maquinaria-y-Equipos-3o-trimestre-2020.pdf,8,imeq,2012,1,imeq_total_economia_sin_celulosa,Economía sin celulosa,508.0,indice_2002_100
ciu,Inversion-en-Maquinaria-y-Equipos-3o-trimestre-2020.pdf,8,imeq,2012,2,imeq_industria_sin_refineria_ni_zf,Industria sin refinería ni ZF,160.0,indice_2002_100
ciu,Inversion-en-Maquinaria-y-Equipos-3o-trimestre-2020.pdf,8,imeq,2012,2,imeq_sector_privado_sin_celulosa,Sector privado sin celulosa,546.0,indice_2002_100
ciu,Inversion-en-Maquinaria-y-Equipos-3o-trimestre-2020.pdf,8,imeq,2012,2,imeq_sector_privado_sin_zf_ni_celulosa,Sector privado sin ZF ni celulosa,442.0,indice_2002_100
ciu,Inversion-en-Maquinaria-y-Equipos-3o-trimestre-2020.pdf,8,imeq,2012,2,imeq_total_economia_sin_celulosa,Economía sin celulosa,511.0,indice_2002_100
ciu,Inversion-en-Maquinaria-y-Equipos-3o-trimestre-2020.pdf,8,imeq,2012,3,imeq_industria_sin_refineria_ni_zf,Industria sin refinería ni ZF,188.0,indice_2002_100
ciu,Inversion-en-Maquinaria-y-Equipos-3o-trimestre-2020.pdf,8,imeq,2012,3,imeq_sector_privado_sin_celulosa,Sector privado sin celulosa,606.0,indice_2002_100
ciu,Inversion-en-Maquinaria-y-Equipos-3o-trimestre-2020.pdf,8,imeq,2012,3,imeq_sector_privado_sin_zf_ni_celulosa,Sector privado sin ZF ni celulosa,515.0,indice_2002_100
ciu,Inversion-en-Maquinaria-y-Equipos-3o-trimestre-2020.pdf,8,imeq,2012,3,imeq_total_economia_sin_celulosa,Economía sin celulosa,582.0,indice_2002_100
ciu,Inversion-en-Maquinaria-y-Equipos-3o-trimestre-2020.pdf,8,imeq,2012,4,imeq_industria_sin_refineria_ni_zf,Industria sin refinería ni ZF,249.0,indice_2002_100
ciu,Inversion-en-Maquinaria-y-Equipos-3o-trimestre-2020.pdf,8,imeq,2012,4,imeq_sector_privado_sin_celulosa,Sector privado sin celulosa,670.0,indice_2002_100
ciu,Inversion-en-Maquinaria-y-Equipos-3o-trimestre-2020.pdf,8,imeq,2012,4,imeq_sector_privado_sin_zf_ni_celulosa,Sector privado sin ZF ni celulosa,612.0,indice_2002_100
ciu,Inversion-en-Maquinaria-y-Equipos-3o-trimestre-2020.pdf,8,imeq,2012,4,imeq_total_economia_sin_celulosa,Economía sin celulosa,627.0,indice_2002_100
ciu,Inversion-en-Maquinaria-y-Equipos-3o-trimestre-2020.pdf,8,imeq,2013,1,imeq_industria_sin_refineria_ni_zf,Industria sin refinería ni ZF,210.0,indice_2002_100
ciu,Inversion-en-Maquinaria-y-Equipos-3o-trimestre-2020.pdf,8,imeq,2013,1,imeq_sector_privado_sin_celulosa,Sector privado sin celulosa,632.0,indice_2002_100
ciu,Inversion-en-Maquinaria-y-Equipos-3o-trimestre-2020.pdf,8,imeq,2013,1,imeq_sector_privado_sin_zf_ni_celulosa,Sector privado sin ZF ni celulosa,583.0,indice_2002_100
ciu,Inversion-en-Maquinaria-y-Equipos-3o-trimestre-2020.pdf,8,imeq,2013,1,imeq_total_economia_sin_celulosa,Economía sin celulosa,601.0,indice_2002_100
ciu,Inversion-en-Maquinaria-y-Equipos-3o-trimestre-2020.pdf,8,imeq,2013,2,imeq_industria_sin_refineria_ni_zf,Industria sin refinería ni ZF,279.0,indice_2002_100
ciu,Inversion-en-Maquinaria-y-Equipos-3o-trimestre-2020.pdf,8,imeq,2013,2,imeq_sector_privado_sin_celulosa,Sector privado sin celulosa,682.0,indice_2002_100
ciu,Inversion-en-Maquinaria-y-Equipos-3o-trimestre-2020.pdf,8,imeq,2013,2,imeq_sector_privado_sin_zf_ni_celulosa,Sector privado sin ZF ni celulosa,657.0,indice_2002_100
ciu,Inversion-en-Maquinaria-y-Equipos-3o-trimestre-2020.pdf,8,imeq,2013,2,imeq_total_economia_sin_celulosa,Economía sin celulosa,651.0,indice_2002_100
ciu,Inversion-en-Maquinaria-y-Equipos-3o-trimestre-2020.pdf,8,imeq,2013,3,imeq_industria_sin_refineria_ni_zf,Industria sin refinería ni ZF,274.0,indice_2002_100
ciu,Inversion-en-Maquinaria-y-Equipos-3o-trimestre-2020.pdf,8,imeq,2013,3,imeq_sector_privado_sin_celulosa,Sector privado sin celulosa,639.0,indice_2002_100
ciu,Inversion-en-Maquinaria-y-Equipos-3o-trimestre-2020.pdf,8,imeq,2013,3,imeq_sector_privado_sin_zf_ni_celulosa,Sector privado sin ZF ni celulosa,625.0,indice_2002_100
ciu,Inversion-en-Maquinaria-y-Equipos-3o-trimestre-2020.pdf,8,imeq,2013,3,imeq_total_economia_sin_celulosa,Economía sin celulosa,636.0,indice_2002_100
ciu,Inversion-en-Maquinaria-y-Equipos-3o-trimestre-2020.pdf,8,imeq,2013,4,imeq_industria_sin_refineria_ni_zf,Industria sin refinería ni ZF,220.0,indice_2002_100
ciu,Inversion-en-Maquinaria-y-Equipos-3o-trimestre-2020.pdf,8,imeq,2013,4,imeq_sector_privado_sin_celulosa,Sector privado sin celulosa,748.0,indice_2002_100
ciu,Inversion-en-Maquinaria-y-Equipos-3o-trimestre-2020.pdf,8,imeq,2013,4,imeq_sector_privado_sin_zf_ni_celulosa,Sector privado sin ZF ni celulosa,734.0,indice_2002_100
ciu,Inversion-en-Maquinaria-y-Equipos-3o-trimestre-2020.pdf,8,imeq,2013,4,imeq_total_economia_sin_celulosa,Economía sin celulosa,689.0,indice_2002_100
ciu,Inversion-en-Maquinaria-y-Equipos-3o-trimestre-2020.pdf,8,imeq,2014,1,imeq_industria_sin_refineria_ni_zf,Industria sin refinería ni ZF,203.0,indice_2002_100
ciu,Inversion-en-Maquinaria-y-Equipos-3o-trimestre-2020.pdf,8,imeq,2014,1,imeq_sector_privado_sin_celulosa,Sector privado sin celulosa,733.0,indice_2002_100
ciu,Inversion-en-Maquinaria-y-Equipos-3o-trimestre-2020.pdf,8,imeq,2014,1,imeq_sector_privado_sin_zf_ni_celulosa,Sector privado sin ZF ni celulosa,726.0,indice_2002_100
ciu,Inversion-en-Maquinaria-y-Equipos-3o-trimestre-2020.pdf,8,imeq,2014,1,imeq_total_economia_sin_celulosa,Economía sin celulosa,693.0,indice_2002_100
ciu,Inversion-en-Maquinaria-y-Equipos-3o-trimestre-2020.pdf,8,imeq,2014,2,imeq_industria_sin_refineria_ni_zf,Industria sin refinería ni ZF,189.0,indice_2002_100
ciu,Inversion-en-Maquinaria-y-Equipos-3o-trimestre-2020.pdf,8,imeq,2014,2,imeq_sector_privado_sin_celulosa,Sector privado sin celulosa,601.0,indice_2002_100
ciu,Inversion-en-Maquinaria-y-Equipos-3o-trimestre-2020.pdf,8,imeq,2014,2,imeq_sector_privado_sin_zf_ni_celulosa,Sector privado sin ZF ni celulosa,594.0,indice_2002_100
ciu,Inversion-en-Maquinaria-y-Equipos-3o-trimestre-2020.pdf,8,imeq,2014,2,imeq_total_economia_sin_celulosa,Economía sin celulosa,618.0,indice_2002_100
ciu,Inversion-en-Maquinaria-y-Equipos-3o-trimestre-2020.pdf,8,imeq,2014,3,imeq_industria_sin_refineria_ni_zf,Industria sin refinería ni ZF,363.0,indice_2002_100
ciu,Inversion-en-Maquinaria-y-Equipos-3o-trimestre-2020.pdf,8,imeq,2014,3,imeq_sector_privado_sin_celulosa,Sector privado sin celulosa,671.0,indice_2002_100
ciu,Inversion-en-Maquinaria-y-Equipos-3o-trimestre-2020.pdf,8,imeq,2014,3,imeq_sector_privado_sin_zf_ni_celulosa,Sector privado sin ZF ni celulosa,665.0,indice_2002_100
ciu,Inversion-en-Maquinaria-y-Equipos-3o-trimestre-2020.pdf,8,imeq,2014,3,imeq_total_economia_sin_celulosa,Economía sin celulosa,679.0,indice_2002_100
ciu,Inversion-en-Maquinaria-y-Equipos-3o-trimestre-2020.pdf,8,imeq,2014,4,imeq_industria_sin_refineria_ni_zf,Industria sin refinería ni ZF,365.0,indice_2002_100
ciu,Inversion-en-Maquinaria-y-Equipos-3o-trimestre-2020.pdf,8,imeq,2014,4,imeq_sector_privado_sin_celulosa,Sector privado sin celulosa,663.0,indice_2002_100
ciu,Inversion-en-Maquinaria-y-Equipos-3o-trimestre-2020.pdf,8,imeq,2014,4,imeq_sector_privado_sin_zf_ni_celulosa,Sector privado sin ZF ni celulosa,653.0,indice_2002_100
ciu,Inversion-en-Maquinaria-y-Equipos-3o-trimestre-2020.pdf,8,imeq,2014,4,imeq_total_economia_sin_celulosa,Economía sin celulosa,647.0,indice_2002_100
ciu,Inversion-en-Maquinaria-y-Equipos-3o-trimestre-2020.pdf,8,imeq,2015,1,imeq_industria_sin_refineria_ni_zf,Industria sin refinería ni ZF,207.0,indice_2002_100
ciu,Inversion-en-Maquinaria-y-Equipos-3o-trimestre-2020.pdf,8,imeq,2015,1,imeq_sector_privado_sin_celulosa,Sector privado sin celulosa,722.0,indice_2002_100
ciu,Inversion-en-Maquinaria-y-Equipos-3o-trimestre-2020.pdf,8,imeq,2015,1,imeq_sector_privado_sin_zf_ni_celulosa,Sector privado sin ZF ni celulosa,712.0,indice_2002_100
ciu,Inversion-en-Maquinaria-y-Equipos-3o-trimestre-2020.pdf,8,imeq,2015,1,imeq_total_economia_sin_celulosa,Economía sin celulosa,815.0,indice_2002_100
ciu,Inversion-en-Maquinaria-y-Equipos-3o-trimestre-2020.pdf,8,imeq,2015,2,imeq_industria_sin_refineria_ni_zf,Industria sin refinería ni ZF,154.0,indice_2002_100
ciu,Inversion-en-Maquinaria-y-Equipos-3o-trimestre-2020.pdf,8,imeq,2015,2,imeq_sector_privado_sin_celulosa,Sector privado sin celulosa,592.0,indice_2002_100
ciu,Inversion-en-Maquinaria-y-Equipos-3o-trimestre-2020.pdf,8,imeq,2015,2,imeq_sector_privado_sin_zf_ni_celulosa,Sector privado sin ZF ni celulosa,587.0,indice_2002_100
ciu,Inversion-en-Maquinaria-y-Equipos-3o-trimestre-2020.pdf,8,imeq,2015,2,imeq_total_economia_sin_celulosa,Economía sin celulosa,596.0,indice_2002_100
ciu,Inversion-en-Maquinaria-y-Equipos-3o-trimestre-2020.pdf,8,imeq,2015,3,imeq_industria_sin_refineria_ni_zf,Industria sin refinería ni ZF,259.0,indice_2002_100
ciu,Inversion-en-Maquinaria-y-Equipos-3o-trimestre-2020.pdf,8,imeq,2015,3,imeq_sector_privado_sin_celulosa,Sector privado sin celulosa,488.0,indice_2002_100
ciu,Inversion-en-Maquinaria-y-Equipos-3o-trimestre-2020.pdf,8,imeq,2015,3,imeq_sector_privado_sin_zf_ni_celulosa,Sector privado sin ZF ni celulosa,482.0,indice_2002_100
ciu,Inversion-en-Maquinaria-y-Equipos-3o-trimestre-2020.pdf,8,imeq,2015,3,imeq_total_economia_sin_celulosa,Economía sin celulosa,466.0,indice_2002_100
ciu,Inversion-en-Maquinaria-y-Equipos-3o-trimestre-2020.pdf,8,imeq,2015,4,imeq_industria_sin_refineria_ni_zf,Industria sin refinería ni ZF,261.0,indice_2002_100
ciu,Inversion-en-Maquinaria-y-Equipos-3o-trimestre-2020.pdf,8,imeq,2015,4,imeq_sector_privado_sin_celulosa,Sector privado sin celulosa,510.0,indice_2002_100
ciu,Inversion-en-Maquinaria-y-Equipos-3o-trimestre-2020.pdf,8,imeq,2015,4,imeq_sector_privado_sin_zf_ni_celulosa,Sector privado sin ZF ni celulosa,500.0,indice_2002_100
ciu,Inversion-en-Maquinaria-y-Equipos-3o-trimestre-2020.pdf,8,imeq,2015,4,imeq_total_economia_sin_celulosa,Economía sin celulosa,457.0,indice_2002_100
ciu,Inversion-en-Maquinaria-y-Equipos-3o-trimestre-2020.pdf,8,imeq,2016,1,imeq_industria_sin_refineria_ni_zf,Industria sin refinería ni ZF,280.0,indice_2002_100
ciu,Inversion-en-Maquinaria-y-Equipos-3o-trimestre-2020.pdf,8,imeq,2016,1,imeq_sector_privado_sin_celulosa,Sector privado sin celulosa,422.0,indice_2002_100
ciu,Inversion-en-Maquinaria-y-Equipos-3o-trimestre-2020.pdf,8,imeq,2016,1,imeq_sector_privado_sin_zf_ni_celulosa,Sector privado sin ZF ni celulosa,412.0,indice_2002_100
ciu,Inversion-en-Maquinaria-y-Equipos-3o-trimestre-2020.pdf,8,imeq,2016,1,imeq_total_economia_sin_celulosa,Economía sin celulosa,426.0,indice_2002_100
ciu,Inversion-en-Maquinaria-y-Equipos-3o-trimestre-2020.pdf,8,imeq,2016,2,imeq_industria_sin_refineria_ni_zf,Industria sin refinería ni ZF,289.0,indice_2002_100
ciu,Inversion-en-Maquinaria-y-Equipos-3o-trimestre-2020.pdf,8,imeq,2016,2,imeq_sector_privado_sin_celulosa,Sector privado sin celulosa,725.0,indice_2002_100
ciu,Inversion-en-Maquinaria-y-Equipos-3o-trimestre-2020.pdf,8,imeq,2016,2,imeq_sector_privado_sin_zf_ni_celulosa,Sector privado sin ZF ni celulosa,718.0,indice_2002_100
ciu,Inversion-en-Maquinaria-y-Equipos-3o-trimestre-2020.pdf,8,imeq,2016,2,imeq_total_economia_sin_celulosa,Economía sin celulosa,683.0,indice_2002_100
ciu,Inversion-en-Maquinaria-y-Equipos-3o-trimestre-2020.pdf,8,imeq,2016,3,imeq_industria_sin_refineria_ni_zf,Industria sin refinería ni ZF,225.0,indice_2002_100
ciu,Inversion-en-Maquinaria-y-Equipos-3o-trimestre-2020.pdf,8,imeq,2016,3,imeq_sector_privado_sin_celulosa,Sector privado sin celulosa,583.0,indice_2002_100
ciu,Inversion-en-Maquinaria-y-Equipos-3o-trimestre-2020.pdf,8,imeq,2016,3,imeq_sector_privado_sin_zf_ni_celulosa,Sector privado sin ZF ni celulosa,577.0,indice_2002_100
ciu,Inversion-en-Maquinaria-y-Equipos-3o-trimestre-2020.pdf,8,imeq,2016,3,imeq_total_economia_sin_celulosa,Economía sin celulosa,556.0,indice_2002_100
ciu,Inversion-en-Maquinaria-y-Equipos-3o-trimestre-2020.pdf,8,imeq,2016,4,imeq_industria_sin_refineria_ni_zf,Industria sin refinería ni ZF,215.0,indice_2002_100
ciu,Inversion-en-Maquinaria-y-Equipos-3o-trimestre-2020.pdf,8,imeq,2016,4,imeq_sector_privado_sin_celulosa,Sector privado sin celulosa,503.0,indice_2002_100
ciu,Inversion-en-Maquinaria-y-Equipos-3o-trimestre-2020.pdf,8,imeq,2016,4,imeq_sector_privado_sin_zf_ni_celulosa,Sector privado sin ZF ni celulosa,495.0,indice_2002_100
ciu,Inversion-en-Maquinaria-y-Equipos-3o-trimestre-2020.pdf,8,imeq,2016,4,imeq_total_economia_sin_celulosa,Economía sin celulosa,464.0,indice_2002_100
ciu,IMEQN69-1Trim2026.pdf,10,imeq,2017,1,imeq_industria_sin_refineria_ni_zf,Industria sin refinería ni ZF,171.0,indice_2002_100
ciu,IMEQN69-1Trim2026.pdf,10,imeq,2017,1,imeq_sector_privado_sin_celulosa,Sector privado sin celulosa,445.0,indice_2002_100
ciu,IMEQN69-1Trim2026.pdf,10,imeq,2017,1,imeq_sector_privado_sin_zf_ni_celulosa,Sector privado sin ZF ni celulosa,440.0,indice_2002_100
ciu,IMEQN69-1Trim2026.pdf,10,imeq,2017,1,imeq_total_economia_sin_celulosa,Economía sin celulosa,420.0,indice_2002_100
ciu,IMEQN69-1Trim2026.pdf,10,imeq,2017,2,imeq_industria_sin_refineria_ni_zf,Industria sin refinería ni ZF,189.0,indice_2002_100
ciu,IMEQN69-1Trim2026.pdf,10,imeq,2017,2,imeq_sector_privado_sin_celulosa,Sector privado sin celulosa,447.0,indice_2002_100
ciu,IMEQN69-1Trim2026.pdf,10,imeq,2017,2,imeq_sector_privado_sin_zf_ni_celulosa,Sector privado sin ZF ni celulosa,431.0,indice_2002_100
ciu,IMEQN69-1Trim2026.pdf,10,imeq,2017,2,imeq_total_economia_sin_celulosa,Economía sin celulosa,430.0,indice_2002_100
ciu,IMEQN69-1Trim2026.pdf,10,imeq,2017,3,imeq_industria_sin_refineria_ni_zf,Industria sin refinería ni ZF,179.0,indice_2002_100
ciu,IMEQN69-1Trim2026.pdf,10,imeq,2017,3,imeq_sector_privado_sin_celulosa,Sector privado sin celulosa,431.0,indice_2002_100
ciu,IMEQN69-1Trim2026.pdf,10,imeq,2017,3,imeq_sector_privado_sin_zf_ni_celulosa,Sector privado sin ZF ni celulosa,427.0,indice_2002_100
ciu,IMEQN69-1Trim2026.pdf,10,imeq,2017,3,imeq_total_economia_sin_celulosa,Economía sin celulosa,395.0,indice_2002_100
ciu,IMEQN69-1Trim2026.pdf,10,imeq,2017,4,imeq_industria_sin_refineria_ni_zf,Industria sin refinería ni ZF,170.0,indice_2002_100
ciu,IMEQN69-1Trim2026.pdf,10,imeq,2017,4,imeq_sector_privado_sin_celulosa,Sector privado sin celulosa,513.0,indice_2002_100
ciu,IMEQN69-1Trim2026.pdf,10,imeq,2017,4,imeq_sector_privado_sin_zf_ni_celulosa,Sector privado sin ZF ni celulosa,506.0,indice_2002_100
ciu,IMEQN69-1Trim2026.pdf,10,imeq,2017,4,imeq_total_economia_sin_celulosa,Economía sin celulosa,477.0,indice_2002_100
ciu,IMEQN69-1Trim2026.pdf,10,imeq,2018,1,imeq_industria_sin_refineria_ni_zf,Industria sin refinería ni ZF,239.0,indice_2002_100
ciu,IMEQN69-1Trim2026.pdf,10,imeq,2018,1,imeq_sector_privado_sin_celulosa,Sector privado sin celulosa,429.0,indice_2002_100
ciu,IMEQN69-1Trim2026.pdf,10,imeq,2018,1,imeq_sector_privado_sin_zf_ni_celulosa,Sector privado sin ZF ni celulosa,419.0,indice_2002_100
ciu,IMEQN69-1Trim2026.pdf,10,imeq,2018,1,imeq_total_economia_sin_celulosa,Economía sin celulosa,424.0,indice_2002_100
ciu,IMEQN69-1Trim2026.pdf,10,imeq,2018,2,imeq_industria_sin_refineria_ni_zf,Industria sin refinería ni ZF,219.0,indice_2002_100
ciu,IMEQN69-1Trim2026.pdf,10,imeq,2018,2,imeq_sector_privado_sin_celulosa,Sector privado sin celulosa,530.0,indice_2002_100
ciu,IMEQN69-1Trim2026.pdf,10,imeq,2018,2,imeq_sector_privado_sin_zf_ni_celulosa,Sector privado sin ZF ni celulosa,513.0,indice_2002_100
ciu,IMEQN69-1Trim2026.pdf,10,imeq,2018,2,imeq_total_economia_sin_celulosa,Economía sin celulosa,524.0,indice_2002_100
ciu,IMEQN69-1Trim2026.pdf,10,imeq,2018,3,imeq_industria_sin_refineria_ni_zf,Industria sin refinería ni ZF,236.0,indice_2002_100
ciu,IMEQN69-1Trim2026.pdf,10,imeq,2018,3,imeq_sector_privado_sin_celulosa,Sector privado sin celulosa,461.0,indice_2002_100
ciu,IMEQN69-1Trim2026.pdf,10,imeq,2018,3,imeq_sector_privado_sin_zf_ni_celulosa,Sector privado sin ZF ni celulosa,455.0,indice_2002_100
ciu,IMEQN69-1Trim2026.pdf,10,imeq,2018,3,imeq_total_economia_sin_celulosa,Economía sin celulosa,435.0,indice_2002_100
ciu,IMEQN69-1Trim2026.pdf,10,imeq,2018,4,imeq_industria_sin_refineria_ni_zf,Industria sin refinería ni ZF,189.0,indice_2002_100
ciu,IMEQN69-1Trim2026.pdf,10,imeq,2018,4,imeq_sector_privado_sin_celulosa,Sector privado sin celulosa,479.0,indice_2002_100
ciu,IMEQN69-1Trim2026.pdf,10,imeq,2018,4,imeq_sector_privado_sin_zf_ni_celulosa,Sector privado sin ZF ni celulosa,468.0,indice_2002_100
ciu,IMEQN69-1Trim2026.pdf,10,imeq,2018,4,imeq_total_economia_sin_celulosa,Economía sin celulosa,438.0,indice_2002_100
ciu,IMEQN69-1Trim2026.pdf,10,imeq,2019,1,imeq_industria_sin_refineria_ni_zf,Industria sin refinería ni ZF,215.0,indice_2002_100
ciu,IMEQN69-1Trim2026.pdf,10,imeq,2019,1,imeq_sector_privado_sin_celulosa,Sector privado sin celulosa,412.0,indice_2002_100
ciu,IMEQN69-1Trim2026.pdf,10,imeq,2019,1,imeq_sector_privado_sin_zf_ni_celulosa,Sector privado sin ZF ni celulosa,405.0,indice_2002_100
ciu,IMEQN69-1Trim2026.pdf,10,imeq,2019,1,imeq_total_economia_sin_celulosa,Economía sin celulosa,413.0,indice_2002_100
ciu,IMEQN69-1Trim2026.pdf,10,imeq,2019,2,imeq_industria_sin_refineria_ni_zf,Industria sin refinería ni ZF,212.0,indice_2002_100
ciu,IMEQN69-1Trim2026.pdf,10,imeq,2019,2,imeq_sector_privado_sin_celulosa,Sector privado sin celulosa,456.0,indice_2002_100
ciu,IMEQN69-1Trim2026.pdf,10,imeq,2019,2,imeq_sector_privado_sin_zf_ni_celulosa,Sector privado sin ZF ni celulosa,446.0,indice_2002_100
ciu,IMEQN69-1Trim2026.pdf,10,imeq,2019,2,imeq_total_economia_sin_celulosa,Economía sin celulosa,437.0,indice_2002_100
ciu,IMEQN69-1Trim2026.pdf,10,imeq,2019,3,imeq_industria_sin_refineria_ni_zf,Industria sin refinería ni ZF,251.0,indice_2002_100
ciu,IMEQN69-1Trim2026.pdf,10,imeq,2019,3,imeq_sector_privado_sin_celulosa,Sector privado sin celulosa,504.0,indice_2002_100
ciu,IMEQN69-1Trim2026.pdf,10,imeq,2019,3,imeq_sector_privado_sin_zf_ni_celulosa,Sector privado sin ZF ni celulosa,495.0,indice_2002_100
ciu,IMEQN69-1Trim2026.pdf,10,imeq,2019,3,imeq_total_economia_sin_celulosa,Economía sin celulosa,466.0,indice_2002_100
ciu,IMEQN69-1Trim2026.pdf,10,imeq,2019,4,imeq_industria_sin_refineria_ni_zf,Industria sin refinería ni ZF,176.0,indice_2002_100
ciu,IMEQN69-1Trim2026.pdf,10,imeq,2019,4,imeq_sector_privado_sin_celulosa,Sector privado sin celulosa,532.0,indice_2002_100
ciu,IMEQN69-1Trim2026.pdf,10,imeq,2019,4,imeq_sector_privado_sin_zf_ni_celulosa,Sector privado sin ZF ni celulosa,518.0,indice_2002_100
ciu,IMEQN69-1Trim2026.pdf,10,imeq,2019,4,imeq_total_economia_sin_celulosa,Economía sin celulosa,489.0,indice_2002_100
ciu,IMEQN69-1Trim2026.pdf,10,imeq,2020,1,imeq_industria_sin_refineria_ni_zf,Industria sin refinería ni ZF,161.0,indice_2002_100
ciu,IMEQN69-1Trim2026.pdf,10,imeq,2020,1,imeq_sector_privado_sin_celulosa,Sector privado sin celulosa,483.0,indice_2002_100
ciu,IMEQN69-1Trim2026.pdf,10,imeq,2020,1,imeq_sector_privado_sin_zf_ni_celulosa,Sector privado sin ZF ni celulosa,475.0,indice_2002_100
ciu,IMEQN69-1Trim2026.pdf,10,imeq,2020,1,imeq_total_economia_sin_celulosa,Economía sin celulosa,465.0,indice_2002_100
ciu,IMEQN69-1Trim2026.pdf,10,imeq,2020,2,imeq_industria_sin_refineria_ni_zf,Industria sin refinería ni ZF,156.0,indice_2002_100
ciu,IMEQN69-1Trim2026.pdf,10,imeq,2020,2,imeq_sector_privado_sin_celulosa,Sector privado sin celulosa,351.0,indice_2002_100
ciu,IMEQN69-1Trim2026.pdf,10,imeq,2020,2,imeq_sector_privado_sin_zf_ni_celulosa,Sector privado sin ZF ni celulosa,347.0,indice_2002_100
ciu,IMEQN69-1Trim2026.pdf,10,imeq,2020,2,imeq_total_economia_sin_celulosa,Economía sin celulosa,349.0,indice_2002_100
ciu,IMEQN69-1Trim2026.pdf,10,imeq,2020,3,imeq_industria_sin_refineria_ni_zf,Industria sin refinería ni ZF,288.0,indice_2002_100
ciu,IMEQN69-1Trim2026.pdf,10,imeq,2020,3,imeq_sector_privado_sin_celulosa,Sector privado sin celulosa,475.0,indice_2002_100
ciu,IMEQN69-1Trim2026.pdf,10,imeq,2020,3,imeq_sector_privado_sin_zf_ni_celulosa,Sector privado sin ZF ni celulosa,468.0,indice_2002_100
ciu,IMEQN69-1Trim2026.pdf,10,imeq,2020,3,imeq_total_economia_sin_celulosa,Economía sin celulosa,439.0,indice_2002_100
ciu,IMEQN69-1Trim2026.pdf,10,imeq,2020,4,imeq_industria_sin_refineria_ni_zf,Industria sin refinería ni ZF,238.0,indice_2002_100
ciu,IMEQN69-1Trim2026.pdf,10,imeq,2020,4,imeq_sector_privado_sin_celulosa,Sector privado sin celulosa,546.0,indice_2002_100
ciu,IMEQN69-1Trim2026.pdf,10,imeq,2020,4,imeq_sector_privado_sin_zf_ni_celulosa,Sector privado sin ZF ni celulosa,521.0,indice_2002_100
ciu,IMEQN69-1Trim2026.pdf,10,imeq,2020,4,imeq_total_economia_sin_celulosa,Economía sin celulosa,487.0,indice_2002_100
ciu,IMEQN69-1Trim2026.pdf,10,imeq,2021,1,imeq_industria_sin_refineria_ni_zf,Industria sin refinería ni ZF,238.0,indice_2002_100
ciu,IMEQN69-1Trim2026.pdf,10,imeq,2021,1,imeq_sector_privado_sin_celulosa,Sector privado sin celulosa,489.0,indice_2002_100
ciu,IMEQN69-1Trim2026.pdf,10,imeq,2021,1,imeq_sector_privado_sin_zf_ni_celulosa,Sector privado sin ZF ni celulosa,471.0,indice_2002_100
ciu,IMEQN69-1Trim2026.pdf,10,imeq,2021,1,imeq_total_economia_sin_celulosa,Economía sin celulosa,451.0,indice_2002_100
ciu,IMEQN69-1Trim2026.pdf,10,imeq,2021,2,imeq_industria_sin_refineria_ni_zf,Industria sin refinería ni ZF,313.0,indice_2002_100
ciu,IMEQN69-1Trim2026.pdf,10,imeq,2021,2,imeq_sector_privado_sin_celulosa,Sector privado sin celulosa,634.0,indice_2002_100
ciu,IMEQN69-1Trim2026.pdf,10,imeq,2021,2,imeq_sector_privado_sin_zf_ni_celulosa,Sector privado sin ZF ni celulosa,581.0,indice_2002_100
ciu,IMEQN69-1Trim2026.pdf,10,imeq,2021,2,imeq_total_economia_sin_celulosa,Economía sin celulosa,572.0,indice_2002_100
ciu,IMEQN69-1Trim2026.pdf,10,imeq,2021,3,imeq_industria_sin_refineria_ni_zf,Industria sin refinería ni ZF,227.0,indice_2002_100
ciu,IMEQN69-1Trim2026.pdf,10,imeq,2021,3,imeq_sector_privado_sin_celulosa,Sector privado sin celulosa,597.0,indice_2002_100
ciu,IMEQN69-1Trim2026.pdf,10,imeq,2021,3,imeq_sector_privado_sin_zf_ni_celulosa,Sector privado sin ZF ni celulosa,517.0,indice_2002_100
ciu,IMEQN69-1Trim2026.pdf,10,imeq,2021,3,imeq_total_economia_sin_celulosa,Economía sin celulosa,563.0,indice_2002_100
ciu,IMEQN69-1Trim2026.pdf,10,imeq,2021,4,imeq_industria_sin_refineria_ni_zf,Industria sin refinería ni ZF,168.0,indice_2002_100
ciu,IMEQN69-1Trim2026.pdf,10,imeq,2021,4,imeq_sector_privado_sin_celulosa,Sector privado sin celulosa,680.0,indice_2002_100
ciu,IMEQN69-1Trim2026.pdf,10,imeq,2021,4,imeq_sector_privado_sin_zf_ni_celulosa,Sector privado sin ZF ni celulosa,583.0,indice_2002_100
ciu,IMEQN69-1Trim2026.pdf,10,imeq,2021,4,imeq_total_economia_sin_celulosa,Economía sin celulosa,625.0,indice_2002_100
ciu,IMEQN69-1Trim2026.pdf,10,imeq,2022,1,imeq_industria_sin_refineria_ni_zf,Industria sin refinería ni ZF,177.0,indice_2002_100
ciu,IMEQN69-1Trim2026.pdf,10,imeq,2022,1,imeq_sector_privado_sin_celulosa,Sector privado sin celulosa,625.0,indice_2002_100
ciu,IMEQN69-1Trim2026.pdf,10,imeq,2022,1,imeq_sector_privado_sin_zf_ni_celulosa,Sector privado sin ZF ni celulosa,557.0,indice_2002_100
ciu,IMEQN69-1Trim2026.pdf,10,imeq,2022,1,imeq_total_economia_sin_celulosa,Economía sin celulosa,583.0,indice_2002_100
ciu,IMEQN69-1Trim2026.pdf,10,imeq,2022,2,imeq_industria_sin_refineria_ni_zf,Industria sin refinería ni ZF,162.0,indice_2002_100
ciu,IMEQN69-1Trim2026.pdf,10,imeq,2022,2,imeq_sector_privado_sin_celulosa,Sector privado sin celulosa,579.0,indice_2002_100
ciu,IMEQN69-1Trim2026.pdf,10,imeq,2022,2,imeq_sector_privado_sin_zf_ni_celulosa,Sector privado sin ZF ni celulosa,555.0,indice_2002_100
ciu,IMEQN69-1Trim2026.pdf,10,imeq,2022,2,imeq_total_economia_sin_celulosa,Economía sin celulosa,534.0,indice_2002_100
ciu,IMEQN69-1Trim2026.pdf,10,imeq,2022,3,imeq_industria_sin_refineria_ni_zf,Industria sin refinería ni ZF,227.0,indice_2002_100
ciu,IMEQN69-1Trim2026.pdf,10,imeq,2022,3,imeq_sector_privado_sin_celulosa,Sector privado sin celulosa,683.0,indice_2002_100
ciu,IMEQN69-1Trim2026.pdf,10,imeq,2022,3,imeq_sector_privado_sin_zf_ni_celulosa,Sector privado sin ZF ni celulosa,668.0,indice_2002_100
ciu,IMEQN69-1Trim2026.pdf,10,imeq,2022,3,imeq_total_economia_sin_celulosa,Economía sin celulosa,627.0,indice_2002_100
ciu,IMEQN69-1Trim2026.pdf,10,imeq,2022,4,imeq_industria_sin_refineria_ni_zf,Industria sin refinería ni ZF,173.0,indice_2002_100
ciu,IMEQN69-1Trim2026.pdf,10,imeq,2022,4,imeq_sector_privado_sin_celulosa,Sector privado sin celulosa,699.0,indice_2002_100
ciu,IMEQN69-1Trim2026.pdf,10,imeq,2022,4,imeq_sector_privado_sin_zf_ni_celulosa,Sector privado sin ZF ni celulosa,685.0,indice_2002_100
ciu,IMEQN69-1Trim2026.pdf,10,imeq,2022,4,imeq_total_economia_sin_celulosa,Economía sin celulosa,639.0,indice_2002_100
ciu,IMEQN69-1Trim2026.pdf,10,imeq,2023,1,imeq_industria_sin_refineria_ni_zf,Industria sin refinería ni ZF,193.0,indice_2002_100
ciu,IMEQN69-1Trim2026.pdf,10,imeq,2023,1,imeq_sector_privado_sin_celulosa,Sector privado sin celulosa,619.0,indice_2002_100
ciu,IMEQN69-1Trim2026.pdf,10,imeq,2023,1,imeq_sector_privado_sin_zf_ni_celulosa,Sector privado sin ZF ni celulosa,598.0,indice_2002_100
ciu,IMEQN69-1Trim2026.pdf,10,imeq,2023,1,imeq_total_economia_sin_celulosa,Economía sin celulosa,596.0,indice_2002_100
ciu,IMEQN69-1Trim2026.pdf,10,imeq,2023,2,imeq_industria_sin_refineria_ni_zf,Industria sin refinería ni ZF,226.0,indice_2002_100
ciu,IMEQN69-1Trim2026.pdf,10,imeq,2023,2,imeq_sector_privado_sin_celulosa,Sector privado sin celulosa,586.0,indice_2002_100
ciu,IMEQN69-1Trim2026.pdf,10,imeq,2023,2,imeq_sector_privado_sin_zf_ni_celulosa,Sector privado sin ZF ni celulosa,573.0,indice_2002_100
ciu,IMEQN69-1Trim2026.pdf,10,imeq,2023,2,imeq_total_economia_sin_celulosa,Economía sin celulosa,542.0,indice_2002_100
ciu,IMEQN69-1Trim2026.pdf,10,imeq,2023,3,imeq_industria_sin_refineria_ni_zf,Industria sin refinería ni ZF,184.0,indice_2002_100
ciu,IMEQN69-1Trim2026.pdf,10,imeq,2023,3,imeq_sector_privado_sin_celulosa,Sector privado sin celulosa,640.0,indice_2002_100
ciu,IMEQN69-1Trim2026.pdf,10,imeq,2023,3,imeq_sector_privado_sin_zf_ni_celulosa,Sector privado sin ZF ni celulosa,628.0,indice_2002_100
ciu,IMEQN69-1Trim2026.pdf,10,imeq,2023,3,imeq_total_economia_sin_celulosa,Economía sin celulosa,580.0,indice_2002_100
ciu,IMEQN69-1Trim2026.pdf,10,imeq,2023,4,imeq_industria_sin_refineria_ni_zf,Industria sin refinería ni ZF,183.0,indice_2002_100
ciu,IMEQN69-1Trim2026.pdf,10,imeq,2023,4,imeq_sector_privado_sin_celulosa,Sector privado sin celulosa,686.0,indice_2002_100
ciu,IMEQN69-1Trim2026.pdf,10,imeq,2023,4,imeq_sector_privado_sin_zf_ni_celulosa,Sector privado sin ZF ni celulosa,675.0,indice_2002_100
ciu,IMEQN69-1Trim2026.pdf,10,imeq,2023,4,imeq_total_economia_sin_celulosa,Economía sin celulosa,618.0,indice_2002_100
ciu,IMEQN69-1Trim2026.pdf,10,imeq,2024,1,imeq_industria_sin_refineria_ni_zf,Industria sin refinería ni ZF,148.0,indice_2002_100
ciu,IMEQN69-1Trim2026.pdf,10,imeq,2024,1,imeq_sector_privado_sin_celulosa,Sector privado sin celulosa,554.0,indice_2002_100
ciu,IMEQN69-1Trim2026.pdf,10,imeq,2024,1,imeq_sector_privado_sin_zf_ni_celulosa,Sector privado sin ZF ni celulosa,538.0,indice_2002_100
ciu,IMEQN69-1Trim2026.pdf,10,imeq,2024,1,imeq_total_economia_sin_celulosa,Economía sin celulosa,534.0,indice_2002_100
ciu,IMEQN69-1Trim2026.pdf,10,imeq,2024,2,imeq_industria_sin_refineria_ni_zf,Industria sin refinería ni ZF,168.0,indice_2002_100
ciu,IMEQN69-1Trim2026.pdf,10,imeq,2024,2,imeq_sector_privado_sin_celulosa,Sector privado sin celulosa,592.0,indice_2002_100
ciu,IMEQN69-1Trim2026.pdf,10,imeq,2024,2,imeq_sector_privado_sin_zf_ni_celulosa,Sector privado sin ZF ni celulosa,577.0,indice_2002_100
ciu,IMEQN69-1Trim2026.pdf,10,imeq,2024,2,imeq_total_economia_sin_celulosa,Economía sin celulosa,543.0,indice_2002_100
ciu,IMEQN69-1Trim2026.pdf,10,imeq,2024,3,imeq_industria_sin_refineria_ni_zf,Industria sin refinería ni ZF,119.0,indice_2002_100
ciu,IMEQN69-1Trim2026.pdf,10,imeq,2024,3,imeq_sector_privado_sin_celulosa,Sector privado sin celulosa,538.0,indice_2002_100
ciu,IMEQN69-1Trim2026.pdf,10,imeq,2024,3,imeq_sector_privado_sin_zf_ni_celulosa,Sector privado sin ZF ni celulosa,531.0,indice_2002_100
ciu,IMEQN69-1Trim2026.pdf,10,imeq,2024,3,imeq_total_economia_sin_celulosa,Economía sin celulosa,480.0,indice_2002_100
ciu,IMEQN69-1Trim2026.pdf,10,imeq,2024,4,imeq_industria_sin_refineria_ni_zf,Industria sin refinería ni ZF,359.0,indice_2002_100
ciu,IMEQN69-1Trim2026.pdf,10,imeq,2024,4,imeq_sector_privado_sin_celulosa,Sector privado sin celulosa,779.0,indice_2002_100
ciu,IMEQN69-1Trim2026.pdf,10,imeq,2024,4,imeq_sector_privado_sin_zf_ni_celulosa,Sector privado sin ZF ni celulosa,763.0,indice_2002_100
ciu,IMEQN69-1Trim2026.pdf,10,imeq,2024,4,imeq_total_economia_sin_celulosa,Economía sin celulosa,695.0,indice_2002_100
ciu,IMEQN69-1Trim2026.pdf,10,imeq,2025,1,imeq_industria_sin_refineria_ni_zf,Industria sin refinería ni ZF,391.0,indice_2002_100
ciu,IMEQN69-1Trim2026.pdf,10,imeq,2025,1,imeq_sector_privado_sin_celulosa,Sector privado sin celulosa,709.0,indice_2002_100
ciu,IMEQN69-1Trim2026.pdf,10,imeq,2025,1,imeq_sector_privado_sin_zf_ni_celulosa,Sector privado sin ZF ni celulosa,681.0,indice_2002_100
ciu,IMEQN69-1Trim2026.pdf,10,imeq,2025,1,imeq_total_economia_sin_celulosa,Economía sin celulosa,644.0,indice_2002_100
ciu,IMEQN69-1Trim2026.pdf,10,imeq,2025,2,imeq_industria_sin_refineria_ni_zf,Industria sin refinería ni ZF,235.0,indice_2002_100
ciu,IMEQN69-1Trim2026.pdf,10,imeq,2025,2,imeq_sector_privado_sin_celulosa,Sector privado sin celulosa,567.0,indice_2002_100
ciu,IMEQN69-1Trim2026.pdf,10,imeq,2025,2,imeq_sector_privado_sin_zf_ni_celulosa,Sector privado sin ZF ni celulosa,550.0,indice_2002_100
ciu,IMEQN69-1Trim2026.pdf,10,imeq,2025,2,imeq_total_economia_sin_celulosa,Economía sin celulosa,502.0,indice_2002_100
ciu,IMEQN69-1Trim2026.pdf,10,imeq,2025,3,imeq_industria_sin_refineria_ni_zf,Industria sin refinería ni ZF,453.0,indice_2002_100
ciu,IMEQN69-1Trim2026.pdf,10,imeq,2025,3,imeq_sector_privado_sin_celulosa,Sector privado sin celulosa,775.0,indice_2002_100
ciu,IMEQN69-1Trim2026.pdf,10,imeq,2025,3,imeq_sector_privado_sin_zf_ni_celulosa,Sector privado sin ZF ni celulosa,725.0,indice_2002_100
ciu,IMEQN69-1Trim2026.pdf,10,imeq,2025,3,imeq_total_economia_sin_celulosa,Economía sin celulosa,671.0,indice_2002_100
ciu,IMEQN69-1Trim2026.pdf,10,imeq,2025,4,imeq_industria_sin_refineria_ni_zf,Industria sin refinería ni ZF,212.0,indice_2002_100
ciu,IMEQN69-1Trim2026.pdf,10,imeq,2025,4,imeq_sector_privado_sin_celulosa,Sector privado sin celulosa,778.0,indice_2002_100
ciu,IMEQN69-1Trim2026.pdf,10,imeq,2025,4,imeq_sector_privado_sin_zf_ni_celulosa,Sector privado sin ZF ni celulosa,699.0,indice_2002_100
ciu,IMEQN69-1Trim2026.pdf,10,imeq,2025,4,imeq_total_economia_sin_celulosa,Economía sin celulosa,692.0,indice_2002_100
ciu,IMEQN69-1Trim2026.pdf,10,imeq,2026,1,imeq_industria_sin_refineria_ni_zf,Industria sin refinería ni ZF,214.0,indice_2002_100
ciu,IMEQN69-1Trim2026.pdf,10,imeq,2026,1,imeq_sector_privado_sin_celulosa,Sector privado sin celulosa,663.0,indice_2002_100
ciu,IMEQN69-1Trim2026.pdf,10,imeq,2026,1,imeq_sector_privado_sin_zf_ni_celulosa,Sector privado sin ZF ni celulosa,603.0,indice_2002_100
ciu,IMEQN69-1Trim2026.pdf,10,imeq,2026,1,imeq_total_economia_sin_celulosa,Economía sin celulosa,596.0,indice_2002_100
