fuente,archivo,pagina,tabla,anno,trimestre,motivo,motivo_etiqueta,valor,unidad
ciu,utilizacion-de-la-capacidad-instalada-1o-trimestre-2018.pdf,4,motivos_producir_debajo_capacidad_plena,2007,1,aversion_riesgo_comercial,Aversión riesgo comercial,8.6,porcentaje_respuestas
ciu,utilizacion-de-la-capacidad-instalada-1o-trimestre-2018.pdf,4,motivos_producir_debajo_capacidad_plena,2007,1,disp_personal_calificado,Disp. personal calificado,21.0,porcentaje_respuestas
ciu,utilizacion-de-la-capacidad-instalada-1o-trimestre-2018.pdf,4,motivos_producir_debajo_capacidad_plena,2007,1,disp_personal_no_calificado,Disp. personal no calificado,9.9,porcentaje_respuestas
ciu,utilizacion-de-la-capacidad-instalada-1o-trimestre-2018.pdf,4,motivos_producir_debajo_capacidad_plena,2007,1,financiamiento,Financiamiento,17.3,porcentaje_respuestas
ciu,utilizacion-de-la-capacidad-instalada-1o-trimestre-2018.pdf,4,motivos_producir_debajo_capacidad_plena,2007,1,insuf_demanda_externa,Insuf. demanda externa,30.9,porcentaje_respuestas
ciu,utilizacion-de-la-capacidad-instalada-1o-trimestre-2018.pdf,4,motivos_producir_debajo_capacidad_plena,2007,1,insuf_demanda_interna,Insuf. demanda interna,48.1,porcentaje_respuestas
ciu,utilizacion-de-la-capacidad-instalada-1o-trimestre-2018.pdf,4,motivos_producir_debajo_capacidad_plena,2007,1,insuficiencia_oferta_de_materia_prima,Insuficiencia oferta de materia prima,21.0,porcentaje_respuestas
ciu,utilizacion-de-la-capacidad-instalada-1o-trimestre-2018.pdf,4,motivos_producir_debajo_capacidad_plena,2007,1,limitaciones_capacidad,Limitaciones capacidad,11.1,porcentaje_respuestas
ciu,utilizacion-de-la-capacidad-instalada-1o-trimestre-2018.pdf,4,motivos_producir_debajo_capacidad_plena,2007,1,no_es_mas_rentable,No es más rentable,7.4,porcentaje_respuestas
ciu,utilizacion-de-la-capacidad-instalada-1o-trimestre-2018.pdf,4,motivos_producir_debajo_capacidad_plena,2007,1,oferta_energetica,Oferta Energética,4.9,porcentaje_respuestas
ciu,utilizacion-de-la-capacidad-instalada-1o-trimestre-2018.pdf,4,motivos_producir_debajo_capacidad_plena,2007,1,otros,Otros,11.1,porcentaje_respuestas
ciu,utilizacion-de-la-capacidad-instalada-1o-trimestre-2018.pdf,4,motivos_producir_debajo_capacidad_plena,2007,1,otros_laborales,Otros laborales,11.1,porcentaje_respuestas
ciu,utilizacion-de-la-capacidad-instalada-1o-trimestre-2018.pdf,4,motivos_producir_debajo_capacidad_plena,2007,1,paros,Paros,11.1,porcentaje_respuestas
ciu,utilizacion-de-la-capacidad-instalada-1o-trimestre-2018.pdf,4,motivos_producir_debajo_capacidad_plena,2007,1,problemas_logisticos,Problemas logísticos,0.0,porcentaje_respuestas
ciu,utilizacion-de-la-capacidad-instalada-1o-trimestre-2018.pdf,4,motivos_producir_debajo_capacidad_plena,2007,1,razones_estacionales,Razones estacionales,22.2,porcentaje_respuestas
ciu,utilizacion-de-la-capacidad-instalada-1o-trimestre-2018.pdf,4,motivos_producir_debajo_capacidad_plena,2007,1,restricc_medioambientales,Restricc. medioambientales,2.5,porcentaje_respuestas
ciu,utilizacion-de-la-capacidad-instalada-1o-trimestre-2018.pdf,4,motivos_producir_debajo_capacidad_plena,2007,1,suficiente_inventario,Suficiente inventario,7.4,porcentaje_respuestas
ciu,utilizacion-de-la-capacidad-instalada-1o-trimestre-2018.pdf,4,motivos_producir_debajo_capacidad_plena,2008,1,aversion_riesgo_comercial,Aversión riesgo comercial,9.6,porcentaje_respuestas
ciu,utilizacion-de-la-capacidad-instalada-1o-trimestre-2018.pdf,4,motivos_producir_debajo_capacidad_plena,2008,1,disp_personal_calificado,Disp. personal calificado,21.9,porcentaje_respuestas
ciu,utilizacion-de-la-capacidad-instalada-1o-trimestre-2018.pdf,4,motivos_producir_debajo_capacidad_plena,2008,1,disp_personal_no_calificado,Disp. personal no calificado,5.5,porcentaje_respuestas
ciu,utilizacion-de-la-capacidad-instalada-1o-trimestre-2018.pdf,4,motivos_producir_debajo_capacidad_plena,2008,1,financiamiento,Financiamiento,20.5,porcentaje_respuestas
ciu,utilizacion-de-la-capacidad-instalada-1o-trimestre-2018.pdf,4,motivos_producir_debajo_capacidad_plena,2008,1,insuf_demanda_externa,Insuf. demanda externa,20.5,porcentaje_respuestas
ciu,utilizacion-de-la-capacidad-instalada-1o-trimestre-2018.pdf,4,motivos_producir_debajo_capacidad_plena,2008,1,insuf_demanda_interna,Insuf. demanda interna,41.1,porcentaje_respuestas
ciu,utilizacion-de-la-capacidad-instalada-1o-trimestre-2018.pdf,4,motivos_producir_debajo_capacidad_plena,2008,1,insuficiencia_oferta_de_materia_prima,Insuficiencia oferta de materia prima,23.3,porcentaje_respuestas
ciu,utilizacion-de-la-capacidad-instalada-1o-trimestre-2018.pdf,4,motivos_producir_debajo_capacidad_plena,2008,1,limitaciones_capacidad,Limitaciones capacidad,6.8,porcentaje_respuestas
ciu,utilizacion-de-la-capacidad-instalada-1o-trimestre-2018.pdf,4,motivos_producir_debajo_capacidad_plena,2008,1,no_es_mas_rentable,No es más rentable,6.8,porcentaje_respuestas
ciu,utilizacion-de-la-capacidad-instalada-1o-trimestre-2018.pdf,4,motivos_producir_debajo_capacidad_plena,2008,1,oferta_energetica,Oferta Energética,5.5,porcentaje_respuestas
ciu,utilizacion-de-la-capacidad-instalada-1o-trimestre-2018.pdf,4,motivos_producir_debajo_capacidad_plena,2008,1,otros,Otros,16.4,porcentaje_respuestas
ciu,utilizacion-de-la-capacidad-instalada-1o-trimestre-2018.pdf,4,motivos_producir_debajo_capacidad_plena,2008,1,otros_laborales,Otros laborales,15.1,porcentaje_respuestas
ciu,utilizacion-de-la-capacidad-instalada-1o-trimestre-2018.pdf,4,motivos_producir_debajo_capacidad_plena,2008,1,paros,Paros,8.2,porcentaje_respuestas
ciu,utilizacion-de-la-capacidad-instalada-1o-trimestre-2018.pdf,4,motivos_producir_debajo_capacidad_plena,2008,1,problemas_logisticos,Problemas logísticos,9.6,porcentaje_respuestas
ciu,utilizacion-de-la-capacidad-instalada-1o-trimestre-2018.pdf,4,motivos_producir_debajo_capacidad_plena,2008,1,razones_estacionales,Razones estacionales,17.8,porcentaje_respuestas
ciu,utilizacion-de-la-capacidad-instalada-1o-trimestre-2018.pdf,4,motivos_producir_debajo_capacidad_plena,2008,1,restricc_medioambientales,Restricc. medioambientales,2.7,porcentaje_respuestas
ciu,utilizacion-de-la-capacidad-instalada-1o-trimestre-2018.pdf,4,motivos_producir_debajo_capacidad_plena,2008,1,suficiente_inventario,Suficiente inventario,8.2,porcentaje_respuestas
ciu,utilizacion-de-la-capacidad-instalada-1o-trimestre-2018.pdf,4,motivos_producir_debajo_capacidad_plena,2009,1,aversion_riesgo_comercial,Aversión riesgo comercial,8.5,porcentaje_respuestas
ciu,utilizacion-de-la-capacidad-instalada-1o-trimestre-2018.pdf,4,motivos_producir_debajo_capacidad_plena,2009,1,disp_personal_calificado,Disp. personal calificado,9.9,porcentaje_respuestas
ciu,utilizacion-de-la-capacidad-instalada-1o-trimestre-2018.pdf,4,motivos_producir_debajo_capacidad_plena,2009,1,disp_personal_no_calificado,Disp. personal no calificado,4.2,porcentaje_respuestas
ciu,utilizacion-de-la-capacidad-instalada-1o-trimestre-2018.pdf,4,motivos_producir_debajo_capacidad_plena,2009,1,financiamiento,Financiamiento,19.7,porcentaje_respuestas
ciu,utilizacion-de-la-capacidad-instalada-1o-trimestre-2018.pdf,4,motivos_producir_debajo_capacidad_plena,2009,1,insuf_demanda_externa,Insuf. demanda externa,47.9,porcentaje_respuestas
ciu,utilizacion-de-la-capacidad-instalada-1o-trimestre-2018.pdf,4,motivos_producir_debajo_capacidad_plena,2009,1,insuf_demanda_interna,Insuf. demanda interna,54.9,porcentaje_respuestas
ciu,utilizacion-de-la-capacidad-instalada-1o-trimestre-2018.pdf,4,motivos_producir_debajo_capacidad_plena,2009,1,insuficiencia_oferta_de_materia_prima,Insuficiencia oferta de materia prima,16.9,porcentaje_respuestas
ciu,utilizacion-de-la-capacidad-instalada-1o-trimestre-2018.pdf,4,motivos_producir_debajo_capacidad_plena,2009,1,limitaciones_capacidad,Limitaciones capacidad,8.5,porcentaje_respuestas
ciu,utilizacion-de-la-capacidad-instalada-1o-trimestre-2018.pdf,4,motivos_producir_debajo_capacidad_plena,2009,1,no_es_mas_rentable,No es más rentable,11.3,porcentaje_respuestas
ciu,utilizacion-de-la-capacidad-instalada-1o-trimestre-2018.pdf,4,motivos_producir_debajo_capacidad_plena,2009,1,oferta_energetica,Oferta Energética,7.0,porcentaje_respuestas
ciu,utilizacion-de-la-capacidad-instalada-1o-trimestre-2018.pdf,4,motivos_producir_debajo_capacidad_plena,2009,1,otros,Otros,2.8,porcentaje_respuestas
ciu,utilizacion-de-la-capacidad-instalada-1o-trimestre-2018.pdf,4,motivos_producir_debajo_capacidad_plena,2009,1,otros_laborales,Otros laborales,7.0,porcentaje_respuestas
ciu,utilizacion-de-la-capacidad-instalada-1o-trimestre-2018.pdf,4,motivos_producir_debajo_capacidad_plena,2009,1,paros,Paros,8.5,porcentaje_respuestas
ciu,utilizacion-de-la-capacidad-instalada-1o-trimestre-2018.pdf,4,motivos_producir_debajo_capacidad_plena,2009,1,problemas_logisticos,Problemas logísticos,1.4,porcentaje_respuestas
ciu,utilizacion-de-la-capacidad-instalada-1o-trimestre-2018.pdf,4,motivos_producir_debajo_capacidad_plena,2009,1,razones_estacionales,Razones estacionales,22.5,porcentaje_respuestas
ciu,utilizacion-de-la-capacidad-instalada-1o-trimestre-2018.pdf,4,motivos_producir_debajo_capacidad_plena,2009,1,restricc_medioambientales,Restricc. medioambientales,2.8,porcentaje_respuestas
ciu,utilizacion-de-la-capacidad-instalada-1o-trimestre-2018.pdf,4,motivos_producir_debajo_capacidad_plena,2009,1,suficiente_inventario,Suficiente inventario,22.5,porcentaje_respuestas
ciu,utilizacion-de-la-capacidad-instalada-1o-trimestre-2018.pdf,4,motivos_producir_debajo_capacidad_plena,2010,1,aversion_riesgo_comercial,Aversión riesgo comercial,7.1,porcentaje_respuestas
ciu,utilizacion-de-la-capacidad-instalada-1o-trimestre-2018.pdf,4,motivos_producir_debajo_capacidad_plena,2010,1,disp_personal_calificado,Disp. personal calificado,11.8,porcentaje_respuestas
ciu,utilizacion-de-la-capacidad-instalada-1o-trimestre-2018.pdf,4,motivos_producir_debajo_capacidad_plena,2010,1,disp_personal_no_calificado,Disp. personal no calificado,2.4,porcentaje_respuestas
ciu,utilizacion-de-la-capacidad-instalada-1o-trimestre-2018.pdf,4,motivos_producir_debajo_capacidad_plena,2010,1,financiamiento,Financiamiento,10.6,porcentaje_respuestas
ciu,utilizacion-de-la-capacidad-instalada-1o-trimestre-2018.pdf,4,motivos_producir_debajo_capacidad_plena,2010,1,insuf_demanda_externa,Insuf. demanda externa,37.6,porcentaje_respuestas
ciu,utilizacion-de-la-capacidad-instalada-1o-trimestre-2018.pdf,4,motivos_producir_debajo_capacidad_plena,2010,1,insuf_demanda_interna,Insuf. demanda interna,42.4,porcentaje_respuestas
ciu,utilizacion-de-la-capacidad-instalada-1o-trimestre-2018.pdf,4,motivos_producir_debajo_capacidad_plena,2010,1,insuficiencia_oferta_de_materia_prima,Insuficiencia oferta de materia prima,16.5,porcentaje_respuestas
ciu,utilizacion-de-la-capacidad-instalada-1o-trimestre-2018.pdf,4,motivos_producir_debajo_capacidad_plena,2010,1,limitaciones_capacidad,Limitaciones capacidad,9.4,porcentaje_respuestas
ciu,utilizacion-de-la-capacidad-instalada-1o-trimestre-2018.pdf,4,motivos_producir_debajo_capacidad_plena,2010,1,no_es_mas_rentable,No es más rentable,10.6,porcentaje_respuestas
ciu,utilizacion-de-la-capacidad-instalada-1o-trimestre-2018.pdf,4,motivos_producir_debajo_capacidad_plena,2010,1,oferta_energetica,Oferta Energética,4.7,porcentaje_respuestas
ciu,utilizacion-de-la-capacidad-instalada-1o-trimestre-2018.pdf,4,motivos_producir_debajo_capacidad_plena,2010,1,otros,Otros,18.8,porcentaje_respuestas
ciu,utilizacion-de-la-capacidad-instalada-1o-trimestre-2018.pdf,4,motivos_producir_debajo_capacidad_plena,2010,1,otros_laborales,Otros laborales,8.2,porcentaje_respuestas
ciu,utilizacion-de-la-capacidad-instalada-1o-trimestre-2018.pdf,4,motivos_producir_debajo_capacidad_plena,2010,1,paros,Paros,3.5,porcentaje_respuestas
ciu,utilizacion-de-la-capacidad-instalada-1o-trimestre-2018.pdf,4,motivos_producir_debajo_capacidad_plena,2010,1,problemas_logisticos,Problemas logísticos,1.2,porcentaje_respuestas
ciu,utilizacion-de-la-capacidad-instalada-1o-trimestre-2018.pdf,4,motivos_producir_debajo_capacidad_plena,2010,1,razones_estacionales,Razones estacionales,34.1,porcentaje_respuestas
ciu,utilizacion-de-la-capacidad-instalada-1o-trimestre-2018.pdf,4,motivos_producir_debajo_capacidad_plena,2010,1,restricc_medioambientales,Restricc. medioambientales,2.4,porcentaje_respuestas
ciu,utilizacion-de-la-capacidad-instalada-1o-trimestre-2018.pdf,4,motivos_producir_debajo_capacidad_plena,2010,1,suficiente_inventario,Suficiente inventario,15.3,porcentaje_respuestas
ciu,utilizacion-de-la-capacidad-instalada-1o-trimestre-2018.pdf,4,motivos_producir_debajo_capacidad_plena,2011,1,aversion_riesgo_comercial,Aversión riesgo comercial,7.2,porcentaje_respuestas
ciu,utilizacion-de-la-capacidad-instalada-1o-trimestre-2018.pdf,4,motivos_producir_debajo_capacidad_plena,2011,1,disp_personal_calificado,Disp. personal calificado,14.5,porcentaje_respuestas
ciu,utilizacion-de-la-capacidad-instalada-1o-trimestre-2018.pdf,4,motivos_producir_debajo_capacidad_plena,2011,1,disp_personal_no_calificado,Disp. personal no calificado,4.8,porcentaje_respuestas
ciu,utilizacion-de-la-capacidad-instalada-1o-trimestre-2018.pdf,4,motivos_producir_debajo_capacidad_plena,2011,1,financiamiento,Financiamiento,12.0,porcentaje_respuestas
ciu,utilizacion-de-la-capacidad-instalada-1o-trimestre-2018.pdf,4,motivos_producir_debajo_capacidad_plena,2011,1,insuf_demanda_externa,Insuf. demanda externa,34.9,porcentaje_respuestas
ciu,utilizacion-de-la-capacidad-instalada-1o-trimestre-2018.pdf,4,motivos_producir_debajo_capacidad_plena,2011,1,insuf_demanda_interna,Insuf. demanda interna,43.4,porcentaje_respuestas
ciu,utilizacion-de-la-capacidad-instalada-1o-trimestre-2018.pdf,4,motivos_producir_debajo_capacidad_plena,2011,1,insuficiencia_oferta_de_materia_prima,Insuficiencia oferta de materia prima,21.7,porcentaje_respuestas
ciu,utilizacion-de-la-capacidad-instalada-1o-trimestre-2018.pdf,4,motivos_producir_debajo_capacidad_plena,2011,1,limitaciones_capacidad,Limitaciones capacidad,7.2,porcentaje_respuestas
ciu,utilizacion-de-la-capacidad-instalada-1o-trimestre-2018.pdf,4,motivos_producir_debajo_capacidad_plena,2011,1,no_es_mas_rentable,No es más rentable,12.0,porcentaje_respuestas
ciu,utilizacion-de-la-capacidad-instalada-1o-trimestre-2018.pdf,4,motivos_producir_debajo_capacidad_plena,2011,1,oferta_energetica,Oferta Energética,1.2,porcentaje_respuestas
ciu,utilizacion-de-la-capacidad-instalada-1o-trimestre-2018.pdf,4,motivos_producir_debajo_capacidad_plena,2011,1,otros,Otros,19.3,porcentaje_respuestas
ciu,utilizacion-de-la-capacidad-instalada-1o-trimestre-2018.pdf,4,motivos_producir_debajo_capacidad_plena,2011,1,otros_laborales,Otros laborales,10.8,porcentaje_respuestas
ciu,utilizacion-de-la-capacidad-instalada-1o-trimestre-2018.pdf,4,motivos_producir_debajo_capacidad_plena,2011,1,paros,Paros,9.6,porcentaje_respuestas
ciu,utilizacion-de-la-capacidad-instalada-1o-trimestre-2018.pdf,4,motivos_producir_debajo_capacidad_plena,2011,1,problemas_logisticos,Problemas logísticos,0.0,porcentaje_respuestas
ciu,utilizacion-de-la-capacidad-instalada-1o-trimestre-2018.pdf,4,motivos_producir_debajo_capacidad_plena,2011,1,razones_estacionales,Razones estacionales,25.3,porcentaje_respuestas
ciu,utilizacion-de-la-capacidad-instalada-1o-trimestre-2018.pdf,4,motivos_producir_debajo_capacidad_plena,2011,1,restricc_medioambientales,Restricc. medioambientales,2.4,porcentaje_respuestas
ciu,utilizacion-de-la-capacidad-instalada-1o-trimestre-2018.pdf,4,motivos_producir_debajo_capacidad_plena,2011,1,suficiente_inventario,Suficiente inventario,10.8,porcentaje_respuestas
ciu,utilizacion-de-la-capacidad-instalada-1o-trimestre-2018.pdf,4,motivos_producir_debajo_capacidad_plena,2012,1,aversion_riesgo_comercial,Aversión riesgo comercial,4.2,porcentaje_respuestas
ciu,utilizacion-de-la-capacidad-instalada-1o-trimestre-2018.pdf,4,motivos_producir_debajo_capacidad_plena,2012,1,disp_personal_calificado,Disp. personal calificado,20.8,porcentaje_respuestas
ciu,utilizacion-de-la-capacidad-instalada-1o-trimestre-2018.pdf,4,motivos_producir_debajo_capacidad_plena,2012,1,disp_personal_no_calificado,Disp. personal no calificado,6.3,porcentaje_respuestas
ciu,utilizacion-de-la-capacidad-instalada-1o-trimestre-2018.pdf,4,motivos_producir_debajo_capacidad_plena,2012,1,financiamiento,Financiamiento,11.5,porcentaje_respuestas
ciu,utilizacion-de-la-capacidad-instalada-1o-trimestre-2018.pdf,4,motivos_producir_debajo_capacidad_plena,2012,1,insuf_demanda_externa,Insuf. demanda externa,35.4,porcentaje_respuestas
ciu,utilizacion-de-la-capacidad-instalada-1o-trimestre-2018.pdf,4,motivos_producir_debajo_capacidad_plena,2012,1,insuf_demanda_interna,Insuf. demanda interna,41.7,porcentaje_respuestas
ciu,utilizacion-de-la-capacidad-instalada-1o-trimestre-2018.pdf,4,motivos_producir_debajo_capacidad_plena,2012,1,insuficiencia_oferta_de_materia_prima,Insuficiencia oferta de materia prima,26.0,porcentaje_respuestas
ciu,utilizacion-de-la-capacidad-instalada-1o-trimestre-2018.pdf,4,motivos_producir_debajo_capacidad_plena,2012,1,limitaciones_capacidad,Limitaciones capacidad,17.7,porcentaje_respuestas
ciu,utilizacion-de-la-capacidad-instalada-1o-trimestre-2018.pdf,4,motivos_producir_debajo_capacidad_plena,2012,1,no_es_mas_rentable,No es más rentable,11.5,porcentaje_respuestas
ciu,utilizacion-de-la-capacidad-instalada-1o-trimestre-2018.pdf,4,motivos_producir_debajo_capacidad_plena,2012,1,oferta_energetica,Oferta Energética,1.0,porcentaje_respuestas
ciu,utilizacion-de-la-capacidad-instalada-1o-trimestre-2018.pdf,4,motivos_producir_debajo_capacidad_plena,2012,1,otros,Otros,14.6,porcentaje_respuestas
ciu,utilizacion-de-la-capacidad-instalada-1o-trimestre-2018.pdf,4,motivos_producir_debajo_capacidad_plena,2012,1,otros_laborales,Otros laborales,16.7,porcentaje_respuestas
ciu,utilizacion-de-la-capacidad-instalada-1o-trimestre-2018.pdf,4,motivos_producir_debajo_capacidad_plena,2012,1,paros,Paros,14.6,porcentaje_respuestas
ciu,utilizacion-de-la-capacidad-instalada-1o-trimestre-2018.pdf,4,motivos_producir_debajo_capacidad_plena,2012,1,problemas_logisticos,Problemas logísticos,10.4,porcentaje_respuestas
ciu,utilizacion-de-la-capacidad-instalada-1o-trimestre-2018.pdf,4,motivos_producir_debajo_capacidad_plena,2012,1,razones_estacionales,Razones estacionales,22.9,porcentaje_respuestas
ciu,utilizacion-de-la-capacidad-instalada-1o-trimestre-2018.pdf,4,motivos_producir_debajo_capacidad_plena,2012,1,restricc_medioambientales,Restricc. medioambientales,5.2,porcentaje_respuestas
ciu,utilizacion-de-la-capacidad-instalada-1o-trimestre-2018.pdf,4,motivos_producir_debajo_capacidad_plena,2012,1,suficiente_inventario,Suficiente inventario,14.6,porcentaje_respuestas
ciu,utilizacion-de-la-capacidad-instalada-1o-trimestre-2021.pdf,4,motivos_producir_debajo_capacidad_plena,2013,1,aversion_riesgo_comercial,Aversión riesgo comercial,5.7,porcentaje_respuestas
ciu,utilizacion-de-la-capacidad-instalada-1o-trimestre-2021.pdf,4,motivos_producir_debajo_capacidad_plena,2013,1,disp_personal_calificado,Disp. personal calificado,14.8,porcentaje_respuestas
ciu,utilizacion-de-la-capacidad-instalada-1o-trimestre-2021.pdf,4,motivos_producir_debajo_capacidad_plena,2013,1,disp_personal_no_calificado,Disp. personal no calificado,11.4,porcentaje_respuestas
ciu,utilizacion-de-la-capacidad-instalada-1o-trimestre-2021.pdf,4,motivos_producir_debajo_capacidad_plena,2013,1,financiamiento,Financiamiento,8.0,porcentaje_respuestas
ciu,utilizacion-de-la-capacidad-instalada-1o-trimestre-2021.pdf,4,motivos_producir_debajo_capacidad_plena,2013,1,insuf_demanda_externa,Insuf. demanda externa,43.2,porcentaje_respuestas
ciu,utilizacion-de-la-capacidad-instalada-1o-trimestre-2021.pdf,4,motivos_producir_debajo_capacidad_plena,2013,1,insuf_demanda_interna,Insuf. demanda interna,38.6,porcentaje_respuestas
ciu,utilizacion-de-la-capacidad-instalada-1o-trimestre-2021.pdf,4,motivos_producir_debajo_capacidad_plena,2013,1,insuficiencia_oferta_de_materia_prima,Insuficiencia oferta de materia prima,23.9,porcentaje_respuestas
ciu,utilizacion-de-la-capacidad-instalada-1o-trimestre-2021.pdf,4,motivos_producir_debajo_capacidad_plena,2013,1,limitaciones_capacidad,Limitaciones capacidad,14.8,porcentaje_respuestas
ciu,utilizacion-de-la-capacidad-instalada-1o-trimestre-2021.pdf,4,motivos_producir_debajo_capacidad_plena,2013,1,no_es_mas_rentable,No es más rentable,11.4,porcentaje_respuestas
ciu,utilizacion-de-la-capacidad-instalada-1o-trimestre-2021.pdf,4,motivos_producir_debajo_capacidad_plena,2013,1,oferta_energetica,Oferta energética,3.4,porcentaje_respuestas
ciu,utilizacion-de-la-capacidad-instalada-1o-trimestre-2021.pdf,4,motivos_producir_debajo_capacidad_plena,2013,1,otros,Otros,12.5,porcentaje_respuestas
ciu,utilizacion-de-la-capacidad-instalada-1o-trimestre-2021.pdf,4,motivos_producir_debajo_capacidad_plena,2013,1,otros_laborales,Otros laborales,17.0,porcentaje_respuestas
ciu,utilizacion-de-la-capacidad-instalada-1o-trimestre-2021.pdf,4,motivos_producir_debajo_capacidad_plena,2013,1,paros,Paros,9.1,porcentaje_respuestas
ciu,utilizacion-de-la-capacidad-instalada-1o-trimestre-2021.pdf,4,motivos_producir_debajo_capacidad_plena,2013,1,problemas_logisticos,Problemas logísticos,4.5,porcentaje_respuestas
ciu,utilizacion-de-la-capacidad-instalada-1o-trimestre-2021.pdf,4,motivos_producir_debajo_capacidad_plena,2013,1,razones_estacionales,Razones estacionales,18.2,porcentaje_respuestas
ciu,utilizacion-de-la-capacidad-instalada-1o-trimestre-2021.pdf,4,motivos_producir_debajo_capacidad_plena,2013,1,restricc_medioambientales,Restricc. medioambientales,0.0,porcentaje_respuestas
ciu,utilizacion-de-la-capacidad-instalada-1o-trimestre-2021.pdf,4,motivos_producir_debajo_capacidad_plena,2013,1,suficiente_inventario,Suficiente inventario,15.9,porcentaje_respuestas
ciu,utilizacion-de-la-capacidad-instalada-1o-trimestre-2021.pdf,4,motivos_producir_debajo_capacidad_plena,2014,1,aversion_riesgo_comercial,Aversión riesgo comercial,5.3,porcentaje_respuestas
ciu,utilizacion-de-la-capacidad-instalada-1o-trimestre-2021.pdf,4,motivos_producir_debajo_capacidad_plena,2014,1,disp_personal_calificado,Disp. personal calificado,11.8,porcentaje_respuestas
ciu,utilizacion-de-la-capacidad-instalada-1o-trimestre-2021.pdf,4,motivos_producir_debajo_capacidad_plena,2014,1,disp_personal_no_calificado,Disp. personal no calificado,6.6,porcentaje_respuestas
ciu,utilizacion-de-la-capacidad-instalada-1o-trimestre-2021.pdf,4,motivos_producir_debajo_capacidad_plena,2014,1,financiamiento,Financiamiento,6.6,porcentaje_respuestas
ciu,utilizacion-de-la-capacidad-instalada-1o-trimestre-2021.pdf,4,motivos_producir_debajo_capacidad_plena,2014,1,insuf_demanda_externa,Insuf. demanda externa,48.7,porcentaje_respuestas
ciu,utilizacion-de-la-capacidad-instalada-1o-trimestre-2021.pdf,4,motivos_producir_debajo_capacidad_plena,2014,1,insuf_demanda_interna,Insuf. demanda interna,42.1,porcentaje_respuestas
ciu,utilizacion-de-la-capacidad-instalada-1o-trimestre-2021.pdf,4,motivos_producir_debajo_capacidad_plena,2014,1,insuficiencia_oferta_de_materia_prima,Insuficiencia oferta de materia prima,19.7,porcentaje_respuestas
ciu,utilizacion-de-la-capacidad-instalada-1o-trimestre-2021.pdf,4,motivos_producir_debajo_capacidad_plena,2014,1,limitaciones_capacidad,Limitaciones capacidad,11.8,porcentaje_respuestas
ciu,utilizacion-de-la-capacidad-instalada-1o-trimestre-2021.pdf,4,motivos_producir_debajo_capacidad_plena,2014,1,no_es_mas_rentable,No es más rentable,10.5,porcentaje_respuestas
ciu,utilizacion-de-la-capacidad-instalada-1o-trimestre-2021.pdf,4,motivos_producir_debajo_capacidad_plena,2014,1,oferta_energetica,Oferta energética,2.6,porcentaje_respuestas
ciu,utilizacion-de-la-capacidad-instalada-1o-trimestre-2021.pdf,4,motivos_producir_debajo_capacidad_plena,2014,1,otros,Otros,21.1,porcentaje_respuestas
ciu,utilizacion-de-la-capacidad-instalada-1o-trimestre-2021.pdf,4,motivos_producir_debajo_capacidad_plena,2014,1,otros_laborales,Otros laborales,11.8,porcentaje_respuestas
ciu,utilizacion-de-la-capacidad-instalada-1o-trimestre-2021.pdf,4,motivos_producir_debajo_capacidad_plena,2014,1,paros,Paros,6.6,porcentaje_respuestas
ciu,utilizacion-de-la-capacidad-instalada-1o-trimestre-2021.pdf,4,motivos_producir_debajo_capacidad_plena,2014,1,problemas_logisticos,Problemas logísticos,3.9,porcentaje_respuestas
ciu,utilizacion-de-la-capacidad-instalada-1o-trimestre-2021.pdf,4,motivos_producir_debajo_capacidad_plena,2014,1,razones_estacionales,Razones estacionales,23.7,porcentaje_respuestas
ciu,utilizacion-de-la-capacidad-instalada-1o-trimestre-2021.pdf,4,motivos_producir_debajo_capacidad_plena,2014,1,restricc_medioambientales,Restricc. medioambientales,0.0,porcentaje_respuestas
ciu,utilizacion-de-la-capacidad-instalada-1o-trimestre-2021.pdf,4,motivos_producir_debajo_capacidad_plena,2014,1,suficiente_inventario,Suficiente inventario,15.8,porcentaje_respuestas
ciu,utilizacion-de-la-capacidad-instalada-1o-trimestre-2021.pdf,4,motivos_producir_debajo_capacidad_plena,2015,1,aversion_riesgo_comercial,Aversión riesgo comercial,3.8,porcentaje_respuestas
ciu,utilizacion-de-la-capacidad-instalada-1o-trimestre-2021.pdf,4,motivos_producir_debajo_capacidad_plena,2015,1,disp_personal_calificado,Disp. personal calificado,11.3,porcentaje_respuestas
ciu,utilizacion-de-la-capacidad-instalada-1o-trimestre-2021.pdf,4,motivos_producir_debajo_capacidad_plena,2015,1,disp_personal_no_calificado,Disp. personal no calificado,6.3,porcentaje_respuestas
ciu,utilizacion-de-la-capacidad-instalada-1o-trimestre-2021.pdf,4,motivos_producir_debajo_capacidad_plena,2015,1,financiamiento,Financiamiento,7.5,porcentaje_respuestas
ciu,utilizacion-de-la-capacidad-instalada-1o-trimestre-2021.pdf,4,motivos_producir_debajo_capacidad_plena,2015,1,insuf_demanda_externa,Insuf. demanda externa,45.0,porcentaje_respuestas
ciu,utilizacion-de-la-capacidad-instalada-1o-trimestre-2021.pdf,4,motivos_producir_debajo_capacidad_plena,2015,1,insuf_demanda_interna,Insuf. demanda interna,52.5,porcentaje_respuestas
ciu,utilizacion-de-la-capacidad-instalada-1o-trimestre-2021.pdf,4,motivos_producir_debajo_capacidad_plena,2015,1,insuficiencia_oferta_de_materia_prima,Insuficiencia oferta de materia prima,21.3,porcentaje_respuestas
ciu,utilizacion-de-la-capacidad-instalada-1o-trimestre-2021.pdf,4,motivos_producir_debajo_capacidad_plena,2015,1,limitaciones_capacidad,Limitaciones capacidad,7.5,porcentaje_respuestas
ciu,utilizacion-de-la-capacidad-instalada-1o-trimestre-2021.pdf,4,motivos_producir_debajo_capacidad_plena,2015,1,no_es_mas_rentable,No es más rentable,5.0,porcentaje_respuestas
ciu,utilizacion-de-la-capacidad-instalada-1o-trimestre-2021.pdf,4,motivos_producir_debajo_capacidad_plena,2015,1,oferta_energetica,Oferta energética,0.0,porcentaje_respuestas
ciu,utilizacion-de-la-capacidad-instalada-1o-trimestre-2021.pdf,4,motivos_producir_debajo_capacidad_plena,2015,1,otros,Otros,6.3,porcentaje_respuestas
ciu,utilizacion-de-la-capacidad-instalada-1o-trimestre-2021.pdf,4,motivos_producir_debajo_capacidad_plena,2015,1,otros_laborales,Otros laborales,16.3,porcentaje_respuestas
ciu,utilizacion-de-la-capacidad-instalada-1o-trimestre-2021.pdf,4,motivos_producir_debajo_capacidad_plena,2015,1,paros,Paros,8.8,porcentaje_respuestas
ciu,utilizacion-de-la-capacidad-instalada-1o-trimestre-2021.pdf,4,motivos_producir_debajo_capacidad_plena,2015,1,problemas_logisticos,Problemas logísticos,1.3,porcentaje_respuestas
ciu,utilizacion-de-la-capacidad-instalada-1o-trimestre-2021.pdf,4,motivos_producir_debajo_capacidad_plena,2015,1,razones_estacionales,Razones estacionales,23.8,porcentaje_respuestas
ciu,utilizacion-de-la-capacidad-instalada-1o-trimestre-2021.pdf,4,motivos_producir_debajo_capacidad_plena,2015,1,restricc_medioambientales,Restricc. medioambientales,0.0,porcentaje_respuestas
ciu,utilizacion-de-la-capacidad-instalada-1o-trimestre-2021.pdf,4,motivos_producir_debajo_capacidad_plena,2015,1,suficiente_inventario,Suficiente inventario,16.3,porcentaje_respuestas
ciu,utilizacion-de-la-capacidad-instalada-1o-trimestre-2021.pdf,4,motivos_producir_debajo_capacidad_plena,2016,1,aversion_riesgo_comercial,Aversión riesgo comercial,5.3,porcentaje_respuestas
ciu,utilizacion-de-la-capacidad-instalada-1o-trimestre-2021.pdf,4,motivos_producir_debajo_capacidad_plena,2016,1,disp_personal_calificado,Disp. personal calificado,6.7,porcentaje_respuestas
ciu,utilizacion-de-la-capacidad-instalada-1o-trimestre-2021.pdf,4,motivos_producir_debajo_capacidad_plena,2016,1,disp_personal_no_calificado,Disp. personal no calificado,4.0,porcentaje_respuestas
ciu,utilizacion-de-la-capacidad-instalada-1o-trimestre-2021.pdf,4,motivos_producir_debajo_capacidad_plena,2016,1,financiamiento,Financiamiento,5.3,porcentaje_respuestas
ciu,utilizacion-de-la-capacidad-instalada-1o-trimestre-2021.pdf,4,motivos_producir_debajo_capacidad_plena,2016,1,insuf_demanda_externa,Insuf. demanda externa,50.7,porcentaje_respuestas
ciu,utilizacion-de-la-capacidad-instalada-1o-trimestre-2021.pdf,4,motivos_producir_debajo_capacidad_plena,2016,1,insuf_demanda_interna,Insuf. demanda interna,49.3,porcentaje_respuestas
ciu,utilizacion-de-la-capacidad-instalada-1o-trimestre-2021.pdf,4,motivos_producir_debajo_capacidad_plena,2016,1,insuficiencia_oferta_de_materia_prima,Insuficiencia oferta de materia prima,13.3,porcentaje_respuestas
ciu,utilizacion-de-la-capacidad-instalada-1o-trimestre-2021.pdf,4,motivos_producir_debajo_capacidad_plena,2016,1,limitaciones_capacidad,Limitaciones capacidad,12.0,porcentaje_respuestas
ciu,utilizacion-de-la-capacidad-instalada-1o-trimestre-2021.pdf,4,motivos_producir_debajo_capacidad_plena,2016,1,no_es_mas_rentable,No es más rentable,9.3,porcentaje_respuestas
ciu,utilizacion-de-la-capacidad-instalada-1o-trimestre-2021.pdf,4,motivos_producir_debajo_capacidad_plena,2016,1,oferta_energetica,Oferta energética,5.3,porcentaje_respuestas
ciu,utilizacion-de-la-capacidad-instalada-1o-trimestre-2021.pdf,4,motivos_producir_debajo_capacidad_plena,2016,1,otros,Otros,14.7,porcentaje_respuestas
ciu,utilizacion-de-la-capacidad-instalada-1o-trimestre-2021.pdf,4,motivos_producir_debajo_capacidad_plena,2016,1,otros_laborales,Otros laborales,9.3,porcentaje_respuestas
ciu,utilizacion-de-la-capacidad-instalada-1o-trimestre-2021.pdf,4,motivos_producir_debajo_capacidad_plena,2016,1,paros,Paros,2.7,porcentaje_respuestas
ciu,utilizacion-de-la-capacidad-instalada-1o-trimestre-2021.pdf,4,motivos_producir_debajo_capacidad_plena,2016,1,problemas_logisticos,Problemas logísticos,1.3,porcentaje_respuestas
ciu,utilizacion-de-la-capacidad-instalada-1o-trimestre-2021.pdf,4,motivos_producir_debajo_capacidad_plena,2016,1,razones_estacionales,Razones estacionales,28.0,porcentaje_respuestas
ciu,utilizacion-de-la-capacidad-instalada-1o-trimestre-2021.pdf,4,motivos_producir_debajo_capacidad_plena,2016,1,restricc_medioambientales,Restricc. medioambientales,0.0,porcentaje_respuestas
ciu,utilizacion-de-la-capacidad-instalada-1o-trimestre-2021.pdf,4,motivos_producir_debajo_capacidad_plena,2016,1,suficiente_inventario,Suficiente inventario,21.3,porcentaje_respuestas
ciu,utilizacion-de-la-capacidad-instalada-1o-trimestre-2021.pdf,4,motivos_producir_debajo_capacidad_plena,2017,1,aversion_riesgo_comercial,Aversión riesgo comercial,7.6,porcentaje_respuestas
ciu,utilizacion-de-la-capacidad-instalada-1o-trimestre-2021.pdf,4,motivos_producir_debajo_capacidad_plena,2017,1,disp_personal_calificado,Disp. personal calificado,9.1,porcentaje_respuestas
ciu,utilizacion-de-la-capacidad-instalada-1o-trimestre-2021.pdf,4,motivos_producir_debajo_capacidad_plena,2017,1,disp_personal_no_calificado,Disp. personal no calificado,3.0,porcentaje_respuestas
ciu,utilizacion-de-la-capacidad-instalada-1o-trimestre-2021.pdf,4,motivos_producir_debajo_capacidad_plena,2017,1,financiamiento,Financiamiento,6.1,porcentaje_respuestas
ciu,utilizacion-de-la-capacidad-instalada-1o-trimestre-2021.pdf,4,motivos_producir_debajo_capacidad_plena,2017,1,insuf_demanda_externa,Insuf. demanda externa,54.5,porcentaje_respuestas
ciu,utilizacion-de-la-capacidad-instalada-1o-trimestre-2021.pdf,4,motivos_producir_debajo_capacidad_plena,2017,1,insuf_demanda_interna,Insuf. demanda interna,42.4,porcentaje_respuestas
ciu,utilizacion-de-la-capacidad-instalada-1o-trimestre-2021.pdf,4,motivos_producir_debajo_capacidad_plena,2017,1,insuficiencia_oferta_de_materia_prima,Insuficiencia oferta de materia prima,19.7,porcentaje_respuestas
ciu,utilizacion-de-la-capacidad-instalada-1o-trimestre-2021.pdf,4,motivos_producir_debajo_capacidad_plena,2017,1,limitaciones_capacidad,Limitaciones capacidad,7.6,porcentaje_respuestas
ciu,utilizacion-de-la-capacidad-instalada-1o-trimestre-2021.pdf,4,motivos_producir_debajo_capacidad_plena,2017,1,no_es_mas_rentable,No es más rentable,7.6,porcentaje_respuestas
ciu,utilizacion-de-la-capacidad-instalada-1o-trimestre-2021.pdf,4,motivos_producir_debajo_capacidad_plena,2017,1,oferta_energetica,Oferta energética,4.5,porcentaje_respuestas
ciu,utilizacion-de-la-capacidad-instalada-1o-trimestre-2021.pdf,4,motivos_producir_debajo_capacidad_plena,2017,1,otros,Otros,21.2,porcentaje_respuestas
ciu,utilizacion-de-la-capacidad-instalada-1o-trimestre-2021.pdf,4,motivos_producir_debajo_capacidad_plena,2017,1,otros_laborales,Otros laborales,9.1,porcentaje_respuestas
ciu,utilizacion-de-la-capacidad-instalada-1o-trimestre-2021.pdf,4,motivos_producir_debajo_capacidad_plena,2017,1,paros,Paros,3.0,porcentaje_respuestas
ciu,utilizacion-de-la-capacidad-instalada-1o-trimestre-2021.pdf,4,motivos_producir_debajo_capacidad_plena,2017,1,problemas_logisticos,Problemas logísticos,0.0,porcentaje_respuestas
ciu,utilizacion-de-la-capacidad-instalada-1o-trimestre-2021.pdf,4,motivos_producir_debajo_capacidad_plena,2017,1,razones_estacionales,Razones estacionales,24.2,porcentaje_respuestas
ciu,utilizacion-de-la-capacidad-instalada-1o-trimestre-2021.pdf,4,motivos_producir_debajo_capacidad_plena,2017,1,restricc_medioambientales,Restricc. medioambientales,0.0,porcentaje_respuestas
ciu,utilizacion-de-la-capacidad-instalada-1o-trimestre-2021.pdf,4,motivos_producir_debajo_capacidad_plena,2017,1,suficiente_inventario,Suficiente inventario,18.2,porcentaje_respuestas
ciu,utilizacion-de-la-capacidad-instalada-1o-trimestre-2021.pdf,4,motivos_producir_debajo_capacidad_plena,2018,1,aversion_riesgo_comercial,Aversión riesgo comercial,4.4,porcentaje_respuestas
ciu,utilizacion-de-la-capacidad-instalada-1o-trimestre-2021.pdf,4,motivos_producir_debajo_capacidad_plena,2018,1,disp_personal_calificado,Disp. personal calificado,5.9,porcentaje_respuestas
ciu,utilizacion-de-la-capacidad-instalada-1o-trimestre-2021.pdf,4,motivos_producir_debajo_capacidad_plena,2018,1,disp_personal_no_calificado,Disp. personal no calificado,2.9,porcentaje_respuestas
ciu,utilizacion-de-la-capacidad-instalada-1o-trimestre-2021.pdf,4,motivos_producir_debajo_capacidad_plena,2018,1,financiamiento,Financiamiento,5.9,porcentaje_respuestas
ciu,utilizacion-de-la-capacidad-instalada-1o-trimestre-2021.pdf,4,motivos_producir_debajo_capacidad_plena,2018,1,insuf_demanda_externa,Insuf. demanda externa,42.6,porcentaje_respuestas
ciu,utilizacion-de-la-capacidad-instalada-1o-trimestre-2021.pdf,4,motivos_producir_debajo_capacidad_plena,2018,1,insuf_demanda_interna,Insuf. demanda interna,48.5,porcentaje_respuestas
ciu,utilizacion-de-la-capacidad-instalada-1o-trimestre-2021.pdf,4,motivos_producir_debajo_capacidad_plena,2018,1,insuficiencia_oferta_de_materia_prima,Insuficiencia oferta de materia prima,13.2,porcentaje_respuestas
ciu,utilizacion-de-la-capacidad-instalada-1o-trimestre-2021.pdf,4,motivos_producir_debajo_capacidad_plena,2018,1,limitaciones_capacidad,Limitaciones capacidad,8.8,porcentaje_respuestas
ciu,utilizacion-de-la-capacidad-instalada-1o-trimestre-2021.pdf,4,motivos_producir_debajo_capacidad_plena,2018,1,no_es_mas_rentable,No es más rentable,14.7,porcentaje_respuestas
ciu,utilizacion-de-la-capacidad-instalada-1o-trimestre-2021.pdf,4,motivos_producir_debajo_capacidad_plena,2018,1,oferta_energetica,Oferta energética,2.9,porcentaje_respuestas
ciu,utilizacion-de-la-capacidad-instalada-1o-trimestre-2021.pdf,4,motivos_producir_debajo_capacidad_plena,2018,1,otros,Otros,14.7,porcentaje_respuestas
ciu,utilizacion-de-la-capacidad-instalada-1o-trimestre-2021.pdf,4,motivos_producir_debajo_capacidad_plena,2018,1,otros_laborales,Otros laborales,7.4,porcentaje_respuestas
ciu,utilizacion-de-la-capacidad-instalada-1o-trimestre-2021.pdf,4,motivos_producir_debajo_capacidad_plena,2018,1,paros,Paros,5.9,porcentaje_respuestas
ciu,utilizacion-de-la-capacidad-instalada-1o-trimestre-2021.pdf,4,motivos_producir_debajo_capacidad_plena,2018,1,problemas_logisticos,Problemas logísticos,5.9,porcentaje_respuestas
ciu,utilizacion-de-la-capacidad-instalada-1o-trimestre-2021.pdf,4,motivos_producir_debajo_capacidad_plena,2018,1,razones_estacionales,Razones estacionales,16.2,porcentaje_respuestas
ciu,utilizacion-de-la-capacidad-instalada-1o-trimestre-2021.pdf,4,motivos_producir_debajo_capacidad_plena,2018,1,restricc_medioambientales,Restricc. medioambientales,0.0,porcentaje_respuestas
ciu,utilizacion-de-la-capacidad-instalada-1o-trimestre-2021.pdf,4,motivos_producir_debajo_capacidad_plena,2018,1,suficiente_inventario,Suficiente inventario,22.1,porcentaje_respuestas
ciu,utilizacion-de-la-capacidad-instalada-1o-trimestre-2021.pdf,4,motivos_producir_debajo_capacidad_plena,2019,1,aversion_riesgo_comercial,Aversión riesgo comercial,14.1,porcentaje_respuestas
ciu,utilizacion-de-la-capacidad-instalada-1o-trimestre-2021.pdf,4,motivos_producir_debajo_capacidad_plena,2019,1,disp_personal_calificado,Disp. personal calificado,7.0,porcentaje_respuestas
ciu,utilizacion-de-la-capacidad-instalada-1o-trimestre-2021.pdf,4,motivos_producir_debajo_capacidad_plena,2019,1,disp_personal_no_calificado,Disp. personal no calificado,2.8,porcentaje_respuestas
ciu,utilizacion-de-la-capacidad-instalada-1o-trimestre-2021.pdf,4,motivos_producir_debajo_capacidad_plena,2019,1,financiamiento,Financiamiento,8.5,porcentaje_respuestas
ciu,utilizacion-de-la-capacidad-instalada-1o-trimestre-2021.pdf,4,motivos_producir_debajo_capacidad_plena,2019,1,insuf_demanda_externa,Insuf. demanda externa,49.3,porcentaje_respuestas
ciu,utilizacion-de-la-capacidad-instalada-1o-trimestre-2021.pdf,4,motivos_producir_debajo_capacidad_plena,2019,1,insuf_demanda_interna,Insuf. demanda interna,54.9,porcentaje_respuestas
ciu,utilizacion-de-la-capacidad-instalada-1o-trimestre-2021.pdf,4,motivos_producir_debajo_capacidad_plena,2019,1,insuficiencia_oferta_de_materia_prima,Insuficiencia oferta de materia prima,25.4,porcentaje_respuestas
ciu,utilizacion-de-la-capacidad-instalada-1o-trimestre-2021.pdf,4,motivos_producir_debajo_capacidad_plena,2019,1,limitaciones_capacidad,Limitaciones capacidad,9.9,porcentaje_respuestas
ciu,utilizacion-de-la-capacidad-instalada-1o-trimestre-2021.pdf,4,motivos_producir_debajo_capacidad_plena,2019,1,no_es_mas_rentable,No es más rentable,15.5,porcentaje_respuestas
ciu,utilizacion-de-la-capacidad-instalada-1o-trimestre-2021.pdf,4,motivos_producir_debajo_capacidad_plena,2019,1,oferta_energetica,Oferta energética,4.2,porcentaje_respuestas
ciu,utilizacion-de-la-capacidad-instalada-1o-trimestre-2021.pdf,4,motivos_producir_debajo_capacidad_plena,2019,1,otros,Otros,7.0,porcentaje_respuestas
ciu,utilizacion-de-la-capacidad-instalada-1o-trimestre-2021.pdf,4,motivos_producir_debajo_capacidad_plena,2019,1,otros_laborales,Otros laborales,9.9,porcentaje_respuestas
ciu,utilizacion-de-la-capacidad-instalada-1o-trimestre-2021.pdf,4,motivos_producir_debajo_capacidad_plena,2019,1,paros,Paros,7.0,porcentaje_respuestas
ciu,utilizacion-de-la-capacidad-instalada-1o-trimestre-2021.pdf,4,motivos_producir_debajo_capacidad_plena,2019,1,problemas_logisticos,Problemas logísticos,2.8,porcentaje_respuestas
ciu,utilizacion-de-la-capacidad-instalada-1o-trimestre-2021.pdf,4,motivos_producir_debajo_capacidad_plena,2019,1,razones_estacionales,Razones estacionales,18.3,porcentaje_respuestas
ciu,utilizacion-de-la-capacidad-instalada-1o-trimestre-2021.pdf,4,motivos_producir_debajo_capacidad_plena,2019,1,restricc_medioambientales,Restricc. medioambientales,2.8,porcentaje_respuestas
ciu,utilizacion-de-la-capacidad-instalada-1o-trimestre-2021.pdf,4,motivos_producir_debajo_capacidad_plena,2019,1,suficiente_inventario,Suficiente inventario,19.7,porcentaje_respuestas
ciu,utilizacion-de-la-capacidad-instalada-1o-trimestre-2021.pdf,4,motivos_producir_debajo_capacidad_plena,2020,1,aversion_riesgo_comercial,Aversión riesgo comercial,16.2,porcentaje_respuestas
ciu,utilizacion-de-la-capacidad-instalada-1o-trimestre-2021.pdf,4,motivos_producir_debajo_capacidad_plena,2020,1,disp_personal_calificado,Disp. personal calificado,5.4,porcentaje_respuestas
ciu,utilizacion-de-la-capacidad-instalada-1o-trimestre-2021.pdf,4,motivos_producir_debajo_capacidad_plena,2020,1,disp_personal_no_calificado,Disp. personal no calificado,1.4,porcentaje_respuestas
ciu,utilizacion-de-la-capacidad-instalada-1o-trimestre-2021.pdf,4,motivos_producir_debajo_capacidad_plena,2020,1,financiamiento,Financiamiento,8.1,porcentaje_respuestas
ciu,utilizacion-de-la-capacidad-instalada-1o-trimestre-2021.pdf,4,motivos_producir_debajo_capacidad_plena,2020,1,insuf_demanda_externa,Insuf. demanda externa,50.0,porcentaje_respuestas
ciu,utilizacion-de-la-capacidad-instalada-1o-trimestre-2021.pdf,4,motivos_producir_debajo_capacidad_plena,2020,1,insuf_demanda_interna,Insuf. demanda interna,47.3,porcentaje_respuestas
ciu,utilizacion-de-la-capacidad-instalada-1o-trimestre-2021.pdf,4,motivos_producir_debajo_capacidad_plena,2020,1,insuficiencia_oferta_de_materia_prima,Insuficiencia oferta de materia prima,14.9,porcentaje_respuestas
ciu,utilizacion-de-la-capacidad-instalada-1o-trimestre-2021.pdf,4,motivos_producir_debajo_capacidad_plena,2020,1,limitaciones_capacidad,Limitaciones capacidad,10.8,porcentaje_respuestas
ciu,utilizacion-de-la-capacidad-instalada-1o-trimestre-2021.pdf,4,motivos_producir_debajo_capacidad_plena,2020,1,no_es_mas_rentable,No es más rentable,13.5,porcentaje_respuestas
ciu,utilizacion-de-la-capacidad-instalada-1o-trimestre-2021.pdf,4,motivos_producir_debajo_capacidad_plena,2020,1,oferta_energetica,Oferta energética,4.1,porcentaje_respuestas
ciu,utilizacion-de-la-capacidad-instalada-1o-trimestre-2021.pdf,4,motivos_producir_debajo_capacidad_plena,2020,1,otros,Otros,25.7,porcentaje_respuestas
ciu,utilizacion-de-la-capacidad-instalada-1o-trimestre-2021.pdf,4,motivos_producir_debajo_capacidad_plena,2020,1,otros_laborales,Otros laborales,12.2,porcentaje_respuestas
ciu,utilizacion-de-la-capacidad-instalada-1o-trimestre-2021.pdf,4,motivos_producir_debajo_capacidad_plena,2020,1,paros,Paros,0.0,porcentaje_respuestas
ciu,utilizacion-de-la-capacidad-instalada-1o-trimestre-2021.pdf,4,motivos_producir_debajo_capacidad_plena,2020,1,problemas_logisticos,Problemas logísticos,5.4,porcentaje_respuestas
ciu,utilizacion-de-la-capacidad-instalada-1o-trimestre-2021.pdf,4,motivos_producir_debajo_capacidad_plena,2020,1,razones_estacionales,Razones estacionales,17.6,porcentaje_respuestas
ciu,utilizacion-de-la-capacidad-instalada-1o-trimestre-2021.pdf,4,motivos_producir_debajo_capacidad_plena,2020,1,restricc_medioambientales,Restricc. medioambientales,2.7,porcentaje_respuestas
ciu,utilizacion-de-la-capacidad-instalada-1o-trimestre-2021.pdf,4,motivos_producir_debajo_capacidad_plena,2020,1,suficiente_inventario,Suficiente inventario,25.7,porcentaje_respuestas
ciu,utilizacion-de-la-capacidad-instalada-1o-trimestre-2021.pdf,4,motivos_producir_debajo_capacidad_plena,2021,1,aversion_riesgo_comercial,Aversión riesgo comercial,10.6,porcentaje_respuestas
ciu,utilizacion-de-la-capacidad-instalada-1o-trimestre-2021.pdf,4,motivos_producir_debajo_capacidad_plena,2021,1,disp_personal_calificado,Disp. personal calificado,7.6,porcentaje_respuestas
ciu,utilizacion-de-la-capacidad-instalada-1o-trimestre-2021.pdf,4,motivos_producir_debajo_capacidad_plena,2021,1,disp_personal_no_calificado,Disp. personal no calificado,3.0,porcentaje_respuestas
ciu,utilizacion-de-la-capacidad-instalada-1o-trimestre-2021.pdf,4,motivos_producir_debajo_capacidad_plena,2021,1,financiamiento,Financiamiento,12.1,porcentaje_respuestas
ciu,utilizacion-de-la-capacidad-instalada-1o-trimestre-2021.pdf,4,motivos_producir_debajo_capacidad_plena,2021,1,insuf_demanda_externa,Insuf. demanda externa,37.9,porcentaje_respuestas
ciu,utilizacion-de-la-capacidad-instalada-1o-trimestre-2021.pdf,4,motivos_producir_debajo_capacidad_plena,2021,1,insuf_demanda_interna,Insuf. demanda interna,57.6,porcentaje_respuestas
ciu,utilizacion-de-la-capacidad-instalada-1o-trimestre-2021.pdf,4,motivos_producir_debajo_capacidad_plena,2021,1,insuficiencia_oferta_de_materia_prima,Insuficiencia oferta de materia prima,25.8,porcentaje_respuestas
ciu,utilizacion-de-la-capacidad-instalada-1o-trimestre-2021.pdf,4,motivos_producir_debajo_capacidad_plena,2021,1,limitaciones_capacidad,Limitaciones capacidad,13.6,porcentaje_respuestas
ciu,utilizacion-de-la-capacidad-instalada-1o-trimestre-2021.pdf,4,motivos_producir_debajo_capacidad_plena,2021,1,no_es_mas_rentable,No es más rentable,10.6,porcentaje_respuestas
ciu,utilizacion-de-la-capacidad-instalada-1o-trimestre-2021.pdf,4,motivos_producir_debajo_capacidad_plena,2021,1,oferta_energetica,Oferta energética,4.5,porcentaje_respuestas
ciu,utilizacion-de-la-capacidad-instalada-1o-trimestre-2021.pdf,4,motivos_producir_debajo_capacidad_plena,2021,1,otros,Otros,39.4,porcentaje_respuestas
ciu,utilizacion-de-la-capacidad-instalada-1o-trimestre-2021.pdf,4,motivos_producir_debajo_capacidad_plena,2021,1,otros_laborales,Otros laborales,12.1,porcentaje_respuestas
ciu,utilizacion-de-la-capacidad-instalada-1o-trimestre-2021.pdf,4,motivos_producir_debajo_capacidad_plena,2021,1,paros,Paros,4.5,porcentaje_respuestas
ciu,utilizacion-de-la-capacidad-instalada-1o-trimestre-2021.pdf,4,motivos_producir_debajo_capacidad_plena,2021,1,problemas_logisticos,Problemas logísticos,4.5,porcentaje_respuestas
ciu,utilizacion-de-la-capacidad-instalada-1o-trimestre-2021.pdf,4,motivos_producir_debajo_capacidad_plena,2021,1,razones_estacionales,Razones estacionales,18.2,porcentaje_respuestas
ciu,utilizacion-de-la-capacidad-instalada-1o-trimestre-2021.pdf,4,motivos_producir_debajo_capacidad_plena,2021,1,restricc_medioambientales,Restricc. medioambientales,1.5,porcentaje_respuestas
ciu,utilizacion-de-la-capacidad-instalada-1o-trimestre-2021.pdf,4,motivos_producir_debajo_capacidad_plena,2021,1,suficiente_inventario,Suficiente inventario,16.7,porcentaje_respuestas
ciu,utilizacion-de-la-capacidad-instalada-1o-trimestre-2025.pdf,4,motivos_producir_debajo_capacidad_plena,2022,1,aversion_riesgo_comercial,Aversión riesgo comercial,6.2,porcentaje_respuestas
ciu,utilizacion-de-la-capacidad-instalada-1o-trimestre-2025.pdf,4,motivos_producir_debajo_capacidad_plena,2022,1,disp_personal_calificado,Disp. personal calificado,11.5,porcentaje_respuestas
ciu,utilizacion-de-la-capacidad-instalada-1o-trimestre-2025.pdf,4,motivos_producir_debajo_capacidad_plena,2022,1,disp_personal_no_calificado,Disp. personal no calificado,0.9,porcentaje_respuestas
ciu,utilizacion-de-la-capacidad-instalada-1o-trimestre-2025.pdf,4,motivos_producir_debajo_capacidad_plena,2022,1,financiamiento,Financiamiento,6.2,porcentaje_respuestas
ciu,utilizacion-de-la-capacidad-instalada-1o-trimestre-2025.pdf,4,motivos_producir_debajo_capacidad_plena,2022,1,insuf_demanda_externa,Insuf. demanda externa,23.0,porcentaje_respuestas
ciu,utilizacion-de-la-capacidad-instalada-1o-trimestre-2025.pdf,4,motivos_producir_debajo_capacidad_plena,2022,1,insuf_demanda_interna,Insuf. demanda interna,52.2,porcentaje_respuestas
ciu,utilizacion-de-la-capacidad-instalada-1o-trimestre-2025.pdf,4,motivos_producir_debajo_capacidad_plena,2022,1,insuficiencia_oferta_de_materia_prima,Insuficiencia oferta de materia prima,23.9,porcentaje_respuestas
ciu,utilizacion-de-la-capacidad-instalada-1o-trimestre-2025.pdf,4,motivos_producir_debajo_capacidad_plena,2022,1,limitaciones_capacidad,Limitaciones capacidad,10.6,porcentaje_respuestas
ciu,utilizacion-de-la-capacidad-instalada-1o-trimestre-2025.pdf,4,motivos_producir_debajo_capacidad_plena,2022,1,no_es_mas_rentable,No es más rentable,4.4,porcentaje_respuestas
ciu,utilizacion-de-la-capacidad-instalada-1o-trimestre-2025.pdf,4,motivos_producir_debajo_capacidad_plena,2022,1,oferta_energetica,Oferta energética,2.7,porcentaje_respuestas
ciu,utilizacion-de-la-capacidad-instalada-1o-trimestre-2025.pdf,4,motivos_producir_debajo_capacidad_plena,2022,1,otros,Otros,17.7,porcentaje_respuestas
ciu,utilizacion-de-la-capacidad-instalada-1o-trimestre-2025.pdf,4,motivos_producir_debajo_capacidad_plena,2022,1,otros_laborales,Otros laborales,4.4,porcentaje_respuestas
ciu,utilizacion-de-la-capacidad-instalada-1o-trimestre-2025.pdf,4,motivos_producir_debajo_capacidad_plena,2022,1,paros,Paros,0.9,porcentaje_respuestas
ciu,utilizacion-de-la-capacidad-instalada-1o-trimestre-2025.pdf,4,motivos_producir_debajo_capacidad_plena,2022,1,problemas_logisticos,Problemas logísticos,6.2,porcentaje_respuestas
ciu,utilizacion-de-la-capacidad-instalada-1o-trimestre-2025.pdf,4,motivos_producir_debajo_capacidad_plena,2022,1,razones_estacionales,Razones estacionales,12.4,porcentaje_respuestas
ciu,utilizacion-de-la-capacidad-instalada-1o-trimestre-2025.pdf,4,motivos_producir_debajo_capacidad_plena,2022,1,restricc_medioambientales,Restricc. medioambientales,1.8,porcentaje_respuestas
ciu,utilizacion-de-la-capacidad-instalada-1o-trimestre-2025.pdf,4,motivos_producir_debajo_capacidad_plena,2022,1,suficiente_inventario,Suficiente inventario,12.4,porcentaje_respuestas
ciu,utilizacion-de-la-capacidad-instalada-1o-trimestre-2025.pdf,4,motivos_producir_debajo_capacidad_plena,2023,1,aversion_riesgo_comercial,Aversión riesgo comercial,17.6,porcentaje_respuestas
ciu,utilizacion-de-la-capacidad-instalada-1o-trimestre-2025.pdf,4,motivos_producir_debajo_capacidad_plena,2023,1,disp_personal_calificado,Disp. personal calificado,17.6,porcentaje_respuestas
ciu,utilizacion-de-la-capacidad-instalada-1o-trimestre-2025.pdf,4,motivos_producir_debajo_capacidad_plena,2023,1,disp_personal_no_calificado,Disp. personal no calificado,13.9,porcentaje_respuestas
ciu,utilizacion-de-la-capacidad-instalada-1o-trimestre-2025.pdf,4,motivos_producir_debajo_capacidad_plena,2023,1,financiamiento,Financiamiento,13.9,porcentaje_respuestas
ciu,utilizacion-de-la-capacidad-instalada-1o-trimestre-2025.pdf,4,motivos_producir_debajo_capacidad_plena,2023,1,insuf_demanda_externa,Insuf. demanda externa,37.0,porcentaje_respuestas
ciu,utilizacion-de-la-capacidad-instalada-1o-trimestre-2025.pdf,4,motivos_producir_debajo_capacidad_plena,2023,1,insuf_demanda_interna,Insuf. demanda interna,64.8,porcentaje_respuestas
ciu,utilizacion-de-la-capacidad-instalada-1o-trimestre-2025.pdf,4,motivos_producir_debajo_capacidad_plena,2023,1,insuficiencia_oferta_de_materia_prima,Insuficiencia oferta de materia prima,22.2,porcentaje_respuestas
ciu,utilizacion-de-la-capacidad-instalada-1o-trimestre-2025.pdf,4,motivos_producir_debajo_capacidad_plena,2023,1,limitaciones_capacidad,Limitaciones capacidad,17.6,porcentaje_respuestas
ciu,utilizacion-de-la-capacidad-instalada-1o-trimestre-2025.pdf,4,motivos_producir_debajo_capacidad_plena,2023,1,no_es_mas_rentable,No es más rentable,20.4,porcentaje_respuestas
ciu,utilizacion-de-la-capacidad-instalada-1o-trimestre-2025.pdf,4,motivos_producir_debajo_capacidad_plena,2023,1,oferta_energetica,Oferta energética,10.2,porcentaje_respuestas
ciu,utilizacion-de-la-capacidad-instalada-1o-trimestre-2025.pdf,4,motivos_producir_debajo_capacidad_plena,2023,1,otros,Otros,25.9,porcentaje_respuestas
ciu,utilizacion-de-la-capacidad-instalada-1o-trimestre-2025.pdf,4,motivos_producir_debajo_capacidad_plena,2023,1,otros_laborales,Otros laborales,20.4,porcentaje_respuestas
ciu,utilizacion-de-la-capacidad-instalada-1o-trimestre-2025.pdf,4,motivos_producir_debajo_capacidad_plena,2023,1,paros,Paros,10.2,porcentaje_respuestas
ciu,utilizacion-de-la-capacidad-instalada-1o-trimestre-2025.pdf,4,motivos_producir_debajo_capacidad_plena,2023,1,problemas_logisticos,Problemas logísticos,13.0,porcentaje_respuestas
ciu,utilizacion-de-la-capacidad-instalada-1o-trimestre-2025.pdf,4,motivos_producir_debajo_capacidad_plena,2023,1,razones_estacionales,Razones estacionales,21.3,porcentaje_respuestas
ciu,utilizacion-de-la-capacidad-instalada-1o-trimestre-2025.pdf,4,motivos_producir_debajo_capacidad_plena,2023,1,restricc_medioambientales,Restricc. medioambientales,9.3,porcentaje_respuestas
ciu,utilizacion-de-la-capacidad-instalada-1o-trimestre-2025.pdf,4,motivos_producir_debajo_capacidad_plena,2023,1,suficiente_inventario,Suficiente inventario,18.5,porcentaje_respuestas
ciu,utilizacion-de-la-capacidad-instalada-1o-trimestre-2025.pdf,4,motivos_producir_debajo_capacidad_plena,2024,1,aversion_riesgo_comercial,Aversión riesgo comercial,13.3,porcentaje_respuestas
ciu,utilizacion-de-la-capacidad-instalada-1o-trimestre-2025.pdf,4,motivos_producir_debajo_capacidad_plena,2024,1,disp_personal_calificado,Disp. personal calificado,13.3,porcentaje_respuestas
ciu,utilizacion-de-la-capacidad-instalada-1o-trimestre-2025.pdf,4,motivos_producir_debajo_capacidad_plena,2024,1,disp_personal_no_calificado,Disp. personal no calificado,10.0,porcentaje_respuestas
ciu,utilizacion-de-la-capacidad-instalada-1o-trimestre-2025.pdf,4,motivos_producir_debajo_capacidad_plena,2024,1,financiamiento,Financiamiento,12.2,porcentaje_respuestas
ciu,utilizacion-de-la-capacidad-instalada-1o-trimestre-2025.pdf,4,motivos_producir_debajo_capacidad_plena,2024,1,insuf_demanda_externa,Insuf. demanda externa,45.6,porcentaje_respuestas
ciu,utilizacion-de-la-capacidad-instalada-1o-trimestre-2025.pdf,4,motivos_producir_debajo_capacidad_plena,2024,1,insuf_demanda_interna,Insuf. demanda interna,57.8,porcentaje_respuestas
ciu,utilizacion-de-la-capacidad-instalada-1o-trimestre-2025.pdf,4,motivos_producir_debajo_capacidad_plena,2024,1,insuficiencia_oferta_de_materia_prima,Insuficiencia oferta de materia prima,20.0,porcentaje_respuestas
ciu,utilizacion-de-la-capacidad-instalada-1o-trimestre-2025.pdf,4,motivos_producir_debajo_capacidad_plena,2024,1,limitaciones_capacidad,Limitaciones capacidad,16.7,porcentaje_respuestas
ciu,utilizacion-de-la-capacidad-instalada-1o-trimestre-2025.pdf,4,motivos_producir_debajo_capacidad_plena,2024,1,no_es_mas_rentable,No es más rentable,17.8,porcentaje_respuestas
ciu,utilizacion-de-la-capacidad-instalada-1o-trimestre-2025.pdf,4,motivos_producir_debajo_capacidad_plena,2024,1,oferta_energetica,Oferta energética,10.0,porcentaje_respuestas
ciu,utilizacion-de-la-capacidad-instalada-1o-trimestre-2025.pdf,4,motivos_producir_debajo_capacidad_plena,2024,1,otros,Otros,13.3,porcentaje_respuestas
ciu,utilizacion-de-la-capacidad-instalada-1o-trimestre-2025.pdf,4,motivos_producir_debajo_capacidad_plena,2024,1,otros_laborales,Otros laborales,13.3,porcentaje_respuestas
ciu,utilizacion-de-la-capacidad-instalada-1o-trimestre-2025.pdf,4,motivos_producir_debajo_capacidad_plena,2024,1,paros,Paros,11.1,porcentaje_respuestas
ciu,utilizacion-de-la-capacidad-instalada-1o-trimestre-2025.pdf,4,motivos_producir_debajo_capacidad_plena,2024,1,problemas_logisticos,Problemas logísticos,13.3,porcentaje_respuestas
ciu,utilizacion-de-la-capacidad-instalada-1o-trimestre-2025.pdf,4,motivos_producir_debajo_capacidad_plena,2024,1,razones_estacionales,Razones estacionales,23.3,porcentaje_respuestas
ciu,utilizacion-de-la-capacidad-instalada-1o-trimestre-2025.pdf,4,motivos_producir_debajo_capacidad_plena,2024,1,restricc_medioambientales,Restricc. medioambientales,8.9,porcentaje_respuestas
ciu,utilizacion-de-la-capacidad-instalada-1o-trimestre-2025.pdf,4,motivos_producir_debajo_capacidad_plena,2024,1,suficiente_inventario,Suficiente inventario,23.3,porcentaje_respuestas
ciu,utilizacion-de-la-capacidad-instalada-1o-trimestre-2025.pdf,4,motivos_producir_debajo_capacidad_plena,2025,1,aversion_riesgo_comercial,Aversión riesgo comercial,16.7,porcentaje_respuestas
ciu,utilizacion-de-la-capacidad-instalada-1o-trimestre-2025.pdf,4,motivos_producir_debajo_capacidad_plena,2025,1,disp_personal_calificado,Disp. personal calificado,9.7,porcentaje_respuestas
ciu,utilizacion-de-la-capacidad-instalada-1o-trimestre-2025.pdf,4,motivos_producir_debajo_capacidad_plena,2025,1,disp_personal_no_calificado,Disp. personal no calificado,13.9,porcentaje_respuestas
ciu,utilizacion-de-la-capacidad-instalada-1o-trimestre-2025.pdf,4,motivos_producir_debajo_capacidad_plena,2025,1,financiamiento,Financiamiento,12.5,porcentaje_respuestas
ciu,utilizacion-de-la-capacidad-instalada-1o-trimestre-2025.pdf,4,motivos_producir_debajo_capacidad_plena,2025,1,insuf_demanda_externa,Insuf. demanda externa,36.1,porcentaje_respuestas
ciu,utilizacion-de-la-capacidad-instalada-1o-trimestre-2025.pdf,4,motivos_producir_debajo_capacidad_plena,2025,1,insuf_demanda_interna,Insuf. demanda interna,50.0,porcentaje_respuestas
ciu,utilizacion-de-la-capacidad-instalada-1o-trimestre-2025.pdf,4,motivos_producir_debajo_capacidad_plena,2025,1,insuficiencia_oferta_de_materia_prima,Insuficiencia oferta de materia prima,16.7,porcentaje_respuestas
ciu,utilizacion-de-la-capacidad-instalada-1o-trimestre-2025.pdf,4,motivos_producir_debajo_capacidad_plena,2025,1,limitaciones_capacidad,Limitaciones capacidad,23.6,porcentaje_respuestas
ciu,utilizacion-de-la-capacidad-instalada-1o-trimestre-2025.pdf,4,motivos_producir_debajo_capacidad_plena,2025,1,no_es_mas_rentable,No es más rentable,15.3,porcentaje_respuestas
ciu,utilizacion-de-la-capacidad-instalada-1o-trimestre-2025.pdf,4,motivos_producir_debajo_capacidad_plena,2025,1,oferta_energetica,Oferta energética,9.7,porcentaje_respuestas
ciu,utilizacion-de-la-capacidad-instalada-1o-trimestre-2025.pdf,4,motivos_producir_debajo_capacidad_plena,2025,1,otros,Otros,16.7,porcentaje_respuestas
ciu,utilizacion-de-la-capacidad-instalada-1o-trimestre-2025.pdf,4,motivos_producir_debajo_capacidad_plena,2025,1,otros_laborales,Otros laborales,13.9,porcentaje_respuestas
ciu,utilizacion-de-la-capacidad-instalada-1o-trimestre-2025.pdf,4,motivos_producir_debajo_capacidad_plena,2025,1,paros,Paros,13.9,porcentaje_respuestas
ciu,utilizacion-de-la-capacidad-instalada-1o-trimestre-2025.pdf,4,motivos_producir_debajo_capacidad_plena,2025,1,problemas_logisticos,Problemas logísticos,11.1,porcentaje_respuestas
ciu,utilizacion-de-la-capacidad-instalada-1o-trimestre-2025.pdf,4,motivos_producir_debajo_capacidad_plena,2025,1,razones_estacionales,Razones estacionales,20.8,porcentaje_respuestas
ciu,utilizacion-de-la-capacidad-instalada-1o-trimestre-2025.pdf,4,motivos_producir_debajo_capacidad_plena,2025,1,restricc_medioambientales,Restricc. medioambientales,6.9,porcentaje_respuestas
ciu,utilizacion-de-la-capacidad-instalada-1o-trimestre-2025.pdf,4,motivos_producir_debajo_capacidad_plena,2025,1,suficiente_inventario,Suficiente inventario,18.1,porcentaje_respuestas
