fuente,archivo,pagina,tabla,grupo_costo,componente,componente_etiqueta,sector_codigo,sector,anno,valor,unidad
ciu,8_Estructura-de-Costos-y-Ratios-Indicadores-Octubre-2025.pdf,4,estructura_costos_sectores_2005,costos_produccion,1_costos_de_produccion,1. Costos de Producción,15_16,"Alimentos, Bebidas y Tabaco",2005,100.0,porcentaje
ciu,8_Estructura-de-Costos-y-Ratios-Indicadores-Octubre-2025.pdf,4,estructura_costos_sectores_2005,costos_produccion,1_costos_de_produccion,1. Costos de Producción,17_18_19,"Textiles, Vestimenta y Cuero",2005,100.0,porcentaje
ciu,8_Estructura-de-Costos-y-Ratios-Indicadores-Octubre-2025.pdf,4,estructura_costos_sectores_2005,costos_produccion,1_costos_de_produccion,1. Costos de Producción,20,Madera y productos de madera,2005,100.0,porcentaje
ciu,8_Estructura-de-Costos-y-Ratios-Indicadores-Octubre-2025.pdf,4,estructura_costos_sectores_2005,costos_produccion,1_costos_de_produccion,1. Costos de Producción,21_22,Papel e imprenta,2005,100.0,porcentaje
ciu,8_Estructura-de-Costos-y-Ratios-Indicadores-Octubre-2025.pdf,4,estructura_costos_sectores_2005,costos_produccion,1_costos_de_produccion,1. Costos de Producción,23,Prod. derivados del petroleo,2005,100.0,porcentaje
ciu,8_Estructura-de-Costos-y-Ratios-Indicadores-Octubre-2025.pdf,4,estructura_costos_sectores_2005,costos_produccion,1_costos_de_produccion,1. Costos de Producción,24_25,"Prod. quimicos, caucho y plastico",2005,100.0,porcentaje
ciu,8_Estructura-de-Costos-y-Ratios-Indicadores-Octubre-2025.pdf,4,estructura_costos_sectores_2005,costos_produccion,1_costos_de_produccion,1. Costos de Producción,26_27,Minerales no metalicos y metalicas basicas,2005,100.0,porcentaje
ciu,8_Estructura-de-Costos-y-Ratios-Indicadores-Octubre-2025.pdf,4,estructura_costos_sectores_2005,costos_produccion,1_costos_de_produccion,1. Costos de Producción,28_29_30,"Metalicos, Maq. y Equipos",2005,100.0,porcentaje
ciu,8_Estructura-de-Costos-y-Ratios-Indicadores-Octubre-2025.pdf,4,estructura_costos_sectores_2005,costos_produccion,1_costos_de_produccion,1. Costos de Producción,31_32_33,Maq. y aparatos electricos,2005,100.0,porcentaje
ciu,8_Estructura-de-Costos-y-Ratios-Indicadores-Octubre-2025.pdf,4,estructura_costos_sectores_2005,costos_produccion,1_costos_de_produccion,1. Costos de Producción,34_35,Vehiculos y equipo de transporte,2005,100.0,porcentaje
ciu,8_Estructura-de-Costos-y-Ratios-Indicadores-Octubre-2025.pdf,4,estructura_costos_sectores_2005,costos_produccion,1_costos_de_produccion,1. Costos de Producción,36,Muebles y Otras Industrias,2005,100.0,porcentaje
ciu,8_Estructura-de-Costos-y-Ratios-Indicadores-Octubre-2025.pdf,4,estructura_costos_sectores_2005,costos_produccion,materias_primas_y_materiales,Materias primas y materiales,15_16,"Alimentos, Bebidas y Tabaco",2005,81.4,porcentaje
ciu,8_Estructura-de-Costos-y-Ratios-Indicadores-Octubre-2025.pdf,4,estructura_costos_sectores_2005,costos_produccion,materias_primas_y_materiales,Materias primas y materiales,17_18_19,"Textiles, Vestimenta y Cuero",2005,78.5,porcentaje
ciu,8_Estructura-de-Costos-y-Ratios-Indicadores-Octubre-2025.pdf,4,estructura_costos_sectores_2005,costos_produccion,materias_primas_y_materiales,Materias primas y materiales,20,Madera y productos de madera,2005,68.1,porcentaje
ciu,8_Estructura-de-Costos-y-Ratios-Indicadores-Octubre-2025.pdf,4,estructura_costos_sectores_2005,costos_produccion,materias_primas_y_materiales,Materias primas y materiales,21_22,Papel e imprenta,2005,62.9,porcentaje
ciu,8_Estructura-de-Costos-y-Ratios-Indicadores-Octubre-2025.pdf,4,estructura_costos_sectores_2005,costos_produccion,materias_primas_y_materiales,Materias primas y materiales,23,Prod. derivados del petroleo,2005,91.2,porcentaje
ciu,8_Estructura-de-Costos-y-Ratios-Indicadores-Octubre-2025.pdf,4,estructura_costos_sectores_2005,costos_produccion,materias_primas_y_materiales,Materias primas y materiales,24_25,"Prod. quimicos, caucho y plastico",2005,75.0,porcentaje
ciu,8_Estructura-de-Costos-y-Ratios-Indicadores-Octubre-2025.pdf,4,estructura_costos_sectores_2005,costos_produccion,materias_primas_y_materiales,Materias primas y materiales,26_27,Minerales no metalicos y metalicas basicas,2005,46.1,porcentaje
ciu,8_Estructura-de-Costos-y-Ratios-Indicadores-Octubre-2025.pdf,4,estructura_costos_sectores_2005,costos_produccion,materias_primas_y_materiales,Materias primas y materiales,28_29_30,"Metalicos, Maq. y Equipos",2005,72.4,porcentaje
ciu,8_Estructura-de-Costos-y-Ratios-Indicadores-Octubre-2025.pdf,4,estructura_costos_sectores_2005,costos_produccion,materias_primas_y_materiales,Materias primas y materiales,31_32_33,Maq. y aparatos electricos,2005,68.3,porcentaje
ciu,8_Estructura-de-Costos-y-Ratios-Indicadores-Octubre-2025.pdf,4,estructura_costos_sectores_2005,costos_produccion,materias_primas_y_materiales,Materias primas y materiales,34_35,Vehiculos y equipo de transporte,2005,78.0,porcentaje
ciu,8_Estructura-de-Costos-y-Ratios-Indicadores-Octubre-2025.pdf,4,estructura_costos_sectores_2005,costos_produccion,materias_primas_y_materiales,Materias primas y materiales,36,Muebles y Otras Industrias,2005,75.6,porcentaje
ciu,8_Estructura-de-Costos-y-Ratios-Indicadores-Octubre-2025.pdf,4,estructura_costos_sectores_2005,costos_produccion,mano_de_obra_obreros_salarios_agui_sal_vac_otros,Mano de obra obreros: salarios + agui + sal vac + otros,15_16,"Alimentos, Bebidas y Tabaco",2005,5.0,porcentaje
ciu,8_Estructura-de-Costos-y-Ratios-Indicadores-Octubre-2025.pdf,4,estructura_costos_sectores_2005,costos_produccion,mano_de_obra_obreros_salarios_agui_sal_vac_otros,Mano de obra obreros: salarios + agui + sal vac + otros,17_18_19,"Textiles, Vestimenta y Cuero",2005,7.5,porcentaje
ciu,8_Estructura-de-Costos-y-Ratios-Indicadores-Octubre-2025.pdf,4,estructura_costos_sectores_2005,costos_produccion,mano_de_obra_obreros_salarios_agui_sal_vac_otros,Mano de obra obreros: salarios + agui + sal vac + otros,20,Madera y productos de madera,2005,7.1,porcentaje
ciu,8_Estructura-de-Costos-y-Ratios-Indicadores-Octubre-2025.pdf,4,estructura_costos_sectores_2005,costos_produccion,mano_de_obra_obreros_salarios_agui_sal_vac_otros,Mano de obra obreros: salarios + agui + sal vac + otros,21_22,Papel e imprenta,2005,9.6,porcentaje
ciu,8_Estructura-de-Costos-y-Ratios-Indicadores-Octubre-2025.pdf,4,estructura_costos_sectores_2005,costos_produccion,mano_de_obra_obreros_salarios_agui_sal_vac_otros,Mano de obra obreros: salarios + agui + sal vac + otros,23,Prod. derivados del petroleo,2005,0.9,porcentaje
ciu,8_Estructura-de-Costos-y-Ratios-Indicadores-Octubre-2025.pdf,4,estructura_costos_sectores_2005,costos_produccion,mano_de_obra_obreros_salarios_agui_sal_vac_otros,Mano de obra obreros: salarios + agui + sal vac + otros,24_25,"Prod. quimicos, caucho y plastico",2005,7.4,porcentaje
ciu,8_Estructura-de-Costos-y-Ratios-Indicadores-Octubre-2025.pdf,4,estructura_costos_sectores_2005,costos_produccion,mano_de_obra_obreros_salarios_agui_sal_vac_otros,Mano de obra obreros: salarios + agui + sal vac + otros,26_27,Minerales no metalicos y metalicas basicas,2005,11.0,porcentaje
ciu,8_Estructura-de-Costos-y-Ratios-Indicadores-Octubre-2025.pdf,4,estructura_costos_sectores_2005,costos_produccion,mano_de_obra_obreros_salarios_agui_sal_vac_otros,Mano de obra obreros: salarios + agui + sal vac + otros,28_29_30,"Metalicos, Maq. y Equipos",2005,12.3,porcentaje
ciu,8_Estructura-de-Costos-y-Ratios-Indicadores-Octubre-2025.pdf,4,estructura_costos_sectores_2005,costos_produccion,mano_de_obra_obreros_salarios_agui_sal_vac_otros,Mano de obra obreros: salarios + agui + sal vac + otros,31_32_33,Maq. y aparatos electricos,2005,14.1,porcentaje
ciu,8_Estructura-de-Costos-y-Ratios-Indicadores-Octubre-2025.pdf,4,estructura_costos_sectores_2005,costos_produccion,mano_de_obra_obreros_salarios_agui_sal_vac_otros,Mano de obra obreros: salarios + agui + sal vac + otros,34_35,Vehiculos y equipo de transporte,2005,6.4,porcentaje
ciu,8_Estructura-de-Costos-y-Ratios-Indicadores-Octubre-2025.pdf,4,estructura_costos_sectores_2005,costos_produccion,mano_de_obra_obreros_salarios_agui_sal_vac_otros,Mano de obra obreros: salarios + agui + sal vac + otros,36,Muebles y Otras Industrias,2005,8.3,porcentaje
ciu,8_Estructura-de-Costos-y-Ratios-Indicadores-Octubre-2025.pdf,4,estructura_costos_sectores_2005,costos_produccion,aportes_patronales_e_imp_a_los_sueldos_obreros,Aportes patronales e imp. a los sueldos obreros,15_16,"Alimentos, Bebidas y Tabaco",2005,0.5,porcentaje
ciu,8_Estructura-de-Costos-y-Ratios-Indicadores-Octubre-2025.pdf,4,estructura_costos_sectores_2005,costos_produccion,aportes_patronales_e_imp_a_los_sueldos_obreros,Aportes patronales e imp. a los sueldos obreros,17_18_19,"Textiles, Vestimenta y Cuero",2005,0.7,porcentaje
ciu,8_Estructura-de-Costos-y-Ratios-Indicadores-Octubre-2025.pdf,4,estructura_costos_sectores_2005,costos_produccion,aportes_patronales_e_imp_a_los_sueldos_obreros,Aportes patronales e imp. a los sueldos obreros,20,Madera y productos de madera,2005,1.1,porcentaje
ciu,8_Estructura-de-Costos-y-Ratios-Indicadores-Octubre-2025.pdf,4,estructura_costos_sectores_2005,costos_produccion,aportes_patronales_e_imp_a_los_sueldos_obreros,Aportes patronales e imp. a los sueldos obreros,21_22,Papel e imprenta,2005,0.9,porcentaje
ciu,8_Estructura-de-Costos-y-Ratios-Indicadores-Octubre-2025.pdf,4,estructura_costos_sectores_2005,costos_produccion,aportes_patronales_e_imp_a_los_sueldos_obreros,Aportes patronales e imp. a los sueldos obreros,23,Prod. derivados del petroleo,2005,0.1,porcentaje
ciu,8_Estructura-de-Costos-y-Ratios-Indicadores-Octubre-2025.pdf,4,estructura_costos_sectores_2005,costos_produccion,aportes_patronales_e_imp_a_los_sueldos_obreros,Aportes patronales e imp. a los sueldos obreros,24_25,"Prod. quimicos, caucho y plastico",2005,0.6,porcentaje
ciu,8_Estructura-de-Costos-y-Ratios-Indicadores-Octubre-2025.pdf,4,estructura_costos_sectores_2005,costos_produccion,aportes_patronales_e_imp_a_los_sueldos_obreros,Aportes patronales e imp. a los sueldos obreros,26_27,Minerales no metalicos y metalicas basicas,2005,0.9,porcentaje
ciu,8_Estructura-de-Costos-y-Ratios-Indicadores-Octubre-2025.pdf,4,estructura_costos_sectores_2005,costos_produccion,aportes_patronales_e_imp_a_los_sueldos_obreros,Aportes patronales e imp. a los sueldos obreros,28_29_30,"Metalicos, Maq. y Equipos",2005,1.9,porcentaje
ciu,8_Estructura-de-Costos-y-Ratios-Indicadores-Octubre-2025.pdf,4,estructura_costos_sectores_2005,costos_produccion,aportes_patronales_e_imp_a_los_sueldos_obreros,Aportes patronales e imp. a los sueldos obreros,31_32_33,Maq. y aparatos electricos,2005,2.1,porcentaje
ciu,8_Estructura-de-Costos-y-Ratios-Indicadores-Octubre-2025.pdf,4,estructura_costos_sectores_2005,costos_produccion,aportes_patronales_e_imp_a_los_sueldos_obreros,Aportes patronales e imp. a los sueldos obreros,34_35,Vehiculos y equipo de transporte,2005,0.7,porcentaje
ciu,8_Estructura-de-Costos-y-Ratios-Indicadores-Octubre-2025.pdf,4,estructura_costos_sectores_2005,costos_produccion,aportes_patronales_e_imp_a_los_sueldos_obreros,Aportes patronales e imp. a los sueldos obreros,36,Muebles y Otras Industrias,2005,1.1,porcentaje
ciu,8_Estructura-de-Costos-y-Ratios-Indicadores-Octubre-2025.pdf,4,estructura_costos_sectores_2005,costos_produccion,trabajos_hechos_por_terceros,Trabajos hechos por terceros,15_16,"Alimentos, Bebidas y Tabaco",2005,0.4,porcentaje
ciu,8_Estructura-de-Costos-y-Ratios-Indicadores-Octubre-2025.pdf,4,estructura_costos_sectores_2005,costos_produccion,trabajos_hechos_por_terceros,Trabajos hechos por terceros,17_18_19,"Textiles, Vestimenta y Cuero",2005,2.9,porcentaje
ciu,8_Estructura-de-Costos-y-Ratios-Indicadores-Octubre-2025.pdf,4,estructura_costos_sectores_2005,costos_produccion,trabajos_hechos_por_terceros,Trabajos hechos por terceros,20,Madera y productos de madera,2005,13.1,porcentaje
ciu,8_Estructura-de-Costos-y-Ratios-Indicadores-Octubre-2025.pdf,4,estructura_costos_sectores_2005,costos_produccion,trabajos_hechos_por_terceros,Trabajos hechos por terceros,21_22,Papel e imprenta,2005,3.4,porcentaje
ciu,8_Estructura-de-Costos-y-Ratios-Indicadores-Octubre-2025.pdf,4,estructura_costos_sectores_2005,costos_produccion,trabajos_hechos_por_terceros,Trabajos hechos por terceros,23,Prod. derivados del petroleo,2005,0.0,porcentaje
ciu,8_Estructura-de-Costos-y-Ratios-Indicadores-Octubre-2025.pdf,4,estructura_costos_sectores_2005,costos_produccion,trabajos_hechos_por_terceros,Trabajos hechos por terceros,24_25,"Prod. quimicos, caucho y plastico",2005,1.5,porcentaje
ciu,8_Estructura-de-Costos-y-Ratios-Indicadores-Octubre-2025.pdf,4,estructura_costos_sectores_2005,costos_produccion,trabajos_hechos_por_terceros,Trabajos hechos por terceros,26_27,Minerales no metalicos y metalicas basicas,2005,1.8,porcentaje
ciu,8_Estructura-de-Costos-y-Ratios-Indicadores-Octubre-2025.pdf,4,estructura_costos_sectores_2005,costos_produccion,trabajos_hechos_por_terceros,Trabajos hechos por terceros,28_29_30,"Metalicos, Maq. y Equipos",2005,3.7,porcentaje
ciu,8_Estructura-de-Costos-y-Ratios-Indicadores-Octubre-2025.pdf,4,estructura_costos_sectores_2005,costos_produccion,trabajos_hechos_por_terceros,Trabajos hechos por terceros,31_32_33,Maq. y aparatos electricos,2005,1.2,porcentaje
ciu,8_Estructura-de-Costos-y-Ratios-Indicadores-Octubre-2025.pdf,4,estructura_costos_sectores_2005,costos_produccion,trabajos_hechos_por_terceros,Trabajos hechos por terceros,34_35,Vehiculos y equipo de transporte,2005,0.8,porcentaje
ciu,8_Estructura-de-Costos-y-Ratios-Indicadores-Octubre-2025.pdf,4,estructura_costos_sectores_2005,costos_produccion,trabajos_hechos_por_terceros,Trabajos hechos por terceros,36,Muebles y Otras Industrias,2005,0.4,porcentaje
ciu,8_Estructura-de-Costos-y-Ratios-Indicadores-Octubre-2025.pdf,4,estructura_costos_sectores_2005,costos_produccion,envases,Envases,15_16,"Alimentos, Bebidas y Tabaco",2005,3.8,porcentaje
ciu,8_Estructura-de-Costos-y-Ratios-Indicadores-Octubre-2025.pdf,4,estructura_costos_sectores_2005,costos_produccion,envases,Envases,17_18_19,"Textiles, Vestimenta y Cuero",2005,0.8,porcentaje
ciu,8_Estructura-de-Costos-y-Ratios-Indicadores-Octubre-2025.pdf,4,estructura_costos_sectores_2005,costos_produccion,envases,Envases,20,Madera y productos de madera,2005,0.2,porcentaje
ciu,8_Estructura-de-Costos-y-Ratios-Indicadores-Octubre-2025.pdf,4,estructura_costos_sectores_2005,costos_produccion,envases,Envases,21_22,Papel e imprenta,2005,0.3,porcentaje
ciu,8_Estructura-de-Costos-y-Ratios-Indicadores-Octubre-2025.pdf,4,estructura_costos_sectores_2005,costos_produccion,envases,Envases,23,Prod. derivados del petroleo,2005,0.1,porcentaje
ciu,8_Estructura-de-Costos-y-Ratios-Indicadores-Octubre-2025.pdf,4,estructura_costos_sectores_2005,costos_produccion,envases,Envases,24_25,"Prod. quimicos, caucho y plastico",2005,4.5,porcentaje
ciu,8_Estructura-de-Costos-y-Ratios-Indicadores-Octubre-2025.pdf,4,estructura_costos_sectores_2005,costos_produccion,envases,Envases,26_27,Minerales no metalicos y metalicas basicas,2005,2.2,porcentaje
ciu,8_Estructura-de-Costos-y-Ratios-Indicadores-Octubre-2025.pdf,4,estructura_costos_sectores_2005,costos_produccion,envases,Envases,28_29_30,"Metalicos, Maq. y Equipos",2005,0.2,porcentaje
ciu,8_Estructura-de-Costos-y-Ratios-Indicadores-Octubre-2025.pdf,4,estructura_costos_sectores_2005,costos_produccion,envases,Envases,31_32_33,Maq. y aparatos electricos,2005,0.8,porcentaje
ciu,8_Estructura-de-Costos-y-Ratios-Indicadores-Octubre-2025.pdf,4,estructura_costos_sectores_2005,costos_produccion,envases,Envases,34_35,Vehiculos y equipo de transporte,2005,0.6,porcentaje
ciu,8_Estructura-de-Costos-y-Ratios-Indicadores-Octubre-2025.pdf,4,estructura_costos_sectores_2005,costos_produccion,envases,Envases,36,Muebles y Otras Industrias,2005,1.5,porcentaje
ciu,8_Estructura-de-Costos-y-Ratios-Indicadores-Octubre-2025.pdf,4,estructura_costos_sectores_2005,costos_produccion,fuel_oil,Fuel Oil,15_16,"Alimentos, Bebidas y Tabaco",2005,0.5,porcentaje
ciu,8_Estructura-de-Costos-y-Ratios-Indicadores-Octubre-2025.pdf,4,estructura_costos_sectores_2005,costos_produccion,fuel_oil,Fuel Oil,17_18_19,"Textiles, Vestimenta y Cuero",2005,0.6,porcentaje
ciu,8_Estructura-de-Costos-y-Ratios-Indicadores-Octubre-2025.pdf,4,estructura_costos_sectores_2005,costos_produccion,fuel_oil,Fuel Oil,20,Madera y productos de madera,2005,0.0,porcentaje
ciu,8_Estructura-de-Costos-y-Ratios-Indicadores-Octubre-2025.pdf,4,estructura_costos_sectores_2005,costos_produccion,fuel_oil,Fuel Oil,21_22,Papel e imprenta,2005,0.7,porcentaje
ciu,8_Estructura-de-Costos-y-Ratios-Indicadores-Octubre-2025.pdf,4,estructura_costos_sectores_2005,costos_produccion,fuel_oil,Fuel Oil,23,Prod. derivados del petroleo,2005,3.7,porcentaje
ciu,8_Estructura-de-Costos-y-Ratios-Indicadores-Octubre-2025.pdf,4,estructura_costos_sectores_2005,costos_produccion,fuel_oil,Fuel Oil,24_25,"Prod. quimicos, caucho y plastico",2005,0.2,porcentaje
ciu,8_Estructura-de-Costos-y-Ratios-Indicadores-Octubre-2025.pdf,4,estructura_costos_sectores_2005,costos_produccion,fuel_oil,Fuel Oil,26_27,Minerales no metalicos y metalicas basicas,2005,4.2,porcentaje
ciu,8_Estructura-de-Costos-y-Ratios-Indicadores-Octubre-2025.pdf,4,estructura_costos_sectores_2005,costos_produccion,fuel_oil,Fuel Oil,28_29_30,"Metalicos, Maq. y Equipos",2005,0.1,porcentaje
ciu,8_Estructura-de-Costos-y-Ratios-Indicadores-Octubre-2025.pdf,4,estructura_costos_sectores_2005,costos_produccion,fuel_oil,Fuel Oil,31_32_33,Maq. y aparatos electricos,2005,0.2,porcentaje
ciu,8_Estructura-de-Costos-y-Ratios-Indicadores-Octubre-2025.pdf,4,estructura_costos_sectores_2005,costos_produccion,fuel_oil,Fuel Oil,34_35,Vehiculos y equipo de transporte,2005,0.2,porcentaje
ciu,8_Estructura-de-Costos-y-Ratios-Indicadores-Octubre-2025.pdf,4,estructura_costos_sectores_2005,costos_produccion,fuel_oil,Fuel Oil,36,Muebles y Otras Industrias,2005,0.0,porcentaje
ciu,8_Estructura-de-Costos-y-Ratios-Indicadores-Octubre-2025.pdf,4,estructura_costos_sectores_2005,costos_produccion,gas_oil,Gas Oil,15_16,"Alimentos, Bebidas y Tabaco",2005,0.4,porcentaje
ciu,8_Estructura-de-Costos-y-Ratios-Indicadores-Octubre-2025.pdf,4,estructura_costos_sectores_2005,costos_produccion,gas_oil,Gas Oil,17_18_19,"Textiles, Vestimenta y Cuero",2005,0.1,porcentaje
ciu,8_Estructura-de-Costos-y-Ratios-Indicadores-Octubre-2025.pdf,4,estructura_costos_sectores_2005,costos_produccion,gas_oil,Gas Oil,20,Madera y productos de madera,2005,1.1,porcentaje
ciu,8_Estructura-de-Costos-y-Ratios-Indicadores-Octubre-2025.pdf,4,estructura_costos_sectores_2005,costos_produccion,gas_oil,Gas Oil,21_22,Papel e imprenta,2005,0.1,porcentaje
ciu,8_Estructura-de-Costos-y-Ratios-Indicadores-Octubre-2025.pdf,4,estructura_costos_sectores_2005,costos_produccion,gas_oil,Gas Oil,23,Prod. derivados del petroleo,2005,0.1,porcentaje
ciu,8_Estructura-de-Costos-y-Ratios-Indicadores-Octubre-2025.pdf,4,estructura_costos_sectores_2005,costos_produccion,gas_oil,Gas Oil,24_25,"Prod. quimicos, caucho y plastico",2005,0.3,porcentaje
ciu,8_Estructura-de-Costos-y-Ratios-Indicadores-Octubre-2025.pdf,4,estructura_costos_sectores_2005,costos_produccion,gas_oil,Gas Oil,26_27,Minerales no metalicos y metalicas basicas,2005,0.6,porcentaje
ciu,8_Estructura-de-Costos-y-Ratios-Indicadores-Octubre-2025.pdf,4,estructura_costos_sectores_2005,costos_produccion,gas_oil,Gas Oil,28_29_30,"Metalicos, Maq. y Equipos",2005,0.9,porcentaje
ciu,8_Estructura-de-Costos-y-Ratios-Indicadores-Octubre-2025.pdf,4,estructura_costos_sectores_2005,costos_produccion,gas_oil,Gas Oil,31_32_33,Maq. y aparatos electricos,2005,0.2,porcentaje
ciu,8_Estructura-de-Costos-y-Ratios-Indicadores-Octubre-2025.pdf,4,estructura_costos_sectores_2005,costos_produccion,gas_oil,Gas Oil,34_35,Vehiculos y equipo de transporte,2005,0.1,porcentaje
ciu,8_Estructura-de-Costos-y-Ratios-Indicadores-Octubre-2025.pdf,4,estructura_costos_sectores_2005,costos_produccion,gas_oil,Gas Oil,36,Muebles y Otras Industrias,2005,0.1,porcentaje
ciu,8_Estructura-de-Costos-y-Ratios-Indicadores-Octubre-2025.pdf,4,estructura_costos_sectores_2005,costos_produccion,lena,Leña,15_16,"Alimentos, Bebidas y Tabaco",2005,0.2,porcentaje
ciu,8_Estructura-de-Costos-y-Ratios-Indicadores-Octubre-2025.pdf,4,estructura_costos_sectores_2005,costos_produccion,lena,Leña,17_18_19,"Textiles, Vestimenta y Cuero",2005,0.1,porcentaje
ciu,8_Estructura-de-Costos-y-Ratios-Indicadores-Octubre-2025.pdf,4,estructura_costos_sectores_2005,costos_produccion,lena,Leña,20,Madera y productos de madera,2005,0.0,porcentaje
ciu,8_Estructura-de-Costos-y-Ratios-Indicadores-Octubre-2025.pdf,4,estructura_costos_sectores_2005,costos_produccion,lena,Leña,21_22,Papel e imprenta,2005,0.1,porcentaje
ciu,8_Estructura-de-Costos-y-Ratios-Indicadores-Octubre-2025.pdf,4,estructura_costos_sectores_2005,costos_produccion,lena,Leña,23,Prod. derivados del petroleo,2005,0.0,porcentaje
ciu,8_Estructura-de-Costos-y-Ratios-Indicadores-Octubre-2025.pdf,4,estructura_costos_sectores_2005,costos_produccion,lena,Leña,24_25,"Prod. quimicos, caucho y plastico",2005,0.0,porcentaje
ciu,8_Estructura-de-Costos-y-Ratios-Indicadores-Octubre-2025.pdf,4,estructura_costos_sectores_2005,costos_produccion,lena,Leña,26_27,Minerales no metalicos y metalicas basicas,2005,1.0,porcentaje
ciu,8_Estructura-de-Costos-y-Ratios-Indicadores-Octubre-2025.pdf,4,estructura_costos_sectores_2005,costos_produccion,lena,Leña,28_29_30,"Metalicos, Maq. y Equipos",2005,0.0,porcentaje
ciu,8_Estructura-de-Costos-y-Ratios-Indicadores-Octubre-2025.pdf,4,estructura_costos_sectores_2005,costos_produccion,lena,Leña,31_32_33,Maq. y aparatos electricos,2005,0.0,porcentaje
ciu,8_Estructura-de-Costos-y-Ratios-Indicadores-Octubre-2025.pdf,4,estructura_costos_sectores_2005,costos_produccion,lena,Leña,34_35,Vehiculos y equipo de transporte,2005,0.0,porcentaje
ciu,8_Estructura-de-Costos-y-Ratios-Indicadores-Octubre-2025.pdf,4,estructura_costos_sectores_2005,costos_produccion,lena,Leña,36,Muebles y Otras Industrias,2005,0.0,porcentaje
ciu,8_Estructura-de-Costos-y-Ratios-Indicadores-Octubre-2025.pdf,4,estructura_costos_sectores_2005,costos_produccion,otros_combustibles_y_lubricantes,Otros combustibles y lubricantes,15_16,"Alimentos, Bebidas y Tabaco",2005,0.5,porcentaje
ciu,8_Estructura-de-Costos-y-Ratios-Indicadores-Octubre-2025.pdf,4,estructura_costos_sectores_2005,costos_produccion,otros_combustibles_y_lubricantes,Otros combustibles y lubricantes,17_18_19,"Textiles, Vestimenta y Cuero",2005,0.5,porcentaje
ciu,8_Estructura-de-Costos-y-Ratios-Indicadores-Octubre-2025.pdf,4,estructura_costos_sectores_2005,costos_produccion,otros_combustibles_y_lubricantes,Otros combustibles y lubricantes,20,Madera y productos de madera,2005,0.6,porcentaje
ciu,8_Estructura-de-Costos-y-Ratios-Indicadores-Octubre-2025.pdf,4,estructura_costos_sectores_2005,costos_produccion,otros_combustibles_y_lubricantes,Otros combustibles y lubricantes,21_22,Papel e imprenta,2005,0.2,porcentaje
ciu,8_Estructura-de-Costos-y-Ratios-Indicadores-Octubre-2025.pdf,4,estructura_costos_sectores_2005,costos_produccion,otros_combustibles_y_lubricantes,Otros combustibles y lubricantes,23,Prod. derivados del petroleo,2005,0.0,porcentaje
ciu,8_Estructura-de-Costos-y-Ratios-Indicadores-Octubre-2025.pdf,4,estructura_costos_sectores_2005,costos_produccion,otros_combustibles_y_lubricantes,Otros combustibles y lubricantes,24_25,"Prod. quimicos, caucho y plastico",2005,0.5,porcentaje
ciu,8_Estructura-de-Costos-y-Ratios-Indicadores-Octubre-2025.pdf,4,estructura_costos_sectores_2005,costos_produccion,otros_combustibles_y_lubricantes,Otros combustibles y lubricantes,26_27,Minerales no metalicos y metalicas basicas,2005,4.3,porcentaje
ciu,8_Estructura-de-Costos-y-Ratios-Indicadores-Octubre-2025.pdf,4,estructura_costos_sectores_2005,costos_produccion,otros_combustibles_y_lubricantes,Otros combustibles y lubricantes,28_29_30,"Metalicos, Maq. y Equipos",2005,0.7,porcentaje
ciu,8_Estructura-de-Costos-y-Ratios-Indicadores-Octubre-2025.pdf,4,estructura_costos_sectores_2005,costos_produccion,otros_combustibles_y_lubricantes,Otros combustibles y lubricantes,31_32_33,Maq. y aparatos electricos,2005,0.8,porcentaje
ciu,8_Estructura-de-Costos-y-Ratios-Indicadores-Octubre-2025.pdf,4,estructura_costos_sectores_2005,costos_produccion,otros_combustibles_y_lubricantes,Otros combustibles y lubricantes,34_35,Vehiculos y equipo de transporte,2005,0.5,porcentaje
ciu,8_Estructura-de-Costos-y-Ratios-Indicadores-Octubre-2025.pdf,4,estructura_costos_sectores_2005,costos_produccion,otros_combustibles_y_lubricantes,Otros combustibles y lubricantes,36,Muebles y Otras Industrias,2005,1.0,porcentaje
ciu,8_Estructura-de-Costos-y-Ratios-Indicadores-Octubre-2025.pdf,4,estructura_costos_sectores_2005,costos_produccion,agua,Agua,15_16,"Alimentos, Bebidas y Tabaco",2005,0.4,porcentaje
ciu,8_Estructura-de-Costos-y-Ratios-Indicadores-Octubre-2025.pdf,4,estructura_costos_sectores_2005,costos_produccion,agua,Agua,17_18_19,"Textiles, Vestimenta y Cuero",2005,0.3,porcentaje
ciu,8_Estructura-de-Costos-y-Ratios-Indicadores-Octubre-2025.pdf,4,estructura_costos_sectores_2005,costos_produccion,agua,Agua,20,Madera y productos de madera,2005,0.2,porcentaje
ciu,8_Estructura-de-Costos-y-Ratios-Indicadores-Octubre-2025.pdf,4,estructura_costos_sectores_2005,costos_produccion,agua,Agua,21_22,Papel e imprenta,2005,0.4,porcentaje
ciu,8_Estructura-de-Costos-y-Ratios-Indicadores-Octubre-2025.pdf,4,estructura_costos_sectores_2005,costos_produccion,agua,Agua,23,Prod. derivados del petroleo,2005,0.4,porcentaje
ciu,8_Estructura-de-Costos-y-Ratios-Indicadores-Octubre-2025.pdf,4,estructura_costos_sectores_2005,costos_produccion,agua,Agua,24_25,"Prod. quimicos, caucho y plastico",2005,0.3,porcentaje
ciu,8_Estructura-de-Costos-y-Ratios-Indicadores-Octubre-2025.pdf,4,estructura_costos_sectores_2005,costos_produccion,agua,Agua,26_27,Minerales no metalicos y metalicas basicas,2005,0.5,porcentaje
ciu,8_Estructura-de-Costos-y-Ratios-Indicadores-Octubre-2025.pdf,4,estructura_costos_sectores_2005,costos_produccion,agua,Agua,28_29_30,"Metalicos, Maq. y Equipos",2005,0.2,porcentaje
ciu,8_Estructura-de-Costos-y-Ratios-Indicadores-Octubre-2025.pdf,4,estructura_costos_sectores_2005,costos_produccion,agua,Agua,31_32_33,Maq. y aparatos electricos,2005,0.3,porcentaje
ciu,8_Estructura-de-Costos-y-Ratios-Indicadores-Octubre-2025.pdf,4,estructura_costos_sectores_2005,costos_produccion,agua,Agua,34_35,Vehiculos y equipo de transporte,2005,0.4,porcentaje
ciu,8_Estructura-de-Costos-y-Ratios-Indicadores-Octubre-2025.pdf,4,estructura_costos_sectores_2005,costos_produccion,agua,Agua,36,Muebles y Otras Industrias,2005,0.4,porcentaje
ciu,8_Estructura-de-Costos-y-Ratios-Indicadores-Octubre-2025.pdf,4,estructura_costos_sectores_2005,costos_produccion,energia_electrica,Energía Eléctrica,15_16,"Alimentos, Bebidas y Tabaco",2005,1.6,porcentaje
ciu,8_Estructura-de-Costos-y-Ratios-Indicadores-Octubre-2025.pdf,4,estructura_costos_sectores_2005,costos_produccion,energia_electrica,Energía Eléctrica,17_18_19,"Textiles, Vestimenta y Cuero",2005,2.0,porcentaje
ciu,8_Estructura-de-Costos-y-Ratios-Indicadores-Octubre-2025.pdf,4,estructura_costos_sectores_2005,costos_produccion,energia_electrica,Energía Eléctrica,20,Madera y productos de madera,2005,1.6,porcentaje
ciu,8_Estructura-de-Costos-y-Ratios-Indicadores-Octubre-2025.pdf,4,estructura_costos_sectores_2005,costos_produccion,energia_electrica,Energía Eléctrica,21_22,Papel e imprenta,2005,4.8,porcentaje
ciu,8_Estructura-de-Costos-y-Ratios-Indicadores-Octubre-2025.pdf,4,estructura_costos_sectores_2005,costos_produccion,energia_electrica,Energía Eléctrica,23,Prod. derivados del petroleo,2005,0.5,porcentaje
ciu,8_Estructura-de-Costos-y-Ratios-Indicadores-Octubre-2025.pdf,4,estructura_costos_sectores_2005,costos_produccion,energia_electrica,Energía Eléctrica,24_25,"Prod. quimicos, caucho y plastico",2005,2.3,porcentaje
ciu,8_Estructura-de-Costos-y-Ratios-Indicadores-Octubre-2025.pdf,4,estructura_costos_sectores_2005,costos_produccion,energia_electrica,Energía Eléctrica,26_27,Minerales no metalicos y metalicas basicas,2005,10.1,porcentaje
ciu,8_Estructura-de-Costos-y-Ratios-Indicadores-Octubre-2025.pdf,4,estructura_costos_sectores_2005,costos_produccion,energia_electrica,Energía Eléctrica,28_29_30,"Metalicos, Maq. y Equipos",2005,1.4,porcentaje
ciu,8_Estructura-de-Costos-y-Ratios-Indicadores-Octubre-2025.pdf,4,estructura_costos_sectores_2005,costos_produccion,energia_electrica,Energía Eléctrica,31_32_33,Maq. y aparatos electricos,2005,2.5,porcentaje
ciu,8_Estructura-de-Costos-y-Ratios-Indicadores-Octubre-2025.pdf,4,estructura_costos_sectores_2005,costos_produccion,energia_electrica,Energía Eléctrica,34_35,Vehiculos y equipo de transporte,2005,1.6,porcentaje
ciu,8_Estructura-de-Costos-y-Ratios-Indicadores-Octubre-2025.pdf,4,estructura_costos_sectores_2005,costos_produccion,energia_electrica,Energía Eléctrica,36,Muebles y Otras Industrias,2005,2.8,porcentaje
ciu,8_Estructura-de-Costos-y-Ratios-Indicadores-Octubre-2025.pdf,4,estructura_costos_sectores_2005,costos_produccion,gastos_mantenimiento_repuestos_y_accesorios,"Gastos mantenimiento, repuestos y accesorios",15_16,"Alimentos, Bebidas y Tabaco",2005,2.0,porcentaje
ciu,8_Estructura-de-Costos-y-Ratios-Indicadores-Octubre-2025.pdf,4,estructura_costos_sectores_2005,costos_produccion,gastos_mantenimiento_repuestos_y_accesorios,"Gastos mantenimiento, repuestos y accesorios",17_18_19,"Textiles, Vestimenta y Cuero",2005,3.1,porcentaje
ciu,8_Estructura-de-Costos-y-Ratios-Indicadores-Octubre-2025.pdf,4,estructura_costos_sectores_2005,costos_produccion,gastos_mantenimiento_repuestos_y_accesorios,"Gastos mantenimiento, repuestos y accesorios",20,Madera y productos de madera,2005,2.5,porcentaje
ciu,8_Estructura-de-Costos-y-Ratios-Indicadores-Octubre-2025.pdf,4,estructura_costos_sectores_2005,costos_produccion,gastos_mantenimiento_repuestos_y_accesorios,"Gastos mantenimiento, repuestos y accesorios",21_22,Papel e imprenta,2005,4.6,porcentaje
ciu,8_Estructura-de-Costos-y-Ratios-Indicadores-Octubre-2025.pdf,4,estructura_costos_sectores_2005,costos_produccion,gastos_mantenimiento_repuestos_y_accesorios,"Gastos mantenimiento, repuestos y accesorios",23,Prod. derivados del petroleo,2005,0.2,porcentaje
ciu,8_Estructura-de-Costos-y-Ratios-Indicadores-Octubre-2025.pdf,4,estructura_costos_sectores_2005,costos_produccion,gastos_mantenimiento_repuestos_y_accesorios,"Gastos mantenimiento, repuestos y accesorios",24_25,"Prod. quimicos, caucho y plastico",2005,2.8,porcentaje
ciu,8_Estructura-de-Costos-y-Ratios-Indicadores-Octubre-2025.pdf,4,estructura_costos_sectores_2005,costos_produccion,gastos_mantenimiento_repuestos_y_accesorios,"Gastos mantenimiento, repuestos y accesorios",26_27,Minerales no metalicos y metalicas basicas,2005,7.2,porcentaje
ciu,8_Estructura-de-Costos-y-Ratios-Indicadores-Octubre-2025.pdf,4,estructura_costos_sectores_2005,costos_produccion,gastos_mantenimiento_repuestos_y_accesorios,"Gastos mantenimiento, repuestos y accesorios",28_29_30,"Metalicos, Maq. y Equipos",2005,2.2,porcentaje
ciu,8_Estructura-de-Costos-y-Ratios-Indicadores-Octubre-2025.pdf,4,estructura_costos_sectores_2005,costos_produccion,gastos_mantenimiento_repuestos_y_accesorios,"Gastos mantenimiento, repuestos y accesorios",31_32_33,Maq. y aparatos electricos,2005,3.7,porcentaje
ciu,8_Estructura-de-Costos-y-Ratios-Indicadores-Octubre-2025.pdf,4,estructura_costos_sectores_2005,costos_produccion,gastos_mantenimiento_repuestos_y_accesorios,"Gastos mantenimiento, repuestos y accesorios",34_35,Vehiculos y equipo de transporte,2005,5.4,porcentaje
ciu,8_Estructura-de-Costos-y-Ratios-Indicadores-Octubre-2025.pdf,4,estructura_costos_sectores_2005,costos_produccion,gastos_mantenimiento_repuestos_y_accesorios,"Gastos mantenimiento, repuestos y accesorios",36,Muebles y Otras Industrias,2005,2.2,porcentaje
ciu,8_Estructura-de-Costos-y-Ratios-Indicadores-Octubre-2025.pdf,4,estructura_costos_sectores_2005,costos_produccion,amortizaciones_consumo_capital_fisico,Amortizaciones Consumo Capital Físico,15_16,"Alimentos, Bebidas y Tabaco",2005,3.5,porcentaje
ciu,8_Estructura-de-Costos-y-Ratios-Indicadores-Octubre-2025.pdf,4,estructura_costos_sectores_2005,costos_produccion,amortizaciones_consumo_capital_fisico,Amortizaciones Consumo Capital Físico,17_18_19,"Textiles, Vestimenta y Cuero",2005,0.0,porcentaje
ciu,8_Estructura-de-Costos-y-Ratios-Indicadores-Octubre-2025.pdf,4,estructura_costos_sectores_2005,costos_produccion,amortizaciones_consumo_capital_fisico,Amortizaciones Consumo Capital Físico,20,Madera y productos de madera,2005,4.4,porcentaje
ciu,8_Estructura-de-Costos-y-Ratios-Indicadores-Octubre-2025.pdf,4,estructura_costos_sectores_2005,costos_produccion,amortizaciones_consumo_capital_fisico,Amortizaciones Consumo Capital Físico,21_22,Papel e imprenta,2005,12.0,porcentaje
ciu,8_Estructura-de-Costos-y-Ratios-Indicadores-Octubre-2025.pdf,4,estructura_costos_sectores_2005,costos_produccion,amortizaciones_consumo_capital_fisico,Amortizaciones Consumo Capital Físico,23,Prod. derivados del petroleo,2005,2.8,porcentaje
ciu,8_Estructura-de-Costos-y-Ratios-Indicadores-Octubre-2025.pdf,4,estructura_costos_sectores_2005,costos_produccion,amortizaciones_consumo_capital_fisico,Amortizaciones Consumo Capital Físico,24_25,"Prod. quimicos, caucho y plastico",2005,4.7,porcentaje
ciu,8_Estructura-de-Costos-y-Ratios-Indicadores-Octubre-2025.pdf,4,estructura_costos_sectores_2005,costos_produccion,amortizaciones_consumo_capital_fisico,Amortizaciones Consumo Capital Físico,26_27,Minerales no metalicos y metalicas basicas,2005,10.1,porcentaje
ciu,8_Estructura-de-Costos-y-Ratios-Indicadores-Octubre-2025.pdf,4,estructura_costos_sectores_2005,costos_produccion,amortizaciones_consumo_capital_fisico,Amortizaciones Consumo Capital Físico,28_29_30,"Metalicos, Maq. y Equipos",2005,3.9,porcentaje
ciu,8_Estructura-de-Costos-y-Ratios-Indicadores-Octubre-2025.pdf,4,estructura_costos_sectores_2005,costos_produccion,amortizaciones_consumo_capital_fisico,Amortizaciones Consumo Capital Físico,31_32_33,Maq. y aparatos electricos,2005,5.8,porcentaje
ciu,8_Estructura-de-Costos-y-Ratios-Indicadores-Octubre-2025.pdf,4,estructura_costos_sectores_2005,costos_produccion,amortizaciones_consumo_capital_fisico,Amortizaciones Consumo Capital Físico,34_35,Vehiculos y equipo de transporte,2005,5.3,porcentaje
ciu,8_Estructura-de-Costos-y-Ratios-Indicadores-Octubre-2025.pdf,4,estructura_costos_sectores_2005,costos_produccion,amortizaciones_consumo_capital_fisico,Amortizaciones Consumo Capital Físico,36,Muebles y Otras Industrias,2005,6.6,porcentaje
ciu,8_Estructura-de-Costos-y-Ratios-Indicadores-Octubre-2025.pdf,4,estructura_costos_sectores_2005,gastos_administracion_ventas_diversos,2_gastos_adm_ventas_y_diversos,"2. Gastos Adm, Ventas y Diversos*",15_16,"Alimentos, Bebidas y Tabaco",2005,100.0,porcentaje
ciu,8_Estructura-de-Costos-y-Ratios-Indicadores-Octubre-2025.pdf,4,estructura_costos_sectores_2005,gastos_administracion_ventas_diversos,2_gastos_adm_ventas_y_diversos,"2. Gastos Adm, Ventas y Diversos*",17_18_19,"Textiles, Vestimenta y Cuero",2005,100.0,porcentaje
ciu,8_Estructura-de-Costos-y-Ratios-Indicadores-Octubre-2025.pdf,4,estructura_costos_sectores_2005,gastos_administracion_ventas_diversos,2_gastos_adm_ventas_y_diversos,"2. Gastos Adm, Ventas y Diversos*",20,Madera y productos de madera,2005,100.0,porcentaje
ciu,8_Estructura-de-Costos-y-Ratios-Indicadores-Octubre-2025.pdf,4,estructura_costos_sectores_2005,gastos_administracion_ventas_diversos,2_gastos_adm_ventas_y_diversos,"2. Gastos Adm, Ventas y Diversos*",21_22,Papel e imprenta,2005,100.0,porcentaje
ciu,8_Estructura-de-Costos-y-Ratios-Indicadores-Octubre-2025.pdf,4,estructura_costos_sectores_2005,gastos_administracion_ventas_diversos,2_gastos_adm_ventas_y_diversos,"2. Gastos Adm, Ventas y Diversos*",23,Prod. derivados del petroleo,2005,100.0,porcentaje
ciu,8_Estructura-de-Costos-y-Ratios-Indicadores-Octubre-2025.pdf,4,estructura_costos_sectores_2005,gastos_administracion_ventas_diversos,2_gastos_adm_ventas_y_diversos,"2. Gastos Adm, Ventas y Diversos*",24_25,"Prod. quimicos, caucho y plastico",2005,100.0,porcentaje
ciu,8_Estructura-de-Costos-y-Ratios-Indicadores-Octubre-2025.pdf,4,estructura_costos_sectores_2005,gastos_administracion_ventas_diversos,2_gastos_adm_ventas_y_diversos,"2. Gastos Adm, Ventas y Diversos*",26_27,Minerales no metalicos y metalicas basicas,2005,100.0,porcentaje
ciu,8_Estructura-de-Costos-y-Ratios-Indicadores-Octubre-2025.pdf,4,estructura_costos_sectores_2005,gastos_administracion_ventas_diversos,2_gastos_adm_ventas_y_diversos,"2. Gastos Adm, Ventas y Diversos*",28_29_30,"Metalicos, Maq. y Equipos",2005,100.0,porcentaje
ciu,8_Estructura-de-Costos-y-Ratios-Indicadores-Octubre-2025.pdf,4,estructura_costos_sectores_2005,gastos_administracion_ventas_diversos,2_gastos_adm_ventas_y_diversos,"2. Gastos Adm, Ventas y Diversos*",31_32_33,Maq. y aparatos electricos,2005,100.0,porcentaje
ciu,8_Estructura-de-Costos-y-Ratios-Indicadores-Octubre-2025.pdf,4,estructura_costos_sectores_2005,gastos_administracion_ventas_diversos,2_gastos_adm_ventas_y_diversos,"2. Gastos Adm, Ventas y Diversos*",34_35,Vehiculos y equipo de transporte,2005,100.0,porcentaje
ciu,8_Estructura-de-Costos-y-Ratios-Indicadores-Octubre-2025.pdf,4,estructura_costos_sectores_2005,gastos_administracion_ventas_diversos,2_gastos_adm_ventas_y_diversos,"2. Gastos Adm, Ventas y Diversos*",36,Muebles y Otras Industrias,2005,100.0,porcentaje
ciu,8_Estructura-de-Costos-y-Ratios-Indicadores-Octubre-2025.pdf,4,estructura_costos_sectores_2005,gastos_administracion_ventas_diversos,empleados_salarios_agui_sal_vac_otros,Empleados: salarios +agui+ sal vac + otros,15_16,"Alimentos, Bebidas y Tabaco",2005,15.3,porcentaje
ciu,8_Estructura-de-Costos-y-Ratios-Indicadores-Octubre-2025.pdf,4,estructura_costos_sectores_2005,gastos_administracion_ventas_diversos,empleados_salarios_agui_sal_vac_otros,Empleados: salarios +agui+ sal vac + otros,17_18_19,"Textiles, Vestimenta y Cuero",2005,11.1,porcentaje
ciu,8_Estructura-de-Costos-y-Ratios-Indicadores-Octubre-2025.pdf,4,estructura_costos_sectores_2005,gastos_administracion_ventas_diversos,empleados_salarios_agui_sal_vac_otros,Empleados: salarios +agui+ sal vac + otros,20,Madera y productos de madera,2005,7.6,porcentaje
ciu,8_Estructura-de-Costos-y-Ratios-Indicadores-Octubre-2025.pdf,4,estructura_costos_sectores_2005,gastos_administracion_ventas_diversos,empleados_salarios_agui_sal_vac_otros,Empleados: salarios +agui+ sal vac + otros,21_22,Papel e imprenta,2005,24.4,porcentaje
ciu,8_Estructura-de-Costos-y-Ratios-Indicadores-Octubre-2025.pdf,4,estructura_costos_sectores_2005,gastos_administracion_ventas_diversos,empleados_salarios_agui_sal_vac_otros,Empleados: salarios +agui+ sal vac + otros,23,Prod. derivados del petroleo,2005,3.5,porcentaje
ciu,8_Estructura-de-Costos-y-Ratios-Indicadores-Octubre-2025.pdf,4,estructura_costos_sectores_2005,gastos_administracion_ventas_diversos,empleados_salarios_agui_sal_vac_otros,Empleados: salarios +agui+ sal vac + otros,24_25,"Prod. quimicos, caucho y plastico",2005,25.0,porcentaje
ciu,8_Estructura-de-Costos-y-Ratios-Indicadores-Octubre-2025.pdf,4,estructura_costos_sectores_2005,gastos_administracion_ventas_diversos,empleados_salarios_agui_sal_vac_otros,Empleados: salarios +agui+ sal vac + otros,26_27,Minerales no metalicos y metalicas basicas,2005,19.3,porcentaje
ciu,8_Estructura-de-Costos-y-Ratios-Indicadores-Octubre-2025.pdf,4,estructura_costos_sectores_2005,gastos_administracion_ventas_diversos,empleados_salarios_agui_sal_vac_otros,Empleados: salarios +agui+ sal vac + otros,28_29_30,"Metalicos, Maq. y Equipos",2005,25.9,porcentaje
ciu,8_Estructura-de-Costos-y-Ratios-Indicadores-Octubre-2025.pdf,4,estructura_costos_sectores_2005,gastos_administracion_ventas_diversos,empleados_salarios_agui_sal_vac_otros,Empleados: salarios +agui+ sal vac + otros,31_32_33,Maq. y aparatos electricos,2005,34.9,porcentaje
ciu,8_Estructura-de-Costos-y-Ratios-Indicadores-Octubre-2025.pdf,4,estructura_costos_sectores_2005,gastos_administracion_ventas_diversos,empleados_salarios_agui_sal_vac_otros,Empleados: salarios +agui+ sal vac + otros,34_35,Vehiculos y equipo de transporte,2005,20.9,porcentaje
ciu,8_Estructura-de-Costos-y-Ratios-Indicadores-Octubre-2025.pdf,4,estructura_costos_sectores_2005,gastos_administracion_ventas_diversos,empleados_salarios_agui_sal_vac_otros,Empleados: salarios +agui+ sal vac + otros,36,Muebles y Otras Industrias,2005,27.6,porcentaje
ciu,8_Estructura-de-Costos-y-Ratios-Indicadores-Octubre-2025.pdf,4,estructura_costos_sectores_2005,gastos_administracion_ventas_diversos,profesionales_salarios_agui_sal_vac_otros,Profesionales: salarios + agui + sal vac + otros,15_16,"Alimentos, Bebidas y Tabaco",2005,9.3,porcentaje
ciu,8_Estructura-de-Costos-y-Ratios-Indicadores-Octubre-2025.pdf,4,estructura_costos_sectores_2005,gastos_administracion_ventas_diversos,profesionales_salarios_agui_sal_vac_otros,Profesionales: salarios + agui + sal vac + otros,17_18_19,"Textiles, Vestimenta y Cuero",2005,17.2,porcentaje
ciu,8_Estructura-de-Costos-y-Ratios-Indicadores-Octubre-2025.pdf,4,estructura_costos_sectores_2005,gastos_administracion_ventas_diversos,profesionales_salarios_agui_sal_vac_otros,Profesionales: salarios + agui + sal vac + otros,20,Madera y productos de madera,2005,0.2,porcentaje
ciu,8_Estructura-de-Costos-y-Ratios-Indicadores-Octubre-2025.pdf,4,estructura_costos_sectores_2005,gastos_administracion_ventas_diversos,profesionales_salarios_agui_sal_vac_otros,Profesionales: salarios + agui + sal vac + otros,21_22,Papel e imprenta,2005,11.7,porcentaje
ciu,8_Estructura-de-Costos-y-Ratios-Indicadores-Octubre-2025.pdf,4,estructura_costos_sectores_2005,gastos_administracion_ventas_diversos,profesionales_salarios_agui_sal_vac_otros,Profesionales: salarios + agui + sal vac + otros,23,Prod. derivados del petroleo,2005,1.6,porcentaje
ciu,8_Estructura-de-Costos-y-Ratios-Indicadores-Octubre-2025.pdf,4,estructura_costos_sectores_2005,gastos_administracion_ventas_diversos,profesionales_salarios_agui_sal_vac_otros,Profesionales: salarios + agui + sal vac + otros,24_25,"Prod. quimicos, caucho y plastico",2005,5.8,porcentaje
ciu,8_Estructura-de-Costos-y-Ratios-Indicadores-Octubre-2025.pdf,4,estructura_costos_sectores_2005,gastos_administracion_ventas_diversos,profesionales_salarios_agui_sal_vac_otros,Profesionales: salarios + agui + sal vac + otros,26_27,Minerales no metalicos y metalicas basicas,2005,8.6,porcentaje
ciu,8_Estructura-de-Costos-y-Ratios-Indicadores-Octubre-2025.pdf,4,estructura_costos_sectores_2005,gastos_administracion_ventas_diversos,profesionales_salarios_agui_sal_vac_otros,Profesionales: salarios + agui + sal vac + otros,28_29_30,"Metalicos, Maq. y Equipos",2005,0.8,porcentaje
ciu,8_Estructura-de-Costos-y-Ratios-Indicadores-Octubre-2025.pdf,4,estructura_costos_sectores_2005,gastos_administracion_ventas_diversos,profesionales_salarios_agui_sal_vac_otros,Profesionales: salarios + agui + sal vac + otros,31_32_33,Maq. y aparatos electricos,2005,0.7,porcentaje
ciu,8_Estructura-de-Costos-y-Ratios-Indicadores-Octubre-2025.pdf,4,estructura_costos_sectores_2005,gastos_administracion_ventas_diversos,profesionales_salarios_agui_sal_vac_otros,Profesionales: salarios + agui + sal vac + otros,34_35,Vehiculos y equipo de transporte,2005,7.0,porcentaje
ciu,8_Estructura-de-Costos-y-Ratios-Indicadores-Octubre-2025.pdf,4,estructura_costos_sectores_2005,gastos_administracion_ventas_diversos,profesionales_salarios_agui_sal_vac_otros,Profesionales: salarios + agui + sal vac + otros,36,Muebles y Otras Industrias,2005,0.1,porcentaje
ciu,8_Estructura-de-Costos-y-Ratios-Indicadores-Octubre-2025.pdf,4,estructura_costos_sectores_2005,gastos_administracion_ventas_diversos,aportes_patronales_e_imp_a_los_sueldos_prof_y_empleados,Aportes patronales e imp. a los sueldos prof y empleados,15_16,"Alimentos, Bebidas y Tabaco",2005,2.4,porcentaje
ciu,8_Estructura-de-Costos-y-Ratios-Indicadores-Octubre-2025.pdf,4,estructura_costos_sectores_2005,gastos_administracion_ventas_diversos,aportes_patronales_e_imp_a_los_sueldos_prof_y_empleados,Aportes patronales e imp. a los sueldos prof y empleados,17_18_19,"Textiles, Vestimenta y Cuero",2005,2.5,porcentaje
ciu,8_Estructura-de-Costos-y-Ratios-Indicadores-Octubre-2025.pdf,4,estructura_costos_sectores_2005,gastos_administracion_ventas_diversos,aportes_patronales_e_imp_a_los_sueldos_prof_y_empleados,Aportes patronales e imp. a los sueldos prof y empleados,20,Madera y productos de madera,2005,1.2,porcentaje
ciu,8_Estructura-de-Costos-y-Ratios-Indicadores-Octubre-2025.pdf,4,estructura_costos_sectores_2005,gastos_administracion_ventas_diversos,aportes_patronales_e_imp_a_los_sueldos_prof_y_empleados,Aportes patronales e imp. a los sueldos prof y empleados,21_22,Papel e imprenta,2005,3.3,porcentaje
ciu,8_Estructura-de-Costos-y-Ratios-Indicadores-Octubre-2025.pdf,4,estructura_costos_sectores_2005,gastos_administracion_ventas_diversos,aportes_patronales_e_imp_a_los_sueldos_prof_y_empleados,Aportes patronales e imp. a los sueldos prof y empleados,23,Prod. derivados del petroleo,2005,0.8,porcentaje
ciu,8_Estructura-de-Costos-y-Ratios-Indicadores-Octubre-2025.pdf,4,estructura_costos_sectores_2005,gastos_administracion_ventas_diversos,aportes_patronales_e_imp_a_los_sueldos_prof_y_empleados,Aportes patronales e imp. a los sueldos prof y empleados,24_25,"Prod. quimicos, caucho y plastico",2005,2.4,porcentaje
ciu,8_Estructura-de-Costos-y-Ratios-Indicadores-Octubre-2025.pdf,4,estructura_costos_sectores_2005,gastos_administracion_ventas_diversos,aportes_patronales_e_imp_a_los_sueldos_prof_y_empleados,Aportes patronales e imp. a los sueldos prof y empleados,26_27,Minerales no metalicos y metalicas basicas,2005,2.4,porcentaje
ciu,8_Estructura-de-Costos-y-Ratios-Indicadores-Octubre-2025.pdf,4,estructura_costos_sectores_2005,gastos_administracion_ventas_diversos,aportes_patronales_e_imp_a_los_sueldos_prof_y_empleados,Aportes patronales e imp. a los sueldos prof y empleados,28_29_30,"Metalicos, Maq. y Equipos",2005,4.1,porcentaje
ciu,8_Estructura-de-Costos-y-Ratios-Indicadores-Octubre-2025.pdf,4,estructura_costos_sectores_2005,gastos_administracion_ventas_diversos,aportes_patronales_e_imp_a_los_sueldos_prof_y_empleados,Aportes patronales e imp. a los sueldos prof y empleados,31_32_33,Maq. y aparatos electricos,2005,5.9,porcentaje
ciu,8_Estructura-de-Costos-y-Ratios-Indicadores-Octubre-2025.pdf,4,estructura_costos_sectores_2005,gastos_administracion_ventas_diversos,aportes_patronales_e_imp_a_los_sueldos_prof_y_empleados,Aportes patronales e imp. a los sueldos prof y empleados,34_35,Vehiculos y equipo de transporte,2005,3.1,porcentaje
ciu,8_Estructura-de-Costos-y-Ratios-Indicadores-Octubre-2025.pdf,4,estructura_costos_sectores_2005,gastos_administracion_ventas_diversos,aportes_patronales_e_imp_a_los_sueldos_prof_y_empleados,Aportes patronales e imp. a los sueldos prof y empleados,36,Muebles y Otras Industrias,2005,3.6,porcentaje
ciu,8_Estructura-de-Costos-y-Ratios-Indicadores-Octubre-2025.pdf,4,estructura_costos_sectores_2005,gastos_administracion_ventas_diversos,alquilieres,Alquilieres,15_16,"Alimentos, Bebidas y Tabaco",2005,3.2,porcentaje
ciu,8_Estructura-de-Costos-y-Ratios-Indicadores-Octubre-2025.pdf,4,estructura_costos_sectores_2005,gastos_administracion_ventas_diversos,alquilieres,Alquilieres,17_18_19,"Textiles, Vestimenta y Cuero",2005,6.2,porcentaje
ciu,8_Estructura-de-Costos-y-Ratios-Indicadores-Octubre-2025.pdf,4,estructura_costos_sectores_2005,gastos_administracion_ventas_diversos,alquilieres,Alquilieres,20,Madera y productos de madera,2005,3.5,porcentaje
ciu,8_Estructura-de-Costos-y-Ratios-Indicadores-Octubre-2025.pdf,4,estructura_costos_sectores_2005,gastos_administracion_ventas_diversos,alquilieres,Alquilieres,21_22,Papel e imprenta,2005,3.2,porcentaje
ciu,8_Estructura-de-Costos-y-Ratios-Indicadores-Octubre-2025.pdf,4,estructura_costos_sectores_2005,gastos_administracion_ventas_diversos,alquilieres,Alquilieres,23,Prod. derivados del petroleo,2005,0.0,porcentaje
ciu,8_Estructura-de-Costos-y-Ratios-Indicadores-Octubre-2025.pdf,4,estructura_costos_sectores_2005,gastos_administracion_ventas_diversos,alquilieres,Alquilieres,24_25,"Prod. quimicos, caucho y plastico",2005,2.9,porcentaje
ciu,8_Estructura-de-Costos-y-Ratios-Indicadores-Octubre-2025.pdf,4,estructura_costos_sectores_2005,gastos_administracion_ventas_diversos,alquilieres,Alquilieres,26_27,Minerales no metalicos y metalicas basicas,2005,5.3,porcentaje
ciu,8_Estructura-de-Costos-y-Ratios-Indicadores-Octubre-2025.pdf,4,estructura_costos_sectores_2005,gastos_administracion_ventas_diversos,alquilieres,Alquilieres,28_29_30,"Metalicos, Maq. y Equipos",2005,5.4,porcentaje
ciu,8_Estructura-de-Costos-y-Ratios-Indicadores-Octubre-2025.pdf,4,estructura_costos_sectores_2005,gastos_administracion_ventas_diversos,alquilieres,Alquilieres,31_32_33,Maq. y aparatos electricos,2005,8.0,porcentaje
ciu,8_Estructura-de-Costos-y-Ratios-Indicadores-Octubre-2025.pdf,4,estructura_costos_sectores_2005,gastos_administracion_ventas_diversos,alquilieres,Alquilieres,34_35,Vehiculos y equipo de transporte,2005,5.6,porcentaje
ciu,8_Estructura-de-Costos-y-Ratios-Indicadores-Octubre-2025.pdf,4,estructura_costos_sectores_2005,gastos_administracion_ventas_diversos,alquilieres,Alquilieres,36,Muebles y Otras Industrias,2005,16.0,porcentaje
ciu,8_Estructura-de-Costos-y-Ratios-Indicadores-Octubre-2025.pdf,4,estructura_costos_sectores_2005,gastos_administracion_ventas_diversos,comisiones_honorarios_profesionales_y_servicio_de_personal,"Comisiones, honorarios profesionales y servicio de personal",15_16,"Alimentos, Bebidas y Tabaco",2005,11.3,porcentaje
ciu,8_Estructura-de-Costos-y-Ratios-Indicadores-Octubre-2025.pdf,4,estructura_costos_sectores_2005,gastos_administracion_ventas_diversos,comisiones_honorarios_profesionales_y_servicio_de_personal,"Comisiones, honorarios profesionales y servicio de personal",17_18_19,"Textiles, Vestimenta y Cuero",2005,20.8,porcentaje
ciu,8_Estructura-de-Costos-y-Ratios-Indicadores-Octubre-2025.pdf,4,estructura_costos_sectores_2005,gastos_administracion_ventas_diversos,comisiones_honorarios_profesionales_y_servicio_de_personal,"Comisiones, honorarios profesionales y servicio de personal",20,Madera y productos de madera,2005,3.7,porcentaje
ciu,8_Estructura-de-Costos-y-Ratios-Indicadores-Octubre-2025.pdf,4,estructura_costos_sectores_2005,gastos_administracion_ventas_diversos,comisiones_honorarios_profesionales_y_servicio_de_personal,"Comisiones, honorarios profesionales y servicio de personal",21_22,Papel e imprenta,2005,15.4,porcentaje
ciu,8_Estructura-de-Costos-y-Ratios-Indicadores-Octubre-2025.pdf,4,estructura_costos_sectores_2005,gastos_administracion_ventas_diversos,comisiones_honorarios_profesionales_y_servicio_de_personal,"Comisiones, honorarios profesionales y servicio de personal",23,Prod. derivados del petroleo,2005,68.4,porcentaje
ciu,8_Estructura-de-Costos-y-Ratios-Indicadores-Octubre-2025.pdf,4,estructura_costos_sectores_2005,gastos_administracion_ventas_diversos,comisiones_honorarios_profesionales_y_servicio_de_personal,"Comisiones, honorarios profesionales y servicio de personal",24_25,"Prod. quimicos, caucho y plastico",2005,12.4,porcentaje
ciu,8_Estructura-de-Costos-y-Ratios-Indicadores-Octubre-2025.pdf,4,estructura_costos_sectores_2005,gastos_administracion_ventas_diversos,comisiones_honorarios_profesionales_y_servicio_de_personal,"Comisiones, honorarios profesionales y servicio de personal",26_27,Minerales no metalicos y metalicas basicas,2005,11.5,porcentaje
ciu,8_Estructura-de-Costos-y-Ratios-Indicadores-Octubre-2025.pdf,4,estructura_costos_sectores_2005,gastos_administracion_ventas_diversos,comisiones_honorarios_profesionales_y_servicio_de_personal,"Comisiones, honorarios profesionales y servicio de personal",28_29_30,"Metalicos, Maq. y Equipos",2005,11.1,porcentaje
ciu,8_Estructura-de-Costos-y-Ratios-Indicadores-Octubre-2025.pdf,4,estructura_costos_sectores_2005,gastos_administracion_ventas_diversos,comisiones_honorarios_profesionales_y_servicio_de_personal,"Comisiones, honorarios profesionales y servicio de personal",31_32_33,Maq. y aparatos electricos,2005,9.4,porcentaje
ciu,8_Estructura-de-Costos-y-Ratios-Indicadores-Octubre-2025.pdf,4,estructura_costos_sectores_2005,gastos_administracion_ventas_diversos,comisiones_honorarios_profesionales_y_servicio_de_personal,"Comisiones, honorarios profesionales y servicio de personal",34_35,Vehiculos y equipo de transporte,2005,9.8,porcentaje
ciu,8_Estructura-de-Costos-y-Ratios-Indicadores-Octubre-2025.pdf,4,estructura_costos_sectores_2005,gastos_administracion_ventas_diversos,comisiones_honorarios_profesionales_y_servicio_de_personal,"Comisiones, honorarios profesionales y servicio de personal",36,Muebles y Otras Industrias,2005,11.2,porcentaje
ciu,8_Estructura-de-Costos-y-Ratios-Indicadores-Octubre-2025.pdf,4,estructura_costos_sectores_2005,gastos_administracion_ventas_diversos,publicidad_y_gastos_de_representacion,Publicidad y gastos de representación,15_16,"Alimentos, Bebidas y Tabaco",2005,6.6,porcentaje
ciu,8_Estructura-de-Costos-y-Ratios-Indicadores-Octubre-2025.pdf,4,estructura_costos_sectores_2005,gastos_administracion_ventas_diversos,publicidad_y_gastos_de_representacion,Publicidad y gastos de representación,17_18_19,"Textiles, Vestimenta y Cuero",2005,0.8,porcentaje
ciu,8_Estructura-de-Costos-y-Ratios-Indicadores-Octubre-2025.pdf,4,estructura_costos_sectores_2005,gastos_administracion_ventas_diversos,publicidad_y_gastos_de_representacion,Publicidad y gastos de representación,20,Madera y productos de madera,2005,1.1,porcentaje
ciu,8_Estructura-de-Costos-y-Ratios-Indicadores-Octubre-2025.pdf,4,estructura_costos_sectores_2005,gastos_administracion_ventas_diversos,publicidad_y_gastos_de_representacion,Publicidad y gastos de representación,21_22,Papel e imprenta,2005,5.9,porcentaje
ciu,8_Estructura-de-Costos-y-Ratios-Indicadores-Octubre-2025.pdf,4,estructura_costos_sectores_2005,gastos_administracion_ventas_diversos,publicidad_y_gastos_de_representacion,Publicidad y gastos de representación,23,Prod. derivados del petroleo,2005,0.2,porcentaje
ciu,8_Estructura-de-Costos-y-Ratios-Indicadores-Octubre-2025.pdf,4,estructura_costos_sectores_2005,gastos_administracion_ventas_diversos,publicidad_y_gastos_de_representacion,Publicidad y gastos de representación,24_25,"Prod. quimicos, caucho y plastico",2005,5.4,porcentaje
ciu,8_Estructura-de-Costos-y-Ratios-Indicadores-Octubre-2025.pdf,4,estructura_costos_sectores_2005,gastos_administracion_ventas_diversos,publicidad_y_gastos_de_representacion,Publicidad y gastos de representación,26_27,Minerales no metalicos y metalicas basicas,2005,1.5,porcentaje
ciu,8_Estructura-de-Costos-y-Ratios-Indicadores-Octubre-2025.pdf,4,estructura_costos_sectores_2005,gastos_administracion_ventas_diversos,publicidad_y_gastos_de_representacion,Publicidad y gastos de representación,28_29_30,"Metalicos, Maq. y Equipos",2005,2.0,porcentaje
ciu,8_Estructura-de-Costos-y-Ratios-Indicadores-Octubre-2025.pdf,4,estructura_costos_sectores_2005,gastos_administracion_ventas_diversos,publicidad_y_gastos_de_representacion,Publicidad y gastos de representación,31_32_33,Maq. y aparatos electricos,2005,6.1,porcentaje
ciu,8_Estructura-de-Costos-y-Ratios-Indicadores-Octubre-2025.pdf,4,estructura_costos_sectores_2005,gastos_administracion_ventas_diversos,publicidad_y_gastos_de_representacion,Publicidad y gastos de representación,34_35,Vehiculos y equipo de transporte,2005,5.8,porcentaje
ciu,8_Estructura-de-Costos-y-Ratios-Indicadores-Octubre-2025.pdf,4,estructura_costos_sectores_2005,gastos_administracion_ventas_diversos,publicidad_y_gastos_de_representacion,Publicidad y gastos de representación,36,Muebles y Otras Industrias,2005,4.4,porcentaje
ciu,8_Estructura-de-Costos-y-Ratios-Indicadores-Octubre-2025.pdf,4,estructura_costos_sectores_2005,gastos_administracion_ventas_diversos,otros_gastos_varios,Otros gastos varios,15_16,"Alimentos, Bebidas y Tabaco",2005,47.8,porcentaje
ciu,8_Estructura-de-Costos-y-Ratios-Indicadores-Octubre-2025.pdf,4,estructura_costos_sectores_2005,gastos_administracion_ventas_diversos,otros_gastos_varios,Otros gastos varios,17_18_19,"Textiles, Vestimenta y Cuero",2005,39.7,porcentaje
ciu,8_Estructura-de-Costos-y-Ratios-Indicadores-Octubre-2025.pdf,4,estructura_costos_sectores_2005,gastos_administracion_ventas_diversos,otros_gastos_varios,Otros gastos varios,20,Madera y productos de madera,2005,82.5,porcentaje
ciu,8_Estructura-de-Costos-y-Ratios-Indicadores-Octubre-2025.pdf,4,estructura_costos_sectores_2005,gastos_administracion_ventas_diversos,otros_gastos_varios,Otros gastos varios,21_22,Papel e imprenta,2005,36.0,porcentaje
ciu,8_Estructura-de-Costos-y-Ratios-Indicadores-Octubre-2025.pdf,4,estructura_costos_sectores_2005,gastos_administracion_ventas_diversos,otros_gastos_varios,Otros gastos varios,23,Prod. derivados del petroleo,2005,13.6,porcentaje
ciu,8_Estructura-de-Costos-y-Ratios-Indicadores-Octubre-2025.pdf,4,estructura_costos_sectores_2005,gastos_administracion_ventas_diversos,otros_gastos_varios,Otros gastos varios,24_25,"Prod. quimicos, caucho y plastico",2005,44.9,porcentaje
ciu,8_Estructura-de-Costos-y-Ratios-Indicadores-Octubre-2025.pdf,4,estructura_costos_sectores_2005,gastos_administracion_ventas_diversos,otros_gastos_varios,Otros gastos varios,26_27,Minerales no metalicos y metalicas basicas,2005,54.2,porcentaje
ciu,8_Estructura-de-Costos-y-Ratios-Indicadores-Octubre-2025.pdf,4,estructura_costos_sectores_2005,gastos_administracion_ventas_diversos,otros_gastos_varios,Otros gastos varios,28_29_30,"Metalicos, Maq. y Equipos",2005,50.1,porcentaje
ciu,8_Estructura-de-Costos-y-Ratios-Indicadores-Octubre-2025.pdf,4,estructura_costos_sectores_2005,gastos_administracion_ventas_diversos,otros_gastos_varios,Otros gastos varios,31_32_33,Maq. y aparatos electricos,2005,34.2,porcentaje
ciu,8_Estructura-de-Costos-y-Ratios-Indicadores-Octubre-2025.pdf,4,estructura_costos_sectores_2005,gastos_administracion_ventas_diversos,otros_gastos_varios,Otros gastos varios,34_35,Vehiculos y equipo de transporte,2005,47.4,porcentaje
ciu,8_Estructura-de-Costos-y-Ratios-Indicadores-Octubre-2025.pdf,4,estructura_costos_sectores_2005,gastos_administracion_ventas_diversos,otros_gastos_varios,Otros gastos varios,36,Muebles y Otras Industrias,2005,37.0,porcentaje
ciu,8_Estructura-de-Costos-y-Ratios-Indicadores-Octubre-2025.pdf,4,estructura_costos_sectores_2005,gastos_administracion_ventas_diversos,otros_impuestos_no_incluye_iric_ni_imp_al_patrimonio,Otros impuestos (no incluye IRIC ni Imp. al Patrimonio),15_16,"Alimentos, Bebidas y Tabaco",2005,4.2,porcentaje
ciu,8_Estructura-de-Costos-y-Ratios-Indicadores-Octubre-2025.pdf,4,estructura_costos_sectores_2005,gastos_administracion_ventas_diversos,otros_impuestos_no_incluye_iric_ni_imp_al_patrimonio,Otros impuestos (no incluye IRIC ni Imp. al Patrimonio),17_18_19,"Textiles, Vestimenta y Cuero",2005,1.7,porcentaje
ciu,8_Estructura-de-Costos-y-Ratios-Indicadores-Octubre-2025.pdf,4,estructura_costos_sectores_2005,gastos_administracion_ventas_diversos,otros_impuestos_no_incluye_iric_ni_imp_al_patrimonio,Otros impuestos (no incluye IRIC ni Imp. al Patrimonio),20,Madera y productos de madera,2005,0.2,porcentaje
ciu,8_Estructura-de-Costos-y-Ratios-Indicadores-Octubre-2025.pdf,4,estructura_costos_sectores_2005,gastos_administracion_ventas_diversos,otros_impuestos_no_incluye_iric_ni_imp_al_patrimonio,Otros impuestos (no incluye IRIC ni Imp. al Patrimonio),21_22,Papel e imprenta,2005,0.2,porcentaje
ciu,8_Estructura-de-Costos-y-Ratios-Indicadores-Octubre-2025.pdf,4,estructura_costos_sectores_2005,gastos_administracion_ventas_diversos,otros_impuestos_no_incluye_iric_ni_imp_al_patrimonio,Otros impuestos (no incluye IRIC ni Imp. al Patrimonio),23,Prod. derivados del petroleo,2005,11.9,porcentaje
ciu,8_Estructura-de-Costos-y-Ratios-Indicadores-Octubre-2025.pdf,4,estructura_costos_sectores_2005,gastos_administracion_ventas_diversos,otros_impuestos_no_incluye_iric_ni_imp_al_patrimonio,Otros impuestos (no incluye IRIC ni Imp. al Patrimonio),24_25,"Prod. quimicos, caucho y plastico",2005,1.3,porcentaje
ciu,8_Estructura-de-Costos-y-Ratios-Indicadores-Octubre-2025.pdf,4,estructura_costos_sectores_2005,gastos_administracion_ventas_diversos,otros_impuestos_no_incluye_iric_ni_imp_al_patrimonio,Otros impuestos (no incluye IRIC ni Imp. al Patrimonio),26_27,Minerales no metalicos y metalicas basicas,2005,-2.7,porcentaje
ciu,8_Estructura-de-Costos-y-Ratios-Indicadores-Octubre-2025.pdf,4,estructura_costos_sectores_2005,gastos_administracion_ventas_diversos,otros_impuestos_no_incluye_iric_ni_imp_al_patrimonio,Otros impuestos (no incluye IRIC ni Imp. al Patrimonio),28_29_30,"Metalicos, Maq. y Equipos",2005,0.6,porcentaje
ciu,8_Estructura-de-Costos-y-Ratios-Indicadores-Octubre-2025.pdf,4,estructura_costos_sectores_2005,gastos_administracion_ventas_diversos,otros_impuestos_no_incluye_iric_ni_imp_al_patrimonio,Otros impuestos (no incluye IRIC ni Imp. al Patrimonio),31_32_33,Maq. y aparatos electricos,2005,0.6,porcentaje
ciu,8_Estructura-de-Costos-y-Ratios-Indicadores-Octubre-2025.pdf,4,estructura_costos_sectores_2005,gastos_administracion_ventas_diversos,otros_impuestos_no_incluye_iric_ni_imp_al_patrimonio,Otros impuestos (no incluye IRIC ni Imp. al Patrimonio),34_35,Vehiculos y equipo de transporte,2005,0.4,porcentaje
ciu,8_Estructura-de-Costos-y-Ratios-Indicadores-Octubre-2025.pdf,4,estructura_costos_sectores_2005,gastos_administracion_ventas_diversos,otros_impuestos_no_incluye_iric_ni_imp_al_patrimonio,Otros impuestos (no incluye IRIC ni Imp. al Patrimonio),36,Muebles y Otras Industrias,2005,0.1,porcentaje
