fuente,archivo,pagina,tabla,tipo_indice,sector,anno,medida,valor,unidad
ciu,4_Empleo-y-salarios-Indicadores-Oct-2025.pdf,3,indices_salarios,reales,INDUSTRIAS MANUFACTURERAS,2019,indice,126.0,indice_1995_100
ciu,4_Empleo-y-salarios-Indicadores-Oct-2025.pdf,3,indices_salarios,reales,INDUSTRIAS MANUFACTURERAS,2020,indice,122.0,indice_1995_100
ciu,4_Empleo-y-salarios-Indicadores-Oct-2025.pdf,3,indices_salarios,reales,INDUSTRIAS MANUFACTURERAS,2021,indice,121.0,indice_1995_100
ciu,4_Empleo-y-salarios-Indicadores-Oct-2025.pdf,3,indices_salarios,reales,INDUSTRIAS MANUFACTURERAS,2022,indice,120.0,indice_1995_100
ciu,4_Empleo-y-salarios-Indicadores-Oct-2025.pdf,3,indices_salarios,reales,INDUSTRIAS MANUFACTURERAS,2023,indice,122.0,indice_1995_100
ciu,4_Empleo-y-salarios-Indicadores-Oct-2025.pdf,3,indices_salarios,reales,INDUSTRIAS MANUFACTURERAS,2024,indice,125.0,indice_1995_100
ciu,4_Empleo-y-salarios-Indicadores-Oct-2025.pdf,3,indices_salarios,reales,INDUSTRIAS MANUFACTURERAS,2025,indice,130.0,indice_1995_100
ciu,4_Empleo-y-salarios-Indicadores-Oct-2025.pdf,3,indices_salarios,reales,INDUSTRIAS MANUFACTURERAS,2020,variacion_anual,-2.5,porcentaje
ciu,4_Empleo-y-salarios-Indicadores-Oct-2025.pdf,3,indices_salarios,reales,INDUSTRIAS MANUFACTURERAS,2021,variacion_anual,-1.0,porcentaje
ciu,4_Empleo-y-salarios-Indicadores-Oct-2025.pdf,3,indices_salarios,reales,INDUSTRIAS MANUFACTURERAS,2022,variacion_anual,-0.6,porcentaje
ciu,4_Empleo-y-salarios-Indicadores-Oct-2025.pdf,3,indices_salarios,reales,INDUSTRIAS MANUFACTURERAS,2023,variacion_anual,1.2,porcentaje
ciu,4_Empleo-y-salarios-Indicadores-Oct-2025.pdf,3,indices_salarios,reales,INDUSTRIAS MANUFACTURERAS,2024,variacion_anual,2.7,porcentaje
ciu,4_Empleo-y-salarios-Indicadores-Oct-2025.pdf,3,indices_salarios,reales,INDUSTRIAS MANUFACTURERAS,2025,variacion_anual,3.9,porcentaje
ciu,4_Empleo-y-salarios-Indicadores-Oct-2025.pdf,3,indices_salarios,reales,"Alimentos, Bebidas y Tabaco",2019,indice,136.0,indice_1995_100
ciu,4_Empleo-y-salarios-Indicadores-Oct-2025.pdf,3,indices_salarios,reales,"Alimentos, Bebidas y Tabaco",2020,indice,132.0,indice_1995_100
ciu,4_Empleo-y-salarios-Indicadores-Oct-2025.pdf,3,indices_salarios,reales,"Alimentos, Bebidas y Tabaco",2021,indice,131.0,indice_1995_100
ciu,4_Empleo-y-salarios-Indicadores-Oct-2025.pdf,3,indices_salarios,reales,"Alimentos, Bebidas y Tabaco",2022,indice,130.0,indice_1995_100
ciu,4_Empleo-y-salarios-Indicadores-Oct-2025.pdf,3,indices_salarios,reales,"Alimentos, Bebidas y Tabaco",2023,indice,133.0,indice_1995_100
ciu,4_Empleo-y-salarios-Indicadores-Oct-2025.pdf,3,indices_salarios,reales,"Alimentos, Bebidas y Tabaco",2024,indice,136.0,indice_1995_100
ciu,4_Empleo-y-salarios-Indicadores-Oct-2025.pdf,3,indices_salarios,reales,"Alimentos, Bebidas y Tabaco",2025,indice,141.0,indice_1995_100
ciu,4_Empleo-y-salarios-Indicadores-Oct-2025.pdf,3,indices_salarios,reales,"Alimentos, Bebidas y Tabaco",2020,variacion_anual,-3.0,porcentaje
ciu,4_Empleo-y-salarios-Indicadores-Oct-2025.pdf,3,indices_salarios,reales,"Alimentos, Bebidas y Tabaco",2021,variacion_anual,-1.0,porcentaje
ciu,4_Empleo-y-salarios-Indicadores-Oct-2025.pdf,3,indices_salarios,reales,"Alimentos, Bebidas y Tabaco",2022,variacion_anual,-0.4,porcentaje
ciu,4_Empleo-y-salarios-Indicadores-Oct-2025.pdf,3,indices_salarios,reales,"Alimentos, Bebidas y Tabaco",2023,variacion_anual,2.1,porcentaje
ciu,4_Empleo-y-salarios-Indicadores-Oct-2025.pdf,3,indices_salarios,reales,"Alimentos, Bebidas y Tabaco",2024,variacion_anual,2.4,porcentaje
ciu,4_Empleo-y-salarios-Indicadores-Oct-2025.pdf,3,indices_salarios,reales,"Alimentos, Bebidas y Tabaco",2025,variacion_anual,3.6,porcentaje
ciu,4_Empleo-y-salarios-Indicadores-Oct-2025.pdf,3,indices_salarios,reales,"Textiles, Prendas, Curtiembres y Cuero",2019,indice,105.0,indice_1995_100
ciu,4_Empleo-y-salarios-Indicadores-Oct-2025.pdf,3,indices_salarios,reales,"Textiles, Prendas, Curtiembres y Cuero",2020,indice,103.0,indice_1995_100
ciu,4_Empleo-y-salarios-Indicadores-Oct-2025.pdf,3,indices_salarios,reales,"Textiles, Prendas, Curtiembres y Cuero",2021,indice,102.0,indice_1995_100
ciu,4_Empleo-y-salarios-Indicadores-Oct-2025.pdf,3,indices_salarios,reales,"Textiles, Prendas, Curtiembres y Cuero",2022,indice,102.0,indice_1995_100
ciu,4_Empleo-y-salarios-Indicadores-Oct-2025.pdf,3,indices_salarios,reales,"Textiles, Prendas, Curtiembres y Cuero",2023,indice,102.0,indice_1995_100
ciu,4_Empleo-y-salarios-Indicadores-Oct-2025.pdf,3,indices_salarios,reales,"Textiles, Prendas, Curtiembres y Cuero",2024,indice,105.0,indice_1995_100
ciu,4_Empleo-y-salarios-Indicadores-Oct-2025.pdf,3,indices_salarios,reales,"Textiles, Prendas, Curtiembres y Cuero",2025,indice,109.0,indice_1995_100
ciu,4_Empleo-y-salarios-Indicadores-Oct-2025.pdf,3,indices_salarios,reales,"Textiles, Prendas, Curtiembres y Cuero",2020,variacion_anual,-2.4,porcentaje
ciu,4_Empleo-y-salarios-Indicadores-Oct-2025.pdf,3,indices_salarios,reales,"Textiles, Prendas, Curtiembres y Cuero",2021,variacion_anual,-1.0,porcentaje
ciu,4_Empleo-y-salarios-Indicadores-Oct-2025.pdf,3,indices_salarios,reales,"Textiles, Prendas, Curtiembres y Cuero",2022,variacion_anual,0.1,porcentaje
ciu,4_Empleo-y-salarios-Indicadores-Oct-2025.pdf,3,indices_salarios,reales,"Textiles, Prendas, Curtiembres y Cuero",2023,variacion_anual,-0.1,porcentaje
ciu,4_Empleo-y-salarios-Indicadores-Oct-2025.pdf,3,indices_salarios,reales,"Textiles, Prendas, Curtiembres y Cuero",2024,variacion_anual,2.8,porcentaje
ciu,4_Empleo-y-salarios-Indicadores-Oct-2025.pdf,3,indices_salarios,reales,"Textiles, Prendas, Curtiembres y Cuero",2025,variacion_anual,3.7,porcentaje
ciu,4_Empleo-y-salarios-Indicadores-Oct-2025.pdf,3,indices_salarios,reales,Papel y Prod. de papel,2019,indice,112.0,indice_1995_100
ciu,4_Empleo-y-salarios-Indicadores-Oct-2025.pdf,3,indices_salarios,reales,Papel y Prod. de papel,2020,indice,109.0,indice_1995_100
ciu,4_Empleo-y-salarios-Indicadores-Oct-2025.pdf,3,indices_salarios,reales,Papel y Prod. de papel,2021,indice,108.0,indice_1995_100
ciu,4_Empleo-y-salarios-Indicadores-Oct-2025.pdf,3,indices_salarios,reales,Papel y Prod. de papel,2022,indice,106.0,indice_1995_100
ciu,4_Empleo-y-salarios-Indicadores-Oct-2025.pdf,3,indices_salarios,reales,Papel y Prod. de papel,2023,indice,106.0,indice_1995_100
ciu,4_Empleo-y-salarios-Indicadores-Oct-2025.pdf,3,indices_salarios,reales,Papel y Prod. de papel,2024,indice,110.0,indice_1995_100
ciu,4_Empleo-y-salarios-Indicadores-Oct-2025.pdf,3,indices_salarios,reales,Papel y Prod. de papel,2025,indice,115.0,indice_1995_100
ciu,4_Empleo-y-salarios-Indicadores-Oct-2025.pdf,3,indices_salarios,reales,Papel y Prod. de papel,2020,variacion_anual,-2.6,porcentaje
ciu,4_Empleo-y-salarios-Indicadores-Oct-2025.pdf,3,indices_salarios,reales,Papel y Prod. de papel,2021,variacion_anual,-1.2,porcentaje
ciu,4_Empleo-y-salarios-Indicadores-Oct-2025.pdf,3,indices_salarios,reales,Papel y Prod. de papel,2022,variacion_anual,-1.8,porcentaje
ciu,4_Empleo-y-salarios-Indicadores-Oct-2025.pdf,3,indices_salarios,reales,Papel y Prod. de papel,2023,variacion_anual,0.3,porcentaje
ciu,4_Empleo-y-salarios-Indicadores-Oct-2025.pdf,3,indices_salarios,reales,Papel y Prod. de papel,2024,variacion_anual,3.7,porcentaje
ciu,4_Empleo-y-salarios-Indicadores-Oct-2025.pdf,3,indices_salarios,reales,Papel y Prod. de papel,2025,variacion_anual,4.8,porcentaje
ciu,4_Empleo-y-salarios-Indicadores-Oct-2025.pdf,3,indices_salarios,reales,Prod. Quimicos,2019,indice,127.0,indice_1995_100
ciu,4_Empleo-y-salarios-Indicadores-Oct-2025.pdf,3,indices_salarios,reales,Prod. Quimicos,2020,indice,125.0,indice_1995_100
ciu,4_Empleo-y-salarios-Indicadores-Oct-2025.pdf,3,indices_salarios,reales,Prod. Quimicos,2021,indice,124.0,indice_1995_100
ciu,4_Empleo-y-salarios-Indicadores-Oct-2025.pdf,3,indices_salarios,reales,Prod. Quimicos,2022,indice,123.0,indice_1995_100
ciu,4_Empleo-y-salarios-Indicadores-Oct-2025.pdf,3,indices_salarios,reales,Prod. Quimicos,2023,indice,124.0,indice_1995_100
ciu,4_Empleo-y-salarios-Indicadores-Oct-2025.pdf,3,indices_salarios,reales,Prod. Quimicos,2024,indice,128.0,indice_1995_100
ciu,4_Empleo-y-salarios-Indicadores-Oct-2025.pdf,3,indices_salarios,reales,Prod. Quimicos,2025,indice,133.0,indice_1995_100
ciu,4_Empleo-y-salarios-Indicadores-Oct-2025.pdf,3,indices_salarios,reales,Prod. Quimicos,2020,variacion_anual,-1.8,porcentaje
ciu,4_Empleo-y-salarios-Indicadores-Oct-2025.pdf,3,indices_salarios,reales,Prod. Quimicos,2021,variacion_anual,-0.7,porcentaje
ciu,4_Empleo-y-salarios-Indicadores-Oct-2025.pdf,3,indices_salarios,reales,Prod. Quimicos,2022,variacion_anual,-0.9,porcentaje
ciu,4_Empleo-y-salarios-Indicadores-Oct-2025.pdf,3,indices_salarios,reales,Prod. Quimicos,2023,variacion_anual,1.0,porcentaje
ciu,4_Empleo-y-salarios-Indicadores-Oct-2025.pdf,3,indices_salarios,reales,Prod. Quimicos,2024,variacion_anual,3.2,porcentaje
ciu,4_Empleo-y-salarios-Indicadores-Oct-2025.pdf,3,indices_salarios,reales,Prod. Quimicos,2025,variacion_anual,4.3,porcentaje
ciu,4_Empleo-y-salarios-Indicadores-Oct-2025.pdf,3,indices_salarios,reales,Minerales no metálicos,2019,indice,153.0,indice_1995_100
ciu,4_Empleo-y-salarios-Indicadores-Oct-2025.pdf,3,indices_salarios,reales,Minerales no metálicos,2020,indice,147.0,indice_1995_100
ciu,4_Empleo-y-salarios-Indicadores-Oct-2025.pdf,3,indices_salarios,reales,Minerales no metálicos,2021,indice,146.0,indice_1995_100
ciu,4_Empleo-y-salarios-Indicadores-Oct-2025.pdf,3,indices_salarios,reales,Minerales no metálicos,2022,indice,143.0,indice_1995_100
ciu,4_Empleo-y-salarios-Indicadores-Oct-2025.pdf,3,indices_salarios,reales,Minerales no metálicos,2023,indice,140.0,indice_1995_100
ciu,4_Empleo-y-salarios-Indicadores-Oct-2025.pdf,3,indices_salarios,reales,Minerales no metálicos,2024,indice,142.0,indice_1995_100
ciu,4_Empleo-y-salarios-Indicadores-Oct-2025.pdf,3,indices_salarios,reales,Minerales no metálicos,2025,indice,148.0,indice_1995_100
ciu,4_Empleo-y-salarios-Indicadores-Oct-2025.pdf,3,indices_salarios,reales,Minerales no metálicos,2020,variacion_anual,-3.7,porcentaje
ciu,4_Empleo-y-salarios-Indicadores-Oct-2025.pdf,3,indices_salarios,reales,Minerales no metálicos,2021,variacion_anual,-0.6,porcentaje
ciu,4_Empleo-y-salarios-Indicadores-Oct-2025.pdf,3,indices_salarios,reales,Minerales no metálicos,2022,variacion_anual,-2.5,porcentaje
ciu,4_Empleo-y-salarios-Indicadores-Oct-2025.pdf,3,indices_salarios,reales,Minerales no metálicos,2023,variacion_anual,-2.1,porcentaje
ciu,4_Empleo-y-salarios-Indicadores-Oct-2025.pdf,3,indices_salarios,reales,Minerales no metálicos,2024,variacion_anual,2.1,porcentaje
ciu,4_Empleo-y-salarios-Indicadores-Oct-2025.pdf,3,indices_salarios,reales,Minerales no metálicos,2025,variacion_anual,3.9,porcentaje
ciu,4_Empleo-y-salarios-Indicadores-Oct-2025.pdf,3,indices_salarios,reales,"Metálicos, maquinaria y equipos",2019,indice,143.0,indice_1995_100
ciu,4_Empleo-y-salarios-Indicadores-Oct-2025.pdf,3,indices_salarios,reales,"Metálicos, maquinaria y equipos",2020,indice,139.0,indice_1995_100
ciu,4_Empleo-y-salarios-Indicadores-Oct-2025.pdf,3,indices_salarios,reales,"Metálicos, maquinaria y equipos",2021,indice,137.0,indice_1995_100
ciu,4_Empleo-y-salarios-Indicadores-Oct-2025.pdf,3,indices_salarios,reales,"Metálicos, maquinaria y equipos",2022,indice,136.0,indice_1995_100
ciu,4_Empleo-y-salarios-Indicadores-Oct-2025.pdf,3,indices_salarios,reales,"Metálicos, maquinaria y equipos",2023,indice,137.0,indice_1995_100
ciu,4_Empleo-y-salarios-Indicadores-Oct-2025.pdf,3,indices_salarios,reales,"Metálicos, maquinaria y equipos",2024,indice,141.0,indice_1995_100
ciu,4_Empleo-y-salarios-Indicadores-Oct-2025.pdf,3,indices_salarios,reales,"Metálicos, maquinaria y equipos",2025,indice,147.0,indice_1995_100
ciu,4_Empleo-y-salarios-Indicadores-Oct-2025.pdf,3,indices_salarios,reales,"Metálicos, maquinaria y equipos",2020,variacion_anual,-2.5,porcentaje
ciu,4_Empleo-y-salarios-Indicadores-Oct-2025.pdf,3,indices_salarios,reales,"Metálicos, maquinaria y equipos",2021,variacion_anual,-1.6,porcentaje
ciu,4_Empleo-y-salarios-Indicadores-Oct-2025.pdf,3,indices_salarios,reales,"Metálicos, maquinaria y equipos",2022,variacion_anual,-0.9,porcentaje
ciu,4_Empleo-y-salarios-Indicadores-Oct-2025.pdf,3,indices_salarios,reales,"Metálicos, maquinaria y equipos",2023,variacion_anual,0.5,porcentaje
ciu,4_Empleo-y-salarios-Indicadores-Oct-2025.pdf,3,indices_salarios,reales,"Metálicos, maquinaria y equipos",2024,variacion_anual,3.4,porcentaje
ciu,4_Empleo-y-salarios-Indicadores-Oct-2025.pdf,3,indices_salarios,reales,"Metálicos, maquinaria y equipos",2025,variacion_anual,3.5,porcentaje
ciu,4_Empleo-y-salarios-Indicadores-Oct-2025.pdf,3,indices_salarios,nominales,INDUSTRIAS MANUFACTURERAS,2019,indice,977.0,indice_1995_100
ciu,4_Empleo-y-salarios-Indicadores-Oct-2025.pdf,3,indices_salarios,nominales,INDUSTRIAS MANUFACTURERAS,2020,indice,1045.0,indice_1995_100
ciu,4_Empleo-y-salarios-Indicadores-Oct-2025.pdf,3,indices_salarios,nominales,INDUSTRIAS MANUFACTURERAS,2021,indice,1115.0,indice_1995_100
ciu,4_Empleo-y-salarios-Indicadores-Oct-2025.pdf,3,indices_salarios,nominales,INDUSTRIAS MANUFACTURERAS,2022,indice,1212.0,indice_1995_100
ciu,4_Empleo-y-salarios-Indicadores-Oct-2025.pdf,3,indices_salarios,nominales,INDUSTRIAS MANUFACTURERAS,2023,indice,1325.0,indice_1995_100
ciu,4_Empleo-y-salarios-Indicadores-Oct-2025.pdf,3,indices_salarios,nominales,INDUSTRIAS MANUFACTURERAS,2024,indice,1431.0,indice_1995_100
ciu,4_Empleo-y-salarios-Indicadores-Oct-2025.pdf,3,indices_salarios,nominales,INDUSTRIAS MANUFACTURERAS,2025,indice,1498.0,indice_1995_100
ciu,4_Empleo-y-salarios-Indicadores-Oct-2025.pdf,3,indices_salarios,nominales,INDUSTRIAS MANUFACTURERAS,2020,variacion_anual,7.0,porcentaje
ciu,4_Empleo-y-salarios-Indicadores-Oct-2025.pdf,3,indices_salarios,nominales,INDUSTRIAS MANUFACTURERAS,2021,variacion_anual,6.7,porcentaje
ciu,4_Empleo-y-salarios-Indicadores-Oct-2025.pdf,3,indices_salarios,nominales,INDUSTRIAS MANUFACTURERAS,2022,variacion_anual,8.6,porcentaje
ciu,4_Empleo-y-salarios-Indicadores-Oct-2025.pdf,3,indices_salarios,nominales,INDUSTRIAS MANUFACTURERAS,2023,variacion_anual,9.4,porcentaje
ciu,4_Empleo-y-salarios-Indicadores-Oct-2025.pdf,3,indices_salarios,nominales,INDUSTRIAS MANUFACTURERAS,2024,variacion_anual,8.0,porcentaje
ciu,4_Empleo-y-salarios-Indicadores-Oct-2025.pdf,3,indices_salarios,nominales,INDUSTRIAS MANUFACTURERAS,2025,variacion_anual,5.2,porcentaje
ciu,4_Empleo-y-salarios-Indicadores-Oct-2025.pdf,3,indices_salarios,nominales,"Alimentos, Bebidas y Tabaco",2019,indice,1058.0,indice_1995_100
ciu,4_Empleo-y-salarios-Indicadores-Oct-2025.pdf,3,indices_salarios,nominales,"Alimentos, Bebidas y Tabaco",2020,indice,1127.0,indice_1995_100
ciu,4_Empleo-y-salarios-Indicadores-Oct-2025.pdf,3,indices_salarios,nominales,"Alimentos, Bebidas y Tabaco",2021,indice,1203.0,indice_1995_100
ciu,4_Empleo-y-salarios-Indicadores-Oct-2025.pdf,3,indices_salarios,nominales,"Alimentos, Bebidas y Tabaco",2022,indice,1310.0,indice_1995_100
ciu,4_Empleo-y-salarios-Indicadores-Oct-2025.pdf,3,indices_salarios,nominales,"Alimentos, Bebidas y Tabaco",2023,indice,1446.0,indice_1995_100
ciu,4_Empleo-y-salarios-Indicadores-Oct-2025.pdf,3,indices_salarios,nominales,"Alimentos, Bebidas y Tabaco",2024,indice,1557.0,indice_1995_100
ciu,4_Empleo-y-salarios-Indicadores-Oct-2025.pdf,3,indices_salarios,nominales,"Alimentos, Bebidas y Tabaco",2025,indice,1626.0,indice_1995_100
ciu,4_Empleo-y-salarios-Indicadores-Oct-2025.pdf,3,indices_salarios,nominales,"Alimentos, Bebidas y Tabaco",2020,variacion_anual,6.5,porcentaje
ciu,4_Empleo-y-salarios-Indicadores-Oct-2025.pdf,3,indices_salarios,nominales,"Alimentos, Bebidas y Tabaco",2021,variacion_anual,6.7,porcentaje
ciu,4_Empleo-y-salarios-Indicadores-Oct-2025.pdf,3,indices_salarios,nominales,"Alimentos, Bebidas y Tabaco",2022,variacion_anual,8.9,porcentaje
ciu,4_Empleo-y-salarios-Indicadores-Oct-2025.pdf,3,indices_salarios,nominales,"Alimentos, Bebidas y Tabaco",2023,variacion_anual,10.3,porcentaje
ciu,4_Empleo-y-salarios-Indicadores-Oct-2025.pdf,3,indices_salarios,nominales,"Alimentos, Bebidas y Tabaco",2024,variacion_anual,7.7,porcentaje
ciu,4_Empleo-y-salarios-Indicadores-Oct-2025.pdf,3,indices_salarios,nominales,"Alimentos, Bebidas y Tabaco",2025,variacion_anual,4.9,porcentaje
ciu,4_Empleo-y-salarios-Indicadores-Oct-2025.pdf,3,indices_salarios,nominales,"Textiles, Prendas, Curtiembres y Cuero",2019,indice,819.0,indice_1995_100
ciu,4_Empleo-y-salarios-Indicadores-Oct-2025.pdf,3,indices_salarios,nominales,"Textiles, Prendas, Curtiembres y Cuero",2020,indice,878.0,indice_1995_100
ciu,4_Empleo-y-salarios-Indicadores-Oct-2025.pdf,3,indices_salarios,nominales,"Textiles, Prendas, Curtiembres y Cuero",2021,indice,937.0,indice_1995_100
ciu,4_Empleo-y-salarios-Indicadores-Oct-2025.pdf,3,indices_salarios,nominales,"Textiles, Prendas, Curtiembres y Cuero",2022,indice,1025.0,indice_1995_100
ciu,4_Empleo-y-salarios-Indicadores-Oct-2025.pdf,3,indices_salarios,nominales,"Textiles, Prendas, Curtiembres y Cuero",2023,indice,1107.0,indice_1995_100
ciu,4_Empleo-y-salarios-Indicadores-Oct-2025.pdf,3,indices_salarios,nominales,"Textiles, Prendas, Curtiembres y Cuero",2024,indice,1198.0,indice_1995_100
ciu,4_Empleo-y-salarios-Indicadores-Oct-2025.pdf,3,indices_salarios,nominales,"Textiles, Prendas, Curtiembres y Cuero",2025,indice,1253.0,indice_1995_100
ciu,4_Empleo-y-salarios-Indicadores-Oct-2025.pdf,3,indices_salarios,nominales,"Textiles, Prendas, Curtiembres y Cuero",2020,variacion_anual,7.2,porcentaje
ciu,4_Empleo-y-salarios-Indicadores-Oct-2025.pdf,3,indices_salarios,nominales,"Textiles, Prendas, Curtiembres y Cuero",2021,variacion_anual,6.7,porcentaje
ciu,4_Empleo-y-salarios-Indicadores-Oct-2025.pdf,3,indices_salarios,nominales,"Textiles, Prendas, Curtiembres y Cuero",2022,variacion_anual,9.4,porcentaje
ciu,4_Empleo-y-salarios-Indicadores-Oct-2025.pdf,3,indices_salarios,nominales,"Textiles, Prendas, Curtiembres y Cuero",2023,variacion_anual,8.0,porcentaje
ciu,4_Empleo-y-salarios-Indicadores-Oct-2025.pdf,3,indices_salarios,nominales,"Textiles, Prendas, Curtiembres y Cuero",2024,variacion_anual,8.2,porcentaje
ciu,4_Empleo-y-salarios-Indicadores-Oct-2025.pdf,3,indices_salarios,nominales,"Textiles, Prendas, Curtiembres y Cuero",2025,variacion_anual,5.0,porcentaje
ciu,4_Empleo-y-salarios-Indicadores-Oct-2025.pdf,3,indices_salarios,nominales,Papel y Prod. de papel,2019,indice,870.0,indice_1995_100
ciu,4_Empleo-y-salarios-Indicadores-Oct-2025.pdf,3,indices_salarios,nominales,Papel y Prod. de papel,2020,indice,930.0,indice_1995_100
ciu,4_Empleo-y-salarios-Indicadores-Oct-2025.pdf,3,indices_salarios,nominales,Papel y Prod. de papel,2021,indice,990.0,indice_1995_100
ciu,4_Empleo-y-salarios-Indicadores-Oct-2025.pdf,3,indices_salarios,nominales,Papel y Prod. de papel,2022,indice,1063.0,indice_1995_100
ciu,4_Empleo-y-salarios-Indicadores-Oct-2025.pdf,3,indices_salarios,nominales,Papel y Prod. de papel,2023,indice,1152.0,indice_1995_100
ciu,4_Empleo-y-salarios-Indicadores-Oct-2025.pdf,3,indices_salarios,nominales,Papel y Prod. de papel,2024,indice,1257.0,indice_1995_100
ciu,4_Empleo-y-salarios-Indicadores-Oct-2025.pdf,3,indices_salarios,nominales,Papel y Prod. de papel,2025,indice,1321.0,indice_1995_100
ciu,4_Empleo-y-salarios-Indicadores-Oct-2025.pdf,3,indices_salarios,nominales,Papel y Prod. de papel,2020,variacion_anual,6.9,porcentaje
ciu,4_Empleo-y-salarios-Indicadores-Oct-2025.pdf,3,indices_salarios,nominales,Papel y Prod. de papel,2021,variacion_anual,6.4,porcentaje
ciu,4_Empleo-y-salarios-Indicadores-Oct-2025.pdf,3,indices_salarios,nominales,Papel y Prod. de papel,2022,variacion_anual,7.4,porcentaje
ciu,4_Empleo-y-salarios-Indicadores-Oct-2025.pdf,3,indices_salarios,nominales,Papel y Prod. de papel,2023,variacion_anual,8.4,porcentaje
ciu,4_Empleo-y-salarios-Indicadores-Oct-2025.pdf,3,indices_salarios,nominales,Papel y Prod. de papel,2024,variacion_anual,9.1,porcentaje
ciu,4_Empleo-y-salarios-Indicadores-Oct-2025.pdf,3,indices_salarios,nominales,Papel y Prod. de papel,2025,variacion_anual,6.1,porcentaje
ciu,4_Empleo-y-salarios-Indicadores-Oct-2025.pdf,3,indices_salarios,nominales,Prod. Quimicos,2019,indice,988.0,indice_1995_100
ciu,4_Empleo-y-salarios-Indicadores-Oct-2025.pdf,3,indices_salarios,nominales,Prod. Quimicos,2020,indice,1065.0,indice_1995_100
ciu,4_Empleo-y-salarios-Indicadores-Oct-2025.pdf,3,indices_salarios,nominales,Prod. Quimicos,2021,indice,1139.0,indice_1995_100
ciu,4_Empleo-y-salarios-Indicadores-Oct-2025.pdf,3,indices_salarios,nominales,Prod. Quimicos,2022,indice,1234.0,indice_1995_100
ciu,4_Empleo-y-salarios-Indicadores-Oct-2025.pdf,3,indices_salarios,nominales,Prod. Quimicos,2023,indice,1347.0,indice_1995_100
ciu,4_Empleo-y-salarios-Indicadores-Oct-2025.pdf,3,indices_salarios,nominales,Prod. Quimicos,2024,indice,1462.0,indice_1995_100
ciu,4_Empleo-y-salarios-Indicadores-Oct-2025.pdf,3,indices_salarios,nominales,Prod. Quimicos,2025,indice,1534.0,indice_1995_100
ciu,4_Empleo-y-salarios-Indicadores-Oct-2025.pdf,3,indices_salarios,nominales,Prod. Quimicos,2020,variacion_anual,7.8,porcentaje
ciu,4_Empleo-y-salarios-Indicadores-Oct-2025.pdf,3,indices_salarios,nominales,Prod. Quimicos,2021,variacion_anual,7.0,porcentaje
ciu,4_Empleo-y-salarios-Indicadores-Oct-2025.pdf,3,indices_salarios,nominales,Prod. Quimicos,2022,variacion_anual,8.3,porcentaje
ciu,4_Empleo-y-salarios-Indicadores-Oct-2025.pdf,3,indices_salarios,nominales,Prod. Quimicos,2023,variacion_anual,9.1,porcentaje
ciu,4_Empleo-y-salarios-Indicadores-Oct-2025.pdf,3,indices_salarios,nominales,Prod. Quimicos,2024,variacion_anual,8.5,porcentaje
ciu,4_Empleo-y-salarios-Indicadores-Oct-2025.pdf,3,indices_salarios,nominales,Prod. Quimicos,2025,variacion_anual,5.6,porcentaje
ciu,4_Empleo-y-salarios-Indicadores-Oct-2025.pdf,3,indices_salarios,nominales,Minerales no metálicos,2019,indice,1190.0,indice_1995_100
ciu,4_Empleo-y-salarios-Indicadores-Oct-2025.pdf,3,indices_salarios,nominales,Minerales no metálicos,2020,indice,1258.0,indice_1995_100
ciu,4_Empleo-y-salarios-Indicadores-Oct-2025.pdf,3,indices_salarios,nominales,Minerales no metálicos,2021,indice,1347.0,indice_1995_100
ciu,4_Empleo-y-salarios-Indicadores-Oct-2025.pdf,3,indices_salarios,nominales,Minerales no metálicos,2022,indice,1435.0,indice_1995_100
ciu,4_Empleo-y-salarios-Indicadores-Oct-2025.pdf,3,indices_salarios,nominales,Minerales no metálicos,2023,indice,1518.0,indice_1995_100
ciu,4_Empleo-y-salarios-Indicadores-Oct-2025.pdf,3,indices_salarios,nominales,Minerales no metálicos,2024,indice,1630.0,indice_1995_100
ciu,4_Empleo-y-salarios-Indicadores-Oct-2025.pdf,3,indices_salarios,nominales,Minerales no metálicos,2025,indice,1706.0,indice_1995_100
ciu,4_Empleo-y-salarios-Indicadores-Oct-2025.pdf,3,indices_salarios,nominales,Minerales no metálicos,2020,variacion_anual,5.7,porcentaje
ciu,4_Empleo-y-salarios-Indicadores-Oct-2025.pdf,3,indices_salarios,nominales,Minerales no metálicos,2021,variacion_anual,7.1,porcentaje
ciu,4_Empleo-y-salarios-Indicadores-Oct-2025.pdf,3,indices_salarios,nominales,Minerales no metálicos,2022,variacion_anual,6.5,porcentaje
ciu,4_Empleo-y-salarios-Indicadores-Oct-2025.pdf,3,indices_salarios,nominales,Minerales no metálicos,2023,variacion_anual,5.8,porcentaje
ciu,4_Empleo-y-salarios-Indicadores-Oct-2025.pdf,3,indices_salarios,nominales,Minerales no metálicos,2024,variacion_anual,7.4,porcentaje
ciu,4_Empleo-y-salarios-Indicadores-Oct-2025.pdf,3,indices_salarios,nominales,Minerales no metálicos,2025,variacion_anual,5.2,porcentaje
ciu,4_Empleo-y-salarios-Indicadores-Oct-2025.pdf,3,indices_salarios,nominales,"Metálicos, maquinaria y equipos",2019,indice,1113.0,indice_1995_100
ciu,4_Empleo-y-salarios-Indicadores-Oct-2025.pdf,3,indices_salarios,nominales,"Metálicos, maquinaria y equipos",2020,indice,1191.0,indice_1995_100
ciu,4_Empleo-y-salarios-Indicadores-Oct-2025.pdf,3,indices_salarios,nominales,"Metálicos, maquinaria y equipos",2021,indice,1262.0,indice_1995_100
ciu,4_Empleo-y-salarios-Indicadores-Oct-2025.pdf,3,indices_salarios,nominales,"Metálicos, maquinaria y equipos",2022,indice,1368.0,indice_1995_100
ciu,4_Empleo-y-salarios-Indicadores-Oct-2025.pdf,3,indices_salarios,nominales,"Metálicos, maquinaria y equipos",2023,indice,1487.0,indice_1995_100
ciu,4_Empleo-y-salarios-Indicadores-Oct-2025.pdf,3,indices_salarios,nominales,"Metálicos, maquinaria y equipos",2024,indice,1616.0,indice_1995_100
ciu,4_Empleo-y-salarios-Indicadores-Oct-2025.pdf,3,indices_salarios,nominales,"Metálicos, maquinaria y equipos",2025,indice,1688.0,indice_1995_100
ciu,4_Empleo-y-salarios-Indicadores-Oct-2025.pdf,3,indices_salarios,nominales,"Metálicos, maquinaria y equipos",2020,variacion_anual,7.0,porcentaje
ciu,4_Empleo-y-salarios-Indicadores-Oct-2025.pdf,3,indices_salarios,nominales,"Metálicos, maquinaria y equipos",2021,variacion_anual,6.0,porcentaje
ciu,4_Empleo-y-salarios-Indicadores-Oct-2025.pdf,3,indices_salarios,nominales,"Metálicos, maquinaria y equipos",2022,variacion_anual,8.4,porcentaje
ciu,4_Empleo-y-salarios-Indicadores-Oct-2025.pdf,3,indices_salarios,nominales,"Metálicos, maquinaria y equipos",2023,variacion_anual,8.6,porcentaje
ciu,4_Empleo-y-salarios-Indicadores-Oct-2025.pdf,3,indices_salarios,nominales,"Metálicos, maquinaria y equipos",2024,variacion_anual,8.7,porcentaje
ciu,4_Empleo-y-salarios-Indicadores-Oct-2025.pdf,3,indices_salarios,nominales,"Metálicos, maquinaria y equipos",2025,variacion_anual,4.8,porcentaje
