anno,universo,seccion_fuente,division_publicada,descripcion,fuente,ciiu_version,seccion,nivel_agregacion,vbp_pp,vab_pp,remuneraciones,puestos_trabajo,consumo_intermedio,impuestos_netos,consumo_capital_fijo,excedente_explotacion,fbcf,adquisiciones_activo_fijo_total,construccion_cuenta_propia,adquisiciones_total,adquisiciones_importadas,adquisiciones_en_plaza,disposiciones_activo_fijo,stock_capital,stock_edificios_construcciones,stock_maquinaria_equipos,stock_otros,stock_activos_intangibles,variacion_existencias,variacion_existencias_mercaderias_reventa,variacion_existencias_materias_primas,variacion_existencias_productos_en_proceso,variacion_existencias_productos_terminados,variacion_existencias_envases_embalajes,variacion_existencias_repuestos_accesorios,fbkf_edificios_construcciones,fbkf_maq_eq,fbkf_otros,fbkf_activos_intangibles
1998,empresas_5_mas,TOTAL,TOTAL,TOTAL,EAE 1998-2001 2 digitos,Rev.3,TOTAL,economia_total,160590248000,73594723000,35464447000,353260,86995525000,8078478000,4266546000,25785252000,9620593000,10542107000,228195000,10313912000,3306208000,7007704000,-921514000,46333973000,17533184000,20436876000,7056492000,1307421000,4099399000,2470833000,607717000,112478000,768906000,29308000,110157000,2497590000,4396590000,1901505000,824908000
1998,empresas_5_mas,D,,INDUSTRIAS MANUFACTURERAS,EAE 1998-2001 2 digitos,Rev.3,C,seccion,87065912000,33321734000,11684744000,110715,53744178000,6547403000,2416091000,12673496000,3664120000,3919442000,209434000,3710008000,1495282000,2214726000,-255322000,22068546000,6534447000,13097575000,2002221000,434303000,1610429000,69590000,609802000,100620000,759720000,24597000,46100000,721886000,2280735000,481309000,180190000
1998,empresas_5_mas,G,,"COMERCIO AL POR MAYOR Y AL POR MENOR; REPARACIÓN DE VEHÍCULOS AUTOMOTORES, MOTOCICLETAS, EFECTOS PERSONALES Y ENSERES DOMÉSTICOS",EAE 1998-2001 2 digitos,Rev.3,G,seccion,28274402000,16935061000,7517694000,88399,11339341000,1355828000,720093000,7341446000,2263938000,2424821000,9687000,2415134000,141288000,2273846000,-160883000,7253701000,2843769000,1373056000,2335538000,701338000,2376845000,2336889000,3114000,11609000,9585000,4078000,11570000,635081000,352969000,702079000,573809000
1998,empresas_5_mas,H,,HOTELES Y RESTORANES,EAE 1998-2001 2 digitos,Rev.3,I,seccion,3382930000,1264469000,844868000,15851,2118461000,26602000,120432000,272567000,345841000,347502000,0,347502000,4632000,342870000,-1661000,2960329000,2148189000,406656000,367105000,38379000,37003000,31393000,-320000,3000,-128000,536000,5519000,137962000,92878000,109501000,5500000
1998,empresas_5_mas,I,,TRANSPORTE ALMACENAMIENTO Y COMUNICACIONES,EAE 1998-2001 2 digitos,Rev.3,H_J,seccion,16974296000,8090010000,4067975000,32551,8884286000,126506000,601290000,3294239000,1916079000,2307000000,2603000,2304397000,1538270000,766127000,-390921000,6990297000,1249778000,4124584000,1558573000,57362000,44515000,19794000,255000,0,0,-48000,24514000,203893000,1251564000,412173000,48449000
1998,empresas_5_mas,K,,ACTIVIDADES INMOBILIARIAS EMPRESARIALES Y DE ALQUILER,EAE 1998-2001 2 digitos,Rev.3,L_M_N,seccion,6038486000,3258437000,2131969000,28754,2780049000,-10606000,135878000,1001196000,210316000,284049000,461000,283588000,44978000,238610000,-73733000,1138019000,402466000,292266000,423466000,19821000,20841000,3553000,-5200000,246000,-32000,132000,22142000,17377000,85218000,97538000,10183000
1998,empresas_5_mas,M,,ENSEÑANZA,EAE 1998-2001 2 digitos,Rev.3,P,seccion,2576578000,2048190000,1657886000,24237,528388000,853000,45552000,343899000,270632000,283599000,0,283599000,4257000,279342000,-12967000,1218978000,1082214000,58738000,76637000,1389000,-63000,3000,-9000,0,-76000,17000,2000,221970000,35633000,12334000,695000
1998,empresas_5_mas,N,,SERVICIOS SOCIALES Y DE SALUD,EAE 1998-2001 2 digitos,Rev.3,Q,seccion,16277644000,8676822000,7559311000,52753,7600822000,31892000,227210000,858409000,949667000,975694000,6010000,969684000,77501000,892183000,-26027000,4704103000,3272321000,1084001000,292952000,54829000,9829000,9611000,75000,0,-163000,-4000,310000,559421000,297593000,86571000,6082000
1998,empresas_5_mas,D,20,"PRODUCCIÓN DE MADERA Y PRODUCTOS DE MADERA, CAÑA, MIMBRE, CORCHO Y OTROS MATERIALES EXCEPTO MUEBLES",EAE 1998-2001 2 digitos,Rev.3,C,division_2_digitos,671636000,232056000,90271000,1704,439580000,-5467000,17521000,129731000,34362000,36256000,163000,36093000,20600000,15493000,-1894000,242457000,45302000,165905000,31040000,210000,22125000,-216000,14659000,1694000,5114000,-29000,903000,1986000,26532000,5635000,209000
1998,empresas_5_mas,D,23,FABRICACIÓN DE PRODUCTOS DIVERSOS DERIVADOS DEL PETROLEO Y DEL CARBÓN,EAE 1998-2001 2 digitos,Rev.3,C,division_2_digitos,13195516000,8567331000,428827000,1599,4628185000,4593097000,174100000,3371307000,75656000,88564000,69288000,19276000,13764000,5512000,-12908000,1954992000,299674000,1625579000,29739000,0,227368000,-5000,196544000,1572000,29263000,-6000,0,67619000,2525000,5512000,0
1998,empresas_5_mas,D,36,FABRICACIÓN DE MUEBLES; INDUSTRIAS MANUFACTURERAS N.C.P.,EAE 1998-2001 2 digitos,Rev.3,C,division_2_digitos,1247711000,467797000,237692000,3574,779914000,2940000,45799000,181366000,55459000,62174000,0,62174000,35820000,26354000,-6715000,255042000,33960000,123483000,89004000,8595000,46049000,10014000,-3134000,32098000,2378000,5200000,-507000,3926000,32239000,12022000,7272000
1998,empresas_5_mas,G,52,COMERCIO AL POR MENOR EXCEPTO EL COMERCIO DE VEHÍCULOS AUTOMOTORES Y MOTOCICLETAS; REPARACIÓN DE EFECTOS PERSONALES Y ENSERES DOMÉSTICOS,EAE 1998-2001 2 digitos,Rev.3,G,division_2_digitos,8601175000,5156188000,2929545000,43570,3444987000,59057000,265008000,1902578000,1475527000,1494802000,3506000,1491296000,34817000,1456479000,-19275000,3027470000,1131396000,366809000,951228000,578037000,-340193000,-331354000,4422000,-361000,-15749000,2775000,74000,434095000,140262000,351300000,549870000
1998,empresas_5_mas,H,55,HOTELES Y RESTORANES,EAE 1998-2001 2 digitos,Rev.3,I,division_2_digitos,3382930000,1264469000,844868000,15851,2118461000,26602000,120432000,272567000,345841000,347502000,0,347502000,4632000,342870000,-1661000,2960329000,2148189000,406656000,367105000,38379000,37003000,31393000,-320000,3000,-128000,536000,5519000,137962000,92878000,109501000,5500000
1998,empresas_5_mas,K,71,"ALQUILER DE MAQUINARIA Y EQUIPO, EFECTOS PERSONALES Y ENSERES DOMÉSTICOS",EAE 1998-2001 2 digitos,Rev.3,L_M_N,division_2_digitos,288560000,173812000,47326000,724,114748000,12873000,27684000,85929000,52648000,70818000,0,70818000,4054000,66764000,-18170000,208647000,7146000,55008000,146173000,320000,6202000,3492000,-7000,0,0,0,2717000,0,23058000,29805000,-215000
1998,empresas_5_mas,K,72,INFORMÁTICA Y ACTIVIDADES CONEXAS,EAE 1998-2001 2 digitos,Rev.3,L_M_N,division_2_digitos,719459000,444434000,276073000,1088,275025000,2473000,14976000,150912000,4979000,54978000,0,54978000,35269000,19709000,-49999000,110142000,41027000,34686000,28784000,5645000,16516000,-2075000,1000,0,0,287000,18303000,891000,2517000,1500000,71000
1998,empresas_5_mas,K,73,INVESTIGACIÓN Y DESARROLLO,EAE 1998-2001 2 digitos,Rev.3,L_M_N,division_2_digitos,138505000,97630000,74109000,524,40875000,257000,1595000,21669000,4269000,4416000,0,4416000,0,4416000,-147000,20095000,12104000,3764000,4165000,62000,0,0,0,0,0,0,0,891000,1706000,1672000,0
1998,empresas_5_mas,K,74,"SERVICIOS PRESTADOS A LAS EMPRESAS, EXCEPTUANDO EL ALQUILER Y ARRENDAMIENTO DE MAQUINARIA Y EQUIPO",EAE 1998-2001 2 digitos,Rev.3,L_M_N,division_2_digitos,4891962000,2542561000,1734461000,26418,2349401000,-26209000,91623000,742686000,148420000,153837000,461000,153376000,5655000,147721000,-5417000,799135000,342189000,198808000,244344000,13794000,-1877000,2136000,-5194000,246000,-32000,-155000,1122000,15595000,57937000,64561000,10327000
1998,empresas_5_mas,M,80,ENSEÑANZA,EAE 1998-2001 2 digitos,Rev.3,P,division_2_digitos,2576578000,2048190000,1657886000,24237,528388000,853000,45552000,343899000,270632000,283599000,0,283599000,4257000,279342000,-12967000,1218978000,1082214000,58738000,76637000,1389000,-63000,3000,-9000,0,-76000,17000,2000,221970000,35633000,12334000,695000
1998,empresas_5_mas,N,85,ACTIVIDADES RELACIONADAS CON LA SALUD HUMANA,EAE 1998-2001 2 digitos,Rev.3,Q,division_2_digitos,16277644000,8676822000,7559311000,52753,7600822000,31892000,227210000,858409000,949667000,975694000,6010000,969684000,77501000,892183000,-26027000,4704103000,3272321000,1084001000,292952000,54829000,9829000,9611000,75000,0,-163000,-4000,310000,559421000,297593000,86571000,6082000
1998,empresas_5_mas,D,15-16,"ELABORACIÓN DE PRODUCTOS ALIMENTICIOS, BEBIDAS Y TABACO",EAE 1998-2001 2 digitos,Rev.3,C,grupo_divisiones_publicado,36790461000,11781496000,4448226000,43785,25008965000,2105541000,1173850000,4053879000,1318915000,1418348000,86626000,1331722000,508980000,822742000,-99433000,9064858000,3343406000,4799986000,769300000,152166000,422641000,23672000,59581000,17058000,304392000,13431000,4507000,308019000,800437000,172327000,38132000
1998,empresas_5_mas,D,17-18-19,"FABRICACIÓN DE PRODUCTOS TEXTILES, PRENDAS DE VESTIR Y TEÑIDO DE PIELES. CURTIEMBRES Y TALLERES DE ACABADO, FABRICACIÓN DE PRODUCTOS Y CALZADO DE CUERO",EAE 1998-2001 2 digitos,Rev.3,C,grupo_divisiones_publicado,10634967000,3385443000,1713033000,23118,7249524000,-220401000,283676000,1609135000,414172000,497893000,1243000,496650000,236024000,260626000,-83721000,2871125000,844134000,1654778000,319851000,52362000,64828000,-108784000,-133493000,10796000,290977000,-1725000,7057000,48307000,304069000,45236000,16560000
1998,empresas_5_mas,D,21-22,"FABRICACIÓN DE PAPEL Y DE PRODUCTOS DE PAPEL. ACTIVIDADES DE ENCUADERNACIÓN, IMPRESIÓN, EDICIÓN Y REPRODUCCIÓN DE GRABACIONES",EAE 1998-2001 2 digitos,Rev.3,C,grupo_divisiones_publicado,5326381000,2193539000,1174937000,9259,3132842000,8657000,208926000,801019000,401077000,426233000,15874000,410359000,221155000,189204000,-25156000,2305206000,310438000,1794395000,177976000,22397000,82513000,9079000,47406000,-588000,17950000,138000,8528000,38728000,324487000,36778000,1084000
1998,empresas_5_mas,D,24-25,"FABRICACIÓN DE SUSTANCIAS Y DE PRODUCTOS QUÍMICOS, DE PRODUCTOS DE CAUCHO Y PLÁSTICO",EAE 1998-2001 2 digitos,Rev.3,C,grupo_divisiones_publicado,9452137000,3349786000,1769934000,11296,6102351000,17197000,228974000,1333681000,550101000,565956000,4384000,561572000,163390000,398182000,-15855000,2492160000,843980000,1264336000,251085000,132759000,392906000,44697000,286832000,23629000,28009000,6980000,2759000,131546000,264869000,61973000,91713000
1998,empresas_5_mas,D,26-27,FABRICACIÓN DE OTROS PRODUCTOS MINERALES NO METÁLICOS. INDUSTRIAS METÁLICAS BÁSICAS,EAE 1998-2001 2 digitos,Rev.3,C,grupo_divisiones_publicado,2972815000,1190809000,711752000,4885,1782006000,-1715000,137995000,342777000,426155000,427744000,31123000,396621000,215207000,181414000,-1589000,1447986000,343393000,960980000,111931000,31682000,113316000,7839000,67951000,-1904000,16393000,1831000,21206000,36039000,315482000,62837000,11797000
1998,empresas_5_mas,D,28-29-30,"FABRICACIÓN DE PRODUCTOS METÁLICOS, MAQUINARIAS Y EQUIPOS. CONSTRUCCIÓN DE MAQUINARIA EXCEPTUANDO LA MAQUINARIA ELÉCTRICA. FABRICACIÓN DE MAQUINARIA DE OFICINA, CONTABILIDAD E INFORMÁTICA",EAE 1998-2001 2 digitos,Rev.3,C,grupo_divisiones_publicado,2760400000,990365000,561509000,6869,1770035000,5932000,61443000,361481000,130188000,134394000,0,134394000,5686000,128708000,-4206000,570370000,167363000,303672000,99228000,107000,113959000,5726000,51796000,-3535000,60317000,-627000,282000,38384000,64390000,27364000,50000
1998,empresas_5_mas,D,31-32-33,"FABRICACIÓN DE MAQUINARIA Y APARATOS ELÉCTRICOS N.C.P., DE EQUIPOS Y APARATOS DE RADIO, TELEVISIÓN Y COMUNICACIÓN, DE INSTRUMENTOS MÉDICOS, ÓPTICOS Y DE PRECISIÓN, Y DE RELOJES",EAE 1998-2001 2 digitos,Rev.3,C,grupo_divisiones_publicado,1257958000,484869000,279081000,2386,773089000,1856000,42615000,161317000,117889000,121060000,257000,120803000,58224000,62579000,-3171000,316724000,90731000,139037000,72778000,14178000,73289000,36035000,15855000,9652000,9944000,195000,1608000,24491000,53553000,31480000,8365000
1998,empresas_5_mas,D,34-35,"FABRICACIÓN DE VEHÍCULOS AUTOMOTORES, REMOLQUES Y SEMIRREMOLQUES, Y DE OTROS TIPOS DE EQUIPO DE TRANSPORTE",EAE 1998-2001 2 digitos,Rev.3,C,grupo_divisiones_publicado,2755930000,678243000,269482000,2240,2077687000,39766000,41192000,327803000,140146000,140820000,476000,140344000,16432000,123912000,-674000,547626000,212066000,265424000,50289000,19847000,51435000,41533000,5805000,10148000,-5017000,-791000,-243000,22841000,92152000,20145000,5008000
1998,empresas_5_mas,G,50-51,"COMERCIO, MANTENIMIENTO Y REPARACIÓN DE VEHÍCULOS AUTOMOTORES Y MOTOCICLETAS, DE COMBUSTIBLE PARA AUTOMOTORES. COMERCIO AL POR MAYOR Y A COMISIÓN",EAE 1998-2001 2 digitos,Rev.3,G,grupo_divisiones_publicado,19673227000,11778873000,4588149000,44829,7894354000,1296771000,455085000,5438868000,788411000,930019000,6181000,923838000,106471000,817367000,-141608000,4226231000,1712373000,1006247000,1384310000,123301000,2717038000,2668243000,-1308000,11970000,25334000,1303000,11496000,200986000,212707000,350779000,23939000
1998,empresas_5_mas,I,60-61-62-63-64,"TRANSPORTE POR VÍA TERRESTRE Y POR TUBERÍA, POR VÍA ACUÁTICA, POR VÍA AÉREA. ACTIVIDADES DE TRANSPORTE, COMPLEMENTARIAS Y AUXILIARES, DE AGENCIAS DE VIAJE. CORREO Y TELECOMUNICACIONES",EAE 1998-2001 2 digitos,Rev.3,H_J,grupo_divisiones_publicado,16974296000,8090010000,4067975000,32551,8884286000,126506000,601290000,3294239000,1916079000,2307000000,2603000,2304397000,1538270000,766127000,-390921000,6990297000,1249778000,4124584000,1558573000,57362000,44515000,19794000,255000,0,0,-48000,24514000,203893000,1251564000,412173000,48449000
1999,empresas_5_mas,TOTAL,TOTAL,TOTAL,EAE 1998-2001 2 digitos,Rev.3,TOTAL,economia_total,155314995000,71053392000,36161640000,341724,,,,,,,,,,,,,,,,,,,,,,,,,,,
1999,empresas_5_mas,D,,INDUSTRIAS MANUFACTURERAS,EAE 1998-2001 2 digitos,Rev.3,C,seccion,81232325000,30603907000,11505732000,103849,,,,,,,,,,,,,,,,,,,,,,,,,,,
1999,empresas_5_mas,D,20,"PRODUCCIÓN DE MADERA Y PRODUCTOS DE MADERA, CAÑA, MIMBRE, CORCHO Y OTROS MATERIALES EXCEPTO MUEBLES",EAE 1998-2001 2 digitos,Rev.3,C,division_2_digitos,642249000,195461000,93829000,1499,,,,,,,,,,,,,,,,,,,,,,,,,,,
1999,empresas_5_mas,D,23,FABRICACIÓN DE PRODUCTOS DIVERSOS DERIVADOS DEL PETROLEO Y DEL CARBÓN,EAE 1998-2001 2 digitos,Rev.3,C,division_2_digitos,11528963000,6918594000,274951000,1297,,,,,,,,,,,,,,,,,,,,,,,,,,,
1999,empresas_5_mas,D,36,FABRICACIÓN DE MUEBLES; INDUSTRIAS MANUFACTURERAS N.C.P.,EAE 1998-2001 2 digitos,Rev.3,C,division_2_digitos,951763000,377468000,198588000,2848,,,,,,,,,,,,,,,,,,,,,,,,,,,
1999,empresas_5_mas,D,15-16,"ELABORACIÓN DE PRODUCTOS ALIMENTICIOS, BEBIDAS Y TABACO",EAE 1998-2001 2 digitos,Rev.3,C,grupo_divisiones_publicado,34894905000,11602840000,4495515000,41524,,,,,,,,,,,,,,,,,,,,,,,,,,,
1999,empresas_5_mas,D,17-18-19,"FABRICACIÓN DE PRODUCTOS TEXTILES, PRENDAS DE VESTIR Y TEÑIDO DE PIELES. CURTIEMBRES Y TALLERES DE ACABADO, FABRICACIÓN DE PRODUCTOS Y CALZADO DE CUERO",EAE 1998-2001 2 digitos,Rev.3,C,grupo_divisiones_publicado,9300632000,2921054000,1578031000,21216,,,,,,,,,,,,,,,,,,,,,,,,,,,
1999,empresas_5_mas,D,21-22,"FABRICACIÓN DE PAPEL Y DE PRODUCTOS DE PAPEL. ACTIVIDADES DE ENCUADERNACIÓN, IMPRESIÓN, EDICIÓN Y REPRODUCCIÓN DE GRABACIONES",EAE 1998-2001 2 digitos,Rev.3,C,grupo_divisiones_publicado,5912997000,2276333000,1270339000,10069,,,,,,,,,,,,,,,,,,,,,,,,,,,
1999,empresas_5_mas,D,24-25,"FABRICACIÓN DE SUSTANCIAS Y DE PRODUCTOS QUÍMICOS, DE PRODUCTOS DE CAUCHO Y PLÁSTICO",EAE 1998-2001 2 digitos,Rev.3,C,grupo_divisiones_publicado,9865816000,3504604000,1891722000,11053,,,,,,,,,,,,,,,,,,,,,,,,,,,
1999,empresas_5_mas,D,26-27,FABRICACIÓN DE OTROS PRODUCTOS MINERALES NO METÁLICOS. INDUSTRIAS METÁLICAS BÁSICAS,EAE 1998-2001 2 digitos,Rev.3,C,grupo_divisiones_publicado,2588361000,1012495000,639771000,4096,,,,,,,,,,,,,,,,,,,,,,,,,,,
1999,empresas_5_mas,D,28-29-30,"FABRICACIÓN DE PRODUCTOS METÁLICOS, MAQUINARIAS Y EQUIPOS. CONSTRUCCIÓN DE MAQUINARIA EXCEPTUANDO LA MAQUINARIA ELÉCTRICA. FABRICACIÓN DE MAQUINARIA DE OFICINA, CONTABILIDAD E INFORMÁTICA",EAE 1998-2001 2 digitos,Rev.3,C,grupo_divisiones_publicado,2390313000,843132000,545874000,5900,,,,,,,,,,,,,,,,,,,,,,,,,,,
1999,empresas_5_mas,D,31-32-33,"FABRICACIÓN DE MAQUINARIA Y APARATOS ELÉCTRICOS N.C.P., DE EQUIPOS Y APARATOS DE RADIO, TELEVISIÓN Y COMUNICACIÓN, DE INSTRUMENTOS MÉDICOS, ÓPTICOS Y DE PRECISIÓN, Y DE RELOJES",EAE 1998-2001 2 digitos,Rev.3,C,grupo_divisiones_publicado,1089444000,444378000,271875000,2316,,,,,,,,,,,,,,,,,,,,,,,,,,,
1999,empresas_5_mas,D,34-35,"FABRICACIÓN DE VEHÍCULOS AUTOMOTORES, REMOLQUES Y SEMIRREMOLQUES, Y DE OTROS TIPOS DE EQUIPO DE TRANSPORTE",EAE 1998-2001 2 digitos,Rev.3,C,grupo_divisiones_publicado,2066882000,507548000,245237000,2031,,,,,,,,,,,,,,,,,,,,,,,,,,,
2000,empresas_5_mas,TOTAL,TOTAL,TOTAL,EAE 1998-2001 2 digitos,Rev.3,TOTAL,economia_total,163271992000,72318885000,37281045000,344134,90953107000,7517285000,5087106000,22433449000,7351509000,8528864000,79967000,8448897000,2537129000,5911768000,-1177355000,54331206000,21430553000,21358719000,9133906000,2408028000,2398861000,1762798000,150256000,42495000,382440000,-1463000,62335000,1517278000,3347977000,2251565000,234690000
2000,empresas_5_mas,D,,INDUSTRIAS MANUFACTURERAS,EAE 1998-2001 2 digitos,Rev.3,C,seccion,83807625000,29633141000,11001603000,94656,54174484000,6441765000,2551150000,9638623000,2769703000,3166047000,76259000,3089788000,1265708000,1824080000,-396344000,24532490000,7637847000,13599060000,2298991000,996592000,701338000,23216000,178315000,42383000,392052000,-10520000,75892000,352345000,1743918000,517533000,155908000
2000,empresas_5_mas,G,,"COMERCIO AL POR MAYOR Y AL POR MENOR; REPARACIÓN DE VEHÍCULOS AUTOMOTORES, MOTOCICLETAS, EFECTOS PERSONALES Y ENSERES DOMÉSTICOS",EAE 1998-2001 2 digitos,Rev.3,G,seccion,28514978000,16183229000,8023576000,88714,12331749000,886674000,1028350000,6244629000,1602646000,1871241000,1339000,1869902000,125433000,1744469000,-268595000,9792868000,3788738000,1954599000,2932186000,1117345000,1527386000,1575570000,-14803000,1018000,-11754000,8809000,-31454000,458669000,534004000,616479000,-6506000
2000,empresas_5_mas,H,,HOTELES Y RESTORANES,EAE 1998-2001 2 digitos,Rev.3,I,seccion,2839052000,956396000,795127000,13216,1882656000,25867000,127208000,8194000,230824000,255110000,0,255110000,12618000,242492000,-24286000,3277525000,2399694000,520127000,325459000,32245000,17094000,41511000,-26275000,36000,1905000,-83000,0,141210000,42625000,44813000,2175000
2000,empresas_5_mas,I,,TRANSPORTE ALMACENAMIENTO Y COMUNICACIONES,EAE 1998-2001 2 digitos,Rev.3,H_J,seccion,19172249000,9150760000,4378350000,32018,10021489000,154967000,840798000,3776645000,1774920000,2189525000,257000,2189268000,1062840000,1126428000,-414605000,7671277000,1402860000,3528776000,2620440000,119201000,66311000,45274000,4322000,331000,0,-70000,16454000,200385000,668050000,861963000,44522000
2000,empresas_5_mas,K,,ACTIVIDADES INMOBILIARIAS EMPRESARIALES Y DE ALQUILER,EAE 1998-2001 2 digitos,Rev.3,L_M_N,seccion,7629891000,4150726000,2350953000,32285,3479165000,-41170000,178453000,1662490000,388605000,430849000,0,430849000,20651000,410198000,-42244000,1541605000,558961000,469429000,490759000,22456000,125665000,73439000,51459000,-1273000,181000,451000,1408000,111860000,136541000,118364000,21840000
2000,empresas_5_mas,M,,ENSEÑANZA,EAE 1998-2001 2 digitos,Rev.3,P,seccion,2962481000,2369933000,1961198000,26322,592548000,1662000,58057000,349016000,152781000,174328000,0,174328000,5629000,168699000,-21547000,1890441000,1709202000,83165000,93871000,4203000,2122000,2038000,129000,0,0,-45000,0,106245000,27530000,17314000,1692000
2000,empresas_5_mas,N,,SERVICIOS SOCIALES Y DE SALUD,EAE 1998-2001 2 digitos,Rev.3,Q,seccion,18345716000,9874700000,8770238000,56923,8471016000,47520000,303090000,753852000,432030000,441764000,2112000,439652000,44250000,395402000,-9734000,5625000000,3933251000,1203563000,372200000,115986000,-41055000,1750000,-42891000,0,56000,-5000,35000,146564000,195309000,75099000,15059000
2000,empresas_5_mas,D,20,"PRODUCCIÓN DE MADERA Y PRODUCTOS DE MADERA, CAÑA, MIMBRE, CORCHO Y OTROS MATERIALES EXCEPTO MUEBLES",EAE 1998-2001 2 digitos,Rev.3,C,division_2_digitos,565194000,199311000,91659000,1221,365883000,-4987000,24925000,87714000,19821000,22933000,0,22933000,1260000,21673000,-3112000,159240000,28454000,101968000,27608000,1210000,16817000,-1109000,6977000,8351000,3404000,-42000,-764000,12050000,6472000,474000,825000
2000,empresas_5_mas,D,23,FABRICACIÓN DE PRODUCTOS DIVERSOS DERIVADOS DEL PETROLEO Y DEL CARBÓN,EAE 1998-2001 2 digitos,Rev.3,C,division_2_digitos,13897053000,6815073000,275642000,1276,7081980000,4438859000,181443000,1919129000,20548000,41530000,0,41530000,32266000,9264000,-20982000,1499809000,214928000,1205784000,34755000,44342000,274629000,0,13475000,-527000,217699000,623000,43359000,-4849000,20965000,3257000,1175000
2000,empresas_5_mas,D,36,FABRICACIÓN DE MUEBLES; INDUSTRIAS MANUFACTURERAS N.C.P.,EAE 1998-2001 2 digitos,Rev.3,C,division_2_digitos,915398000,330581000,203725000,2528,584817000,2969000,51673000,72214000,205097000,205485000,0,205485000,12414000,193071000,-388000,240791000,42910000,105867000,83539000,8475000,578000,23522000,-15248000,11509000,-11087000,-8285000,167000,3873000,113126000,86429000,1669000
2000,empresas_5_mas,G,52,COMERCIO AL POR MENOR EXCEPTO EL COMERCIO DE VEHÍCULOS AUTOMOTORES Y MOTOCICLETAS; REPARACIÓN DE EFECTOS PERSONALES Y ENSERES DOMÉSTICOS,EAE 1998-2001 2 digitos,Rev.3,G,division_2_digitos,8798582000,5010580000,3134169000,42598,3788002000,49013000,458876000,1368522000,734844000,845129000,0,845129000,27490000,817639000,-110285000,4614146000,1711664000,680914000,1373682000,847886000,1054153000,1059286000,-23370000,1358000,13239000,1487000,2153000,253642000,224695000,245087000,11420000
2000,empresas_5_mas,H,55,HOTELES Y RESTORANES,EAE 1998-2001 2 digitos,Rev.3,I,division_2_digitos,2839052000,956396000,795127000,13216,1882656000,25867000,127208000,8194000,230824000,255110000,0,255110000,12618000,242492000,-24286000,3277525000,2399694000,520127000,325459000,32245000,17094000,41511000,-26275000,36000,1905000,-83000,0,141210000,42625000,44813000,2175000
2000,empresas_5_mas,K,71,"ALQUILER DE MAQUINARIA Y EQUIPO, EFECTOS PERSONALES Y ENSERES DOMÉSTICOS",EAE 1998-2001 2 digitos,Rev.3,L_M_N,division_2_digitos,338051000,211271000,56917000,861,126780000,9520000,28869000,115965000,39897000,74978000,0,74978000,99000,74879000,-35081000,270822000,3347000,83569000,183687000,219000,1089000,1655000,310000,0,0,0,-876000,0,7797000,32405000,-305000
2000,empresas_5_mas,K,72,INFORMÁTICA Y ACTIVIDADES CONEXAS,EAE 1998-2001 2 digitos,Rev.3,L_M_N,division_2_digitos,1162687000,670838000,299811000,1487,491849000,2680000,25817000,342530000,69551000,72008000,0,72008000,4798000,67210000,-2457000,131727000,42025000,41798000,38863000,9041000,3426000,928000,214000,0,0,500000,1784000,26103000,14419000,15592000,13437000
2000,empresas_5_mas,K,73,INVESTIGACIÓN Y DESARROLLO,EAE 1998-2001 2 digitos,Rev.3,L_M_N,division_2_digitos,129923000,94115000,86813000,491,35808000,362000,1890000,5050000,2547000,2574000,0,2574000,1000,2573000,-27000,22657000,12459000,4109000,5474000,615000,103000,0,0,0,46000,0,57000,1109000,657000,325000,456000
2000,empresas_5_mas,K,74,"SERVICIOS PRESTADOS A LAS EMPRESAS, EXCEPTUANDO EL ALQUILER Y ARRENDAMIENTO DE MAQUINARIA Y EQUIPO",EAE 1998-2001 2 digitos,Rev.3,L_M_N,division_2_digitos,5999230000,3174502000,1907412000,29446,2824728000,-53732000,121877000,1198945000,276610000,281289000,0,281289000,15753000,265536000,-4679000,1116399000,501130000,339953000,262735000,12581000,121047000,70856000,50935000,-1273000,135000,-49000,443000,84648000,113668000,70042000,8252000
2000,empresas_5_mas,M,80,ENSEÑANZA,EAE 1998-2001 2 digitos,Rev.3,P,division_2_digitos,2962481000,2369933000,1961198000,26322,592548000,1662000,58057000,349016000,152781000,174328000,0,174328000,5629000,168699000,-21547000,1890441000,1709202000,83165000,93871000,4203000,2122000,2038000,129000,0,0,-45000,0,106245000,27530000,17314000,1692000
2000,empresas_5_mas,N,85,ACTIVIDADES RELACIONADAS CON LA SALUD HUMANA,EAE 1998-2001 2 digitos,Rev.3,Q,division_2_digitos,18345716000,9874700000,8770238000,56923,8471016000,47520000,303090000,753852000,432030000,441764000,2112000,439652000,44250000,395402000,-9734000,5625000000,3933251000,1203563000,372200000,115986000,-41055000,1750000,-42891000,0,56000,-5000,35000,146564000,195309000,75099000,15059000
2000,empresas_5_mas,D,15-16,"ELABORACIÓN DE PRODUCTOS ALIMENTICIOS, BEBIDAS Y TABACO",EAE 1998-2001 2 digitos,Rev.3,C,grupo_divisiones_publicado,34977885000,11233462000,4380078000,37470,23744423000,2244529000,1087693000,3521162000,1358573000,1512308000,60599000,1451709000,738517000,713192000,-153735000,11074905000,3920693000,5526216000,1026590000,601406000,565453000,5661000,297428000,43541000,206016000,-12318000,25125000,162092000,932989000,161485000,102007000
2000,empresas_5_mas,D,17-18-19,"FABRICACIÓN DE PRODUCTOS TEXTILES, PRENDAS DE VESTIR Y TEÑIDO DE PIELES. CURTIEMBRES Y TALLERES DE ACABADO, FABRICACIÓN DE PRODUCTOS Y CALZADO DE CUERO",EAE 1998-2001 2 digitos,Rev.3,C,grupo_divisiones_publicado,9573327000,2822679000,1439692000,18180,6750648000,-238347000,305657000,1315677000,123277000,262847000,115000,262732000,127875000,134857000,-139570000,2703109000,976656000,1445372000,212089000,68992000,-38678000,-146000,-46335000,-16513000,26621000,2621000,-4926000,33296000,43349000,38489000,8143000
2000,empresas_5_mas,D,21-22,"FABRICACIÓN DE PAPEL Y DE PRODUCTOS DE PAPEL. ACTIVIDADES DE ENCUADERNACIÓN, IMPRESIÓN, EDICIÓN Y REPRODUCCIÓN DE GRABACIONES",EAE 1998-2001 2 digitos,Rev.3,C,grupo_divisiones_publicado,5748314000,2223330000,1111281000,8811,3524984000,6333000,242077000,863639000,246540000,258138000,0,258138000,78646000,179492000,-11598000,2530963000,356390000,1915038000,224454000,35081000,65739000,18502000,33425000,5253000,922000,347000,7290000,21309000,184383000,40553000,295000
2000,empresas_5_mas,D,24-25,"FABRICACIÓN DE SUSTANCIAS Y DE PRODUCTOS QUÍMICOS, DE PRODUCTOS DE CAUCHO Y PLÁSTICO",EAE 1998-2001 2 digitos,Rev.3,C,grupo_divisiones_publicado,9445682000,3192263000,1887331000,11660,6253419000,17744000,282040000,1005148000,294260000,320350000,1258000,319092000,138650000,180442000,-26090000,2958805000,1028139000,1473544000,345642000,111480000,-209572000,-44632000,-150663000,5517000,-27193000,7534000,-135000,56550000,186844000,40955000,9911000
2000,empresas_5_mas,D,26-27,FABRICACIÓN DE OTROS PRODUCTOS MINERALES NO METÁLICOS. INDUSTRIAS METÁLICAS BÁSICAS,EAE 1998-2001 2 digitos,Rev.3,C,grupo_divisiones_publicado,2408543000,939697000,563615000,3535,1468846000,6800000,186454000,182828000,75225000,96116000,8602000,87514000,45679000,41835000,-20891000,1878229000,584701000,1159961000,56781000,76786000,-13260000,-25428000,31809000,3676000,-25079000,-792000,2554000,9020000,69187000,-8938000,5956000
2000,empresas_5_mas,D,28-29-30,"FABRICACIÓN DE PRODUCTOS METÁLICOS, MAQUINARIAS Y EQUIPOS. CONSTRUCCIÓN DE MAQUINARIA EXCEPTUANDO LA MAQUINARIA ELÉCTRICA. FABRICACIÓN DE MAQUINARIA DE OFICINA, CONTABILIDAD E INFORMÁTICA",EAE 1998-2001 2 digitos,Rev.3,C,grupo_divisiones_publicado,2345494000,787448000,482848000,5333,1558046000,4799000,59407000,240394000,78214000,92714000,916000,91798000,2058000,89740000,-14500000,525513000,196308000,254329000,74524000,352000,44493000,4339000,30161000,-2711000,12942000,-306000,68000,7375000,39435000,31100000,305000
2000,empresas_5_mas,D,31-32-33,"FABRICACIÓN DE MAQUINARIA Y APARATOS ELÉCTRICOS N.C.P., DE EQUIPOS Y APARATOS DE RADIO, TELEVISIÓN Y COMUNICACIÓN, DE INSTRUMENTOS MÉDICOS, ÓPTICOS Y DE PRECISIÓN, Y DE RELOJES",EAE 1998-2001 2 digitos,Rev.3,C,grupo_divisiones_publicado,1172888000,465643000,277586000,2517,707245000,2145000,59597000,126315000,77482000,80619000,4268000,76351000,31672000,44679000,-3137000,372288000,88498000,188099000,65790000,29901000,-16879000,12736000,-10748000,-12141000,-6892000,686000,-520000,-501000,28945000,38569000,10469000
2000,empresas_5_mas,D,34-35,"FABRICACIÓN DE VEHÍCULOS AUTOMOTORES, REMOLQUES Y SEMIRREMOLQUES, Y DE OTROS TIPOS DE EQUIPO DE TRANSPORTE",EAE 1998-2001 2 digitos,Rev.3,C,grupo_divisiones_publicado,2757847000,623654000,288146000,2125,2134193000,-39079000,70184000,304403000,270666000,273007000,501000,272506000,56671000,215835000,-2341000,588838000,200170000,222882000,147219000,18567000,12018000,29771000,-11966000,-3572000,-5301000,-588000,3674000,52130000,118223000,85160000,15153000
2000,empresas_5_mas,G,50-51,"COMERCIO, MANTENIMIENTO Y REPARACIÓN DE VEHÍCULOS AUTOMOTORES Y MOTOCICLETAS, DE COMBUSTIBLE PARA AUTOMOTORES. COMERCIO AL POR MAYOR Y A COMISIÓN",EAE 1998-2001 2 digitos,Rev.3,G,grupo_divisiones_publicado,19716396000,11172649000,4889407000,46116,8543747000,837661000,569474000,4876107000,867802000,1026112000,1339000,1024773000,97943000,926830000,-158310000,5178722000,2077074000,1273685000,1558504000,269459000,473233000,516284000,8567000,-340000,-24993000,7322000,-33607000,205027000,309309000,371392000,-17926000
2000,empresas_5_mas,I,60-61-62-63-64,"TRANSPORTE POR VÍA TERRESTRE Y POR TUBERÍA, POR VÍA ACUÁTICA, POR VÍA AÉREA. ACTIVIDADES DE TRANSPORTE, COMPLEMENTARIAS Y AUXILIARES, DE AGENCIAS DE VIAJE. CORREO Y TELECOMUNICACIONES",EAE 1998-2001 2 digitos,Rev.3,H_J,grupo_divisiones_publicado,19172249000,9150760000,4378350000,32018,10021489000,154967000,840798000,3776645000,1774920000,2189525000,257000,2189268000,1062840000,1126428000,-414605000,7671277000,1402860000,3528776000,2620440000,119201000,66311000,45274000,4322000,331000,0,-70000,16454000,200385000,668050000,861963000,44522000
2001,empresas_5_mas,TOTAL,TOTAL,TOTAL,EAE 1998-2001 2 digitos,Rev.3,TOTAL,economia_total,193943166000,90321433000,44966116000,402559,103621733000,7993171000,8496668000,28865478000,13199866000,14106664000,249072000,13857592000,3020572000,10837020000,-906798000,114914760000,41179530000,26298887000,45848074000,1588269000,1790633000,1105109000,94222000,217110000,148412000,67090000,158690000,3842792000,4315704000,4728103000,313267000
2001,empresas_5_mas,D,,INDUSTRIAS MANUFACTURERAS.,EAE 1998-2001 2 digitos,Rev.3,C,seccion,86431142000,30765240000,11063329000,96958,55665902000,6815105000,2910094000,9976712000,3378168000,3557613000,68106000,3489507000,1075519000,2413988000,-179445000,26860805000,8791124000,14968157000,2472862000,628662000,867530000,112023000,230651000,215532000,162064000,57040000,90220000,734118000,1974576000,498561000,170913000
2001,empresas_5_mas,E,,"SUMINISTRO DE ELECTRICIDAD, GAS Y AGUA.",EAE 1998-2001 2 digitos,Rev.3,D_E,seccion,13263248000,10613461000,3599272000,14926,2649787000,111535000,1928474000,4974180000,1873450000,1984556000,0,1984556000,1707000,1982849000,-111106000,50479044000,13469095000,1605332000,35151135000,253482000,-461371000,-358970000,-104340000,0,0,0,1939000,146931000,147612000,1565819000,13088000
2001,empresas_5_mas,G,,"COMERCIO AL POR MAYOR Y AL POR MENOR; REPARACIÓN DE VEHÍCULOS AUTOMOTORES, MOTOCICLETAS, EFECTOS PERSONALES Y ENSERES DOMÉSTICOS.",EAE 1998-2001 2 digitos,Rev.3,G,seccion,32931503000,18661827000,9369286000,106792,14269676000,963852000,1421098000,6907591000,1513529000,1898702000,25368000,1873334000,106040000,1767294000,-385173000,11719650000,5333418000,2325037000,3651403000,409792000,1326479000,1348572000,-49677000,1718000,-14299000,9275000,30890000,377342000,385069000,716325000,34793000
2001,empresas_5_mas,H,,HOTELES Y RESTORANES.,EAE 1998-2001 2 digitos,Rev.3,I,seccion,5274816000,1891838000,1325240000,19856,3382978000,34207000,376307000,156084000,2018610000,2023609000,0,2023609000,5081000,2018528000,-4999000,5416997000,4093821000,561886000,724582000,36708000,37447000,4128000,16645000,8000,617000,272000,15777000,1533542000,37710000,432131000,15227000
2001,empresas_5_mas,I,,TRANSPORTE ALMACENAMIENTO Y COMUNICACIONES.,EAE 1998-2001 2 digitos,Rev.3,H_J,seccion,24940716000,10528780000,5525617000,40173,14411936000,-183874000,1202490000,3984547000,2715373000,2811033000,61244000,2749789000,1786934000,962855000,-95660000,10641417000,2995148000,4930431000,2579876000,135962000,-9735000,-17718000,0,0,0,370000,7613000,213224000,1248202000,1205520000,48427000
2001,empresas_5_mas,K,,ACTIVIDADES INMOBILIARIAS EMPRESARIALES Y DE ALQUILER.,EAE 1998-2001 2 digitos,Rev.3,L_M_N,seccion,9232606000,4910872000,3110723000,38981,4321734000,59393000,237958000,1502798000,407808000,458201000,301000,457900000,23660000,434240000,-50393000,2030280000,702659000,561905000,718120000,47596000,31674000,18618000,657000,-148000,0,129000,12418000,74545000,161856000,152737000,18670000
2001,empresas_5_mas,M,,ENSEÑANZA.,EAE 1998-2001 2 digitos,Rev.3,P,seccion,3373145000,2674661000,2151457000,28124,698484000,1131000,71249000,450824000,240196000,306623000,9734000,296889000,5934000,290955000,-66427000,1868049000,1604246000,96663000,157647000,9493000,-750000,-1039000,285000,0,0,4000,0,153856000,30200000,53005000,3135000
2001,empresas_5_mas,N,,SERVICIOS SOCIALES Y DE SALUD.,EAE 1998-2001 2 digitos,Rev.3,Q,seccion,18495990000,10274754000,8821192000,56749,8221236000,191822000,348998000,912742000,1052732000,1066327000,84319000,982008000,15697000,966311000,-13595000,5898518000,4190019000,1249476000,392449000,66574000,-641000,-505000,1000,0,30000,0,-167000,609234000,330479000,104005000,9014000
2001,empresas_5_mas,D,20,"PRODUCCIÓN DE MADERA Y PRODUCTOS DE MADERA, CAÑA, MIMBRE, CORCHO Y OTROS MATERIALES EXCEPTO MUEBLES.",EAE 1998-2001 2 digitos,Rev.3,C,division_2_digitos,738710000,220869000,127850000,2090,517841000,-2633000,32442000,63210000,54740000,58529000,578000,57951000,8848000,49103000,-3789000,236262000,71976000,120142000,38769000,5375000,4456000,5499000,8412000,-18229000,8931000,0,-157000,6778000,38123000,7477000,2362000
2001,empresas_5_mas,D,23,FABRICACIÓN DE PRODUCTOS DIVERSOS DERIVADOS DEL PETROLEO Y DEL CARBÓN.,EAE 1998-2001 2 digitos,Rev.3,C,division_2_digitos,13822409000,6963494000,260236000,956,6858915000,4689308000,190018000,1823932000,109434000,109733000,18865000,90868000,46774000,44094000,-299000,1444745000,231326000,1142210000,35438000,35771000,-189134000,0,-8571000,-1791000,-202305000,271000,23262000,18619000,46924000,8120000,35771000
2001,empresas_5_mas,D,36,FABRICACIÓN DE MUEBLES; INDUSTRIAS MANUFACTURERAS N.C.P.,EAE 1998-2001 2 digitos,Rev.3,C,division_2_digitos,1078655000,389024000,227199000,2735,689631000,3537000,62141000,96147000,123328000,124240000,444000,123796000,19566000,104230000,-912000,227575000,51551000,109037000,60180000,6807000,-42848000,-1519000,-21519000,-1495000,-17126000,-1143000,-46000,12880000,57337000,52605000,506000
2001,empresas_5_mas,E,40,"SUMINISTRO DE ELECTRICIDAD, GAS, VAPOR Y AGUA CALIENTE.",EAE 1998-2001 2 digitos,Rev.3,D_E,division_2_digitos,9105893000,7871777000,2047744000,7454,1234116000,112600000,1423567000,4287866000,1775833000,1886939000,0,1886939000,0,1886939000,-111106000,37547012000,1032096000,1226138000,35057001000,231777000,-605816000,-358970000,-248510000,0,0,0,1664000,70887000,138856000,1555902000,10188000
2001,empresas_5_mas,E,41,"CAPTACION, DEPURACION Y DISTRIBUCION DE AGUA.",EAE 1998-2001 2 digitos,Rev.3,D_E,division_2_digitos,4157355000,2741684000,1551528000,7472,1415671000,-1065000,504907000,686314000,97617000,97617000,0,97617000,1707000,95910000,0,12932032000,12436999000,379194000,94134000,21705000,144445000,0,144170000,0,0,0,275000,76044000,8756000,9917000,2900000
2001,empresas_5_mas,G,52,COMERCIO AL POR MENOR EXCEPTO EL COMERCIO DE VEHÍCULOS AUTOMOTORES Y MOTOCICLETAS; REPARACIÓN DE EFECTOS PERSONALES Y ENSERES DOMÉSTICOS.,EAE 1998-2001 2 digitos,Rev.3,G,division_2_digitos,11336344000,6440633000,3944520000,57202,4895711000,126342000,644134000,1725637000,770993000,809336000,14681000,794655000,7076000,787579000,-38343000,5683664000,2895039000,933916000,1660933000,193776000,659588000,637144000,19009000,-1675000,-1068000,7975000,-1797000,288667000,172707000,290686000,18933000
2001,empresas_5_mas,H,55,HOTELES Y RESTORANES.,EAE 1998-2001 2 digitos,Rev.3,I,division_2_digitos,5274816000,1891838000,1325240000,19856,3382978000,34207000,376307000,156084000,2018610000,2023609000,0,2023609000,5081000,2018528000,-4999000,5416997000,4093821000,561886000,724582000,36708000,37447000,4128000,16645000,8000,617000,272000,15777000,1533542000,37710000,432131000,15227000
2001,empresas_5_mas,K,71,"ALQUILER DE MAQUINARIA Y EQUIPO, EFECTOS PERSONALES Y ENSERES DOMÉSTICOS.",EAE 1998-2001 2 digitos,Rev.3,L_M_N,division_2_digitos,433004000,260023000,70951000,868,172981000,11350000,38303000,139419000,69824000,96206000,0,96206000,1218000,94988000,-26382000,474552000,1205000,142206000,330907000,234000,1571000,1382000,149000,0,0,0,40000,0,24349000,45475000,0
2001,empresas_5_mas,K,72,INFORMÁTICA Y ACTIVIDADES CONEXAS.,EAE 1998-2001 2 digitos,Rev.3,L_M_N,division_2_digitos,1355522000,666278000,370785000,1771,689244000,3745000,37539000,254209000,39136000,42481000,0,42481000,7885000,34596000,-3345000,162688000,49453000,60590000,47860000,4785000,11127000,-2399000,0,0,0,129000,13397000,7385000,23056000,7134000,1561000
2001,empresas_5_mas,K,73,INVESTIGACIÓN Y DESARROLLO.,EAE 1998-2001 2 digitos,Rev.3,L_M_N,division_2_digitos,141122000,93030000,82632000,581,48092000,413000,3667000,6318000,8476000,8605000,0,8605000,2233000,6372000,-129000,46289000,30943000,5612000,9231000,503000,226000,0,0,0,0,0,226000,4720000,3401000,299000,56000
2001,empresas_5_mas,K,74,"SERVICIOS PRESTADOS A LAS EMPRESAS, EXCEPTUANDO EL ALQUILER Y ARRENDAMIENTO DE MAQUINARIA Y EQUIPO.",EAE 1998-2001 2 digitos,Rev.3,L_M_N,division_2_digitos,7302958000,3891541000,2586355000,35761,3411417000,43885000,158449000,1102852000,290372000,310909000,301000,310608000,12324000,298284000,-20537000,1346751000,621058000,353497000,330122000,42074000,18750000,19635000,508000,-148000,0,0,-1245000,62440000,111050000,99829000,17053000
2001,empresas_5_mas,M,80,ENSEÑANZA.,EAE 1998-2001 2 digitos,Rev.3,P,division_2_digitos,3373145000,2674661000,2151457000,28124,698484000,1131000,71249000,450824000,240196000,306623000,9734000,296889000,5934000,290955000,-66427000,1868049000,1604246000,96663000,157647000,9493000,-750000,-1039000,285000,0,0,4000,0,153856000,30200000,53005000,3135000
2001,empresas_5_mas,N,85,ACTIVIDADES RELACIONADAS CON LA SALUD HUMANA.,EAE 1998-2001 2 digitos,Rev.3,Q,division_2_digitos,18495990000,10274754000,8821192000,56749,8221236000,191822000,348998000,912742000,1052732000,1066327000,84319000,982008000,15697000,966311000,-13595000,5898518000,4190019000,1249476000,392449000,66574000,-641000,-505000,1000,0,30000,0,-167000,609234000,330479000,104005000,9014000
2001,empresas_5_mas,D,15-16,"ELABORACIÓN DE PRODUCTOS ALIMENTICIOS, BEBIDAS Y TABACO.",EAE 1998-2001 2 digitos,Rev.3,C,grupo_divisiones_publicado,36886440000,11830027000,4509215000,41475,25056413000,2314187000,1164063000,3842562000,1257423000,1321882000,24412000,1297470000,491997000,805473000,-64459000,11819675000,4077861000,6356726000,1194352000,190736000,284031000,21608000,-96324000,114781000,143697000,40139000,60130000,231088000,815786000,147477000,63072000
2001,empresas_5_mas,D,17-18-19,"FABRICACIÓN DE PRODUCTOS TEXTILES, PRENDAS DE VESTIR Y TEÑIDO DE PIELES. CURTIEMBRES Y TALLERES DE ACABADO, FABRICACIÓN DE PRODUCTOS Y CALZADO DE CUERO.",EAE 1998-2001 2 digitos,Rev.3,C,grupo_divisiones_publicado,9732813000,2687161000,1332167000,15813,7045652000,-263150000,300848000,1317296000,292552000,338133000,8114000,330019000,156270000,173749000,-45581000,2427658000,982616000,1131572000,253546000,59924000,360983000,36254000,111935000,72555000,129357000,-126000,11008000,30629000,173805000,80580000,7538000
2001,empresas_5_mas,D,21-22,"FABRICACIÓN DE PAPEL Y DE PRODUCTOS DE PAPEL. ACTIVIDADES DE ENCUADERNACIÓN, IMPRESIÓN, EDICIÓN Y REPRODUCCIÓN DE GRABACIONES.",EAE 1998-2001 2 digitos,Rev.3,C,grupo_divisiones_publicado,5172759000,2193158000,1086568000,7860,2979601000,15931000,301783000,788876000,378044000,402020000,0,402020000,114360000,287660000,-23976000,2663100000,422614000,2027208000,175176000,38102000,32731000,-7685000,11429000,20507000,2294000,1084000,5102000,60595000,276284000,38552000,2613000
2001,empresas_5_mas,D,24-25,"FABRICACIÓN DE SUSTANCIAS Y DE PRODUCTOS QUÍMICOS, DE PRODUCTOS DE CAUCHO Y PLÁSTICO.",EAE 1998-2001 2 digitos,Rev.3,C,grupo_divisiones_publicado,9384685000,3338759000,1696349000,9542,6045926000,34378000,323605000,1284427000,604996000,625761000,1276000,624485000,170248000,454237000,-20765000,2953422000,1203197000,1365717000,249178000,135330000,215581000,-36646000,150408000,21138000,62838000,16191000,1652000,225149000,315448000,61530000,2869000
2001,empresas_5_mas,D,26-27,FABRICACIÓN DE OTROS PRODUCTOS MINERALES NO METÁLICOS. INDUSTRIAS METÁLICAS BÁSICAS.,EAE 1998-2001 2 digitos,Rev.3,C,grupo_divisiones_publicado,2543878000,963448000,592571000,4463,1580430000,12994000,277412000,80471000,122059000,124721000,2663000,122058000,32853000,89205000,-2662000,3054240000,1083916000,1810169000,67801000,92354000,86678000,14131000,48073000,5751000,24985000,-36000,-6226000,10702000,71848000,7631000,31878000
2001,empresas_5_mas,D,28-29-30,"FABRICACIÓN DE PRODUCTOS METÁLICOS, MAQUINARIAS Y EQUIPOS. CONSTRUCCIÓN DE MAQUINARIA EXCEPTUANDO LA MAQUINARIA ELÉCTRICA. FABRICACIÓN DE MAQUINARIA DE OFICINA, CONTABILIDAD E INFORMÁTICA.",EAE 1998-2001 2 digitos,Rev.3,C,grupo_divisiones_publicado,2762516000,959163000,576392000,6302,1803353000,4509000,92550000,285712000,139652000,144199000,3812000,140387000,5568000,134819000,-4547000,781316000,227761000,438016000,114508000,1031000,47508000,51102000,-2163000,-9651000,8727000,-79000,-428000,19557000,74541000,45563000,-9000
2001,empresas_5_mas,D,31-32-33,"FABRICACIÓN DE MAQUINARIA Y APARATOS ELÉCTRICOS N.C.P., DE EQUIPOS Y APARATOS DE RADIO, TELEVISIÓN Y COMUNICACIÓN, DE INSTRUMENTOS MÉDICOS, ÓPTICOS Y DE PRECISIÓN, Y DE RELOJES.",EAE 1998-2001 2 digitos,Rev.3,C,grupo_divisiones_publicado,1717150000,589176000,348949000,3213,1127974000,4367000,79271000,156589000,51701000,57168000,7240000,49928000,23011000,26917000,-5467000,500749000,142700000,209026000,114016000,35007000,17695000,17989000,-1658000,-2387000,3060000,716000,-25000,8213000,22318000,20104000,1066000
2001,empresas_5_mas,D,34-35,"FABRICACIÓN DE VEHÍCULOS AUTOMOTORES, REMOLQUES Y SEMIRREMOLQUES, Y DE OTROS TIPOS DE EQUIPO DE TRANSPORTE.",EAE 1998-2001 2 digitos,Rev.3,C,grupo_divisiones_publicado,2591127000,630961000,305833000,2509,1960166000,1677000,85961000,237490000,244239000,251227000,702000,250525000,6024000,244501000,-6988000,752063000,295606000,258334000,169898000,28225000,49849000,11290000,30629000,14353000,-2394000,23000,-4052000,109908000,82162000,28922000,23247000
2001,empresas_5_mas,G,50-51,"COMERCIO, MANTENIMIENTO Y REPARACIÓN DE VEHÍCULOS AUTOMOTORES Y MOTOCICLETAS, DE COMBUSTIBLE PARA AUTOMOTORES. COMERCIO AL POR MAYOR Y A COMISIÓN.",EAE 1998-2001 2 digitos,Rev.3,G,grupo_divisiones_publicado,21595159000,12221194000,5424766000,49590,9373965000,837510000,776964000,5181954000,742536000,1089366000,10687000,1078679000,98964000,979715000,-346830000,6035986000,2438379000,1391121000,1990470000,216016000,666891000,711428000,-68686000,3393000,-13231000,1300000,32687000,88675000,212362000,425639000,15860000
2001,empresas_5_mas,I,60-61-62-63-64,"TRANSPORTE POR VÍA TERRESTRE Y POR TUBERÍA, POR VÍA ACUÁTICA, POR VÍA AÉREA. ACTIVIDADES DE TRANSPORTE, COMPLEMENTARIAS Y AUXILIARES, DE AGENCIAS DE VIAJE. CORREO Y TELECOMUNICACIONES.",EAE 1998-2001 2 digitos,Rev.3,H_J,grupo_divisiones_publicado,24940716000,10528780000,5525617000,40173,14411936000,-183874000,1202490000,3984547000,2715373000,2811033000,61244000,2749789000,1786934000,962855000,-95660000,10641417000,2995148000,4930431000,2579876000,135962000,-9735000,-17718000,0,0,0,370000,7613000,213224000,1248202000,1205520000,48427000
