fuente,archivo,hoja,anno,variable,variable_etiqueta,valor,unidad,fuente_original
oyanthabal,Índices de Precios.xlsx,IPI PBI e IPC,1955,gdp_current,GDP,4.602,Thousand $Uy,Oyanthabal
oyanthabal,Índices de Precios.xlsx,IPI PBI e IPC,1955,gdp_2005,GDP $Uy2005 (right axis),185022787.789339,Thousand $Uy 2005,Oyanthabal
oyanthabal,Índices de Precios.xlsx,IPI PBI e IPC,1955,gdp_price_index_base_2005,GDP Price index (base 2005),2.48726119359941e-08,Base 2005,Oyanthabal
oyanthabal,Índices de Precios.xlsx,IPI PBI e IPC,1955,ipc_index_1983_1989,IPC,0.0004,1983-1989=100,Oyanthabal
oyanthabal,Índices de Precios.xlsx,IPI PBI e IPC,1956,gdp_current,GDP,5.163,Thousand $Uy,Oyanthabal
oyanthabal,Índices de Precios.xlsx,IPI PBI e IPC,1956,gdp_2005,GDP $Uy2005 (right axis),188232554.995255,Thousand $Uy 2005,Oyanthabal
oyanthabal,Índices de Precios.xlsx,IPI PBI e IPC,1956,gdp_price_index_base_2005,GDP Price index (base 2005),2.7428836633122e-08,Base 2005,Oyanthabal
oyanthabal,Índices de Precios.xlsx,IPI PBI e IPC,1956,ipc_index_1983_1989,IPC,0.0004,1983-1989=100,Oyanthabal
oyanthabal,Índices de Precios.xlsx,IPI PBI e IPC,1957,gdp_current,GDP,6.117,Thousand $Uy,Oyanthabal
oyanthabal,Índices de Precios.xlsx,IPI PBI e IPC,1957,gdp_2005,GDP $Uy2005 (right axis),190052652.874472,Thousand $Uy 2005,Oyanthabal
oyanthabal,Índices de Precios.xlsx,IPI PBI e IPC,1957,gdp_price_index_base_2005,GDP Price index (base 2005),3.21858174957453e-08,Base 2005,Oyanthabal
oyanthabal,Índices de Precios.xlsx,IPI PBI e IPC,1957,ipc_index_1983_1989,IPC,0.0005,1983-1989=100,Oyanthabal
oyanthabal,Índices de Precios.xlsx,IPI PBI e IPC,1958,gdp_current,GDP,6.617,Thousand $Uy,Oyanthabal
oyanthabal,Índices de Precios.xlsx,IPI PBI e IPC,1958,gdp_2005,GDP $Uy2005 (right axis),183350265.413842,Thousand $Uy 2005,Oyanthabal
oyanthabal,Índices de Precios.xlsx,IPI PBI e IPC,1958,gdp_price_index_base_2005,GDP Price index (base 2005),3.60893941716676e-08,Base 2005,Oyanthabal
oyanthabal,Índices de Precios.xlsx,IPI PBI e IPC,1958,ipc_index_1983_1989,IPC,0.0006,1983-1989=100,Oyanthabal
oyanthabal,Índices de Precios.xlsx,IPI PBI e IPC,1959,gdp_current,GDP,8.865,Thousand $Uy,Oyanthabal
oyanthabal,Índices de Precios.xlsx,IPI PBI e IPC,1959,gdp_2005,GDP $Uy2005 (right axis),178209718.700917,Thousand $Uy 2005,Oyanthabal
oyanthabal,Índices de Precios.xlsx,IPI PBI e IPC,1959,gdp_price_index_base_2005,GDP Price index (base 2005),4.9744761759474e-08,Base 2005,Oyanthabal
oyanthabal,Índices de Precios.xlsx,IPI PBI e IPC,1959,ipc_index_1983_1989,IPC,0.0008,1983-1989=100,Oyanthabal
oyanthabal,Índices de Precios.xlsx,IPI PBI e IPC,1960,gdp_current,GDP,13.583,Thousand $Uy,Oyanthabal
oyanthabal,Índices de Precios.xlsx,IPI PBI e IPC,1960,gdp_2005,GDP $Uy2005 (right axis),184530869.443604,Thousand $Uy 2005,Oyanthabal
oyanthabal,Índices de Precios.xlsx,IPI PBI e IPC,1960,gdp_price_index_base_2005,GDP Price index (base 2005),7.36082805058869e-08,Base 2005,Oyanthabal
oyanthabal,Índices de Precios.xlsx,IPI PBI e IPC,1960,ipc_index_1983_1989,IPC,0.0011,1983-1989=100,Oyanthabal
oyanthabal,Índices de Precios.xlsx,IPI PBI e IPC,1961,gdp_current,GDP,17.279,Thousand $Uy,Oyanthabal
oyanthabal,Índices de Precios.xlsx,IPI PBI e IPC,1961,gdp_2005,GDP $Uy2005 (right axis),189818991.660248,Thousand $Uy 2005,Oyanthabal
oyanthabal,Índices de Precios.xlsx,IPI PBI e IPC,1961,gdp_price_index_base_2005,GDP Price index (base 2005),9.10288261931515e-08,Base 2005,Oyanthabal
oyanthabal,Índices de Precios.xlsx,IPI PBI e IPC,1961,ipc_index_1983_1989,IPC,0.0014,1983-1989=100,Oyanthabal
oyanthabal,Índices de Precios.xlsx,IPI PBI e IPC,1962,gdp_current,GDP,18.841,Thousand $Uy,Oyanthabal
oyanthabal,Índices de Precios.xlsx,IPI PBI e IPC,1962,gdp_2005,GDP $Uy2005 (right axis),185539302.052359,Thousand $Uy 2005,Oyanthabal
oyanthabal,Índices de Precios.xlsx,IPI PBI e IPC,1962,gdp_price_index_base_2005,GDP Price index (base 2005),1.01547218252891e-07,Base 2005,Oyanthabal
oyanthabal,Índices de Precios.xlsx,IPI PBI e IPC,1962,ipc_index_1983_1989,IPC,0.0015,1983-1989=100,Oyanthabal
oyanthabal,Índices de Precios.xlsx,IPI PBI e IPC,1963,gdp_current,GDP,22.366,Thousand $Uy,Oyanthabal
oyanthabal,Índices de Precios.xlsx,IPI PBI e IPC,1963,gdp_2005,GDP $Uy2005 (right axis),186449350.991968,Thousand $Uy 2005,Oyanthabal
oyanthabal,Índices de Precios.xlsx,IPI PBI e IPC,1963,gdp_price_index_base_2005,GDP Price index (base 2005),1.19957510610822e-07,Base 2005,Oyanthabal
oyanthabal,Índices de Precios.xlsx,IPI PBI e IPC,1963,ipc_index_1983_1989,IPC,0.0018,1983-1989=100,Oyanthabal
oyanthabal,Índices de Precios.xlsx,IPI PBI e IPC,1964,gdp_current,GDP,32.587,Thousand $Uy,Oyanthabal
oyanthabal,Índices de Precios.xlsx,IPI PBI e IPC,1964,gdp_2005,GDP $Uy2005 (right axis),190200228.378193,Thousand $Uy 2005,Oyanthabal
oyanthabal,Índices de Precios.xlsx,IPI PBI e IPC,1964,gdp_price_index_base_2005,GDP Price index (base 2005),1.71329973038751e-07,Base 2005,Oyanthabal
oyanthabal,Índices de Precios.xlsx,IPI PBI e IPC,1964,ipc_index_1983_1989,IPC,0.0026,1983-1989=100,Oyanthabal
oyanthabal,Índices de Precios.xlsx,IPI PBI e IPC,1965,gdp_current,GDP,52.51,Thousand $Uy,Oyanthabal
oyanthabal,Índices de Precios.xlsx,IPI PBI e IPC,1965,gdp_2005,GDP $Uy2005 (right axis),192389265.01671,Thousand $Uy 2005,Oyanthabal
oyanthabal,Índices de Precios.xlsx,IPI PBI e IPC,1965,gdp_price_index_base_2005,GDP Price index (base 2005),2.72936226433627e-07,Base 2005,Oyanthabal
oyanthabal,Índices de Precios.xlsx,IPI PBI e IPC,1965,ipc_index_1983_1989,IPC,0.0041,1983-1989=100,Oyanthabal
oyanthabal,Índices de Precios.xlsx,IPI PBI e IPC,1966,gdp_current,GDP,99.633,Thousand $Uy,Oyanthabal
oyanthabal,Índices de Precios.xlsx,IPI PBI e IPC,1966,gdp_2005,GDP $Uy2005 (right axis),198944076.973621,Thousand $Uy 2005,Oyanthabal
oyanthabal,Índices de Precios.xlsx,IPI PBI e IPC,1966,gdp_price_index_base_2005,GDP Price index (base 2005),5.00809079192697e-07,Base 2005,Oyanthabal
oyanthabal,Índices de Precios.xlsx,IPI PBI e IPC,1966,ipc_index_1983_1989,IPC,0.0071,1983-1989=100,Oyanthabal
oyanthabal,Índices de Precios.xlsx,IPI PBI e IPC,1967,gdp_current,GDP,169.785,Thousand $Uy,Oyanthabal
oyanthabal,Índices de Precios.xlsx,IPI PBI e IPC,1967,gdp_2005,GDP $Uy2005 (right axis),190704444.68257,Thousand $Uy 2005,Oyanthabal
oyanthabal,Índices de Precios.xlsx,IPI PBI e IPC,1967,gdp_price_index_base_2005,GDP Price index (base 2005),8.90304367486604e-07,Base 2005,Oyanthabal
oyanthabal,Índices de Precios.xlsx,IPI PBI e IPC,1967,ipc_index_1983_1989,IPC,0.0135,1983-1989=100,Oyanthabal
oyanthabal,Índices de Precios.xlsx,IPI PBI e IPC,1968,gdp_current,GDP,374.531,Thousand $Uy,Oyanthabal
oyanthabal,Índices de Precios.xlsx,IPI PBI e IPC,1968,gdp_2005,GDP $Uy2005 (right axis),193729742.508836,Thousand $Uy 2005,Oyanthabal
oyanthabal,Índices de Precios.xlsx,IPI PBI e IPC,1968,gdp_price_index_base_2005,GDP Price index (base 2005),1.93326535796597e-06,Base 2005,Oyanthabal
oyanthabal,Índices de Precios.xlsx,IPI PBI e IPC,1968,ipc_index_1983_1989,IPC,0.0305,1983-1989=100,Oyanthabal
oyanthabal,Índices de Precios.xlsx,IPI PBI e IPC,1969,gdp_current,GDP,506.069,Thousand $Uy,Oyanthabal
oyanthabal,Índices de Precios.xlsx,IPI PBI e IPC,1969,gdp_2005,GDP $Uy2005 (right axis),205560378.723748,Thousand $Uy 2005,Oyanthabal
oyanthabal,Índices de Precios.xlsx,IPI PBI e IPC,1969,gdp_price_index_base_2005,GDP Price index (base 2005),2.46189953113534e-06,Base 2005,Oyanthabal
oyanthabal,Índices de Precios.xlsx,IPI PBI e IPC,1969,ipc_index_1983_1989,IPC,0.037,1983-1989=100,Oyanthabal
oyanthabal,Índices de Precios.xlsx,IPI PBI e IPC,1970,gdp_current,GDP,601.0,Thousand $Uy,Oyanthabal
oyanthabal,Índices de Precios.xlsx,IPI PBI e IPC,1970,gdp_2005,GDP $Uy2005 (right axis),209500252.389322,Thousand $Uy 2005,Oyanthabal
oyanthabal,Índices de Precios.xlsx,IPI PBI e IPC,1970,gdp_price_index_base_2005,GDP Price index (base 2005),2.86873162750725e-06,Base 2005,Oyanthabal
oyanthabal,Índices de Precios.xlsx,IPI PBI e IPC,1970,ipc_index_1983_1989,IPC,0.043,1983-1989=100,Oyanthabal
oyanthabal,Índices de Precios.xlsx,IPI PBI e IPC,1971,gdp_current,GDP,722.0,Thousand $Uy,Oyanthabal
oyanthabal,Índices de Precios.xlsx,IPI PBI e IPC,1971,gdp_2005,GDP $Uy2005 (right axis),209751422.587879,Thousand $Uy 2005,Oyanthabal
oyanthabal,Índices de Precios.xlsx,IPI PBI e IPC,1971,gdp_price_index_base_2005,GDP Price index (base 2005),3.44216974117306e-06,Base 2005,Oyanthabal
oyanthabal,Índices de Precios.xlsx,IPI PBI e IPC,1971,ipc_index_1983_1989,IPC,0.053,1983-1989=100,Oyanthabal
oyanthabal,Índices de Precios.xlsx,IPI PBI e IPC,1972,gdp_current,GDP,1242.0,Thousand $Uy,Oyanthabal
oyanthabal,Índices de Precios.xlsx,IPI PBI e IPC,1972,gdp_2005,GDP $Uy2005 (right axis),206494312.271117,Thousand $Uy 2005,Oyanthabal
oyanthabal,Índices de Precios.xlsx,IPI PBI e IPC,1972,gdp_price_index_base_2005,GDP Price index (base 2005),6.0146935106344e-06,Base 2005,Oyanthabal
oyanthabal,Índices de Precios.xlsx,IPI PBI e IPC,1972,ipc_index_1983_1989,IPC,0.094,1983-1989=100,Oyanthabal
oyanthabal,Índices de Precios.xlsx,IPI PBI e IPC,1973,gdp_current,GDP,2561.0,Thousand $Uy,Oyanthabal
oyanthabal,Índices de Precios.xlsx,IPI PBI e IPC,1973,gdp_2005,GDP $Uy2005 (right axis),207247822.866786,Thousand $Uy 2005,Oyanthabal
oyanthabal,Índices de Precios.xlsx,IPI PBI e IPC,1973,gdp_price_index_base_2005,GDP Price index (base 2005),1.23571865053856e-05,Base 2005,Oyanthabal
oyanthabal,Índices de Precios.xlsx,IPI PBI e IPC,1973,ipc_index_1983_1989,IPC,0.185,1983-1989=100,Oyanthabal
oyanthabal,Índices de Precios.xlsx,IPI PBI e IPC,1974,gdp_current,GDP,4546.0,Thousand $Uy,Oyanthabal
oyanthabal,Índices de Precios.xlsx,IPI PBI e IPC,1974,gdp_2005,GDP $Uy2005 (right axis),213762043.500309,Thousand $Uy 2005,Oyanthabal
oyanthabal,Índices de Precios.xlsx,IPI PBI e IPC,1974,gdp_price_index_base_2005,GDP Price index (base 2005),2.12666380128118e-05,Base 2005,Oyanthabal
oyanthabal,Índices de Precios.xlsx,IPI PBI e IPC,1974,ipc_index_1983_1989,IPC,0.327,1983-1989=100,Oyanthabal
oyanthabal,Índices de Precios.xlsx,IPI PBI e IPC,1975,gdp_current,GDP,8166.0,Thousand $Uy,Oyanthabal
oyanthabal,Índices de Precios.xlsx,IPI PBI e IPC,1975,gdp_2005,GDP $Uy2005 (right axis),226296246.634713,Thousand $Uy 2005,Oyanthabal
oyanthabal,Índices de Precios.xlsx,IPI PBI e IPC,1975,gdp_price_index_base_2005,GDP Price index (base 2005),3.60854416343084e-05,Base 2005,Oyanthabal
oyanthabal,Índices de Precios.xlsx,IPI PBI e IPC,1975,ipc_index_1983_1989,IPC,0.59,1983-1989=100,Oyanthabal
oyanthabal,Índices de Precios.xlsx,IPI PBI e IPC,1976,gdp_current,GDP,12638.0,Thousand $Uy,Oyanthabal
oyanthabal,Índices de Precios.xlsx,IPI PBI e IPC,1976,gdp_2005,GDP $Uy2005 (right axis),235314066.989329,Thousand $Uy 2005,Oyanthabal
oyanthabal,Índices de Precios.xlsx,IPI PBI e IPC,1976,gdp_price_index_base_2005,GDP Price index (base 2005),5.37069464724057e-05,Base 2005,Oyanthabal
oyanthabal,Índices de Precios.xlsx,IPI PBI e IPC,1976,ipc_index_1983_1989,IPC,0.89,1983-1989=100,Oyanthabal
oyanthabal,Índices de Precios.xlsx,IPI PBI e IPC,1977,gdp_current,GDP,19915.0,Thousand $Uy,Oyanthabal
oyanthabal,Índices de Precios.xlsx,IPI PBI e IPC,1977,gdp_2005,GDP $Uy2005 (right axis),238076939.173448,Thousand $Uy 2005,Oyanthabal
oyanthabal,Índices de Precios.xlsx,IPI PBI e IPC,1977,gdp_price_index_base_2005,GDP Price index (base 2005),8.36494289163015e-05,Base 2005,Oyanthabal
oyanthabal,Índices de Precios.xlsx,IPI PBI e IPC,1977,ipc_index_1983_1989,IPC,1.41,1983-1989=100,Oyanthabal
oyanthabal,Índices de Precios.xlsx,IPI PBI e IPC,1978,gdp_current,GDP,30930.0,Thousand $Uy,Oyanthabal
oyanthabal,Índices de Precios.xlsx,IPI PBI e IPC,1978,gdp_2005,GDP $Uy2005 (right axis),250603040.043383,Thousand $Uy 2005,Oyanthabal
oyanthabal,Índices de Precios.xlsx,IPI PBI e IPC,1978,gdp_price_index_base_2005,GDP Price index (base 2005),0.000123422285677962,Base 2005,Oyanthabal
oyanthabal,Índices de Precios.xlsx,IPI PBI e IPC,1978,ipc_index_1983_1989,IPC,2.04,1983-1989=100,Oyanthabal
oyanthabal,Índices de Precios.xlsx,IPI PBI e IPC,1979,gdp_current,GDP,57625.0,Thousand $Uy,Oyanthabal
oyanthabal,Índices de Precios.xlsx,IPI PBI e IPC,1979,gdp_2005,GDP $Uy2005 (right axis),266062160.651296,Thousand $Uy 2005,Oyanthabal
oyanthabal,Índices de Precios.xlsx,IPI PBI e IPC,1979,gdp_price_index_base_2005,GDP Price index (base 2005),0.000216584725384997,Base 2005,Oyanthabal
oyanthabal,Índices de Precios.xlsx,IPI PBI e IPC,1979,ipc_index_1983_1989,IPC,3.41,1983-1989=100,Oyanthabal
oyanthabal,Índices de Precios.xlsx,IPI PBI e IPC,1980,gdp_current,GDP,92204.0,Thousand $Uy,Oyanthabal
oyanthabal,Índices de Precios.xlsx,IPI PBI e IPC,1980,gdp_2005,GDP $Uy2005 (right axis),282023621.656323,Thousand $Uy 2005,Oyanthabal
oyanthabal,Índices de Precios.xlsx,IPI PBI e IPC,1980,gdp_price_index_base_2005,GDP Price index (base 2005),0.000326937153201872,Base 2005,Oyanthabal
oyanthabal,Índices de Precios.xlsx,IPI PBI e IPC,1980,ipc_index_1983_1989,IPC,5.58,1983-1989=100,Oyanthabal
oyanthabal,Índices de Precios.xlsx,IPI PBI e IPC,1981,gdp_current,GDP,122453.0,Thousand $Uy,Oyanthabal
oyanthabal,Índices de Precios.xlsx,IPI PBI e IPC,1981,gdp_2005,GDP $Uy2005 (right axis),287379218.4707,Thousand $Uy 2005,Oyanthabal
oyanthabal,Índices de Precios.xlsx,IPI PBI e IPC,1981,gdp_price_index_base_2005,GDP Price index (base 2005),0.000426102488035282,Base 2005,Oyanthabal
oyanthabal,Índices de Precios.xlsx,IPI PBI e IPC,1981,ipc_index_1983_1989,IPC,7.47,1983-1989=100,Oyanthabal
oyanthabal,Índices de Precios.xlsx,IPI PBI e IPC,1982,gdp_current,GDP,128696.0,Thousand $Uy,Oyanthabal
oyanthabal,Índices de Precios.xlsx,IPI PBI e IPC,1982,gdp_2005,GDP $Uy2005 (right axis),260390575.522607,Thousand $Uy 2005,Oyanthabal
oyanthabal,Índices de Precios.xlsx,IPI PBI e IPC,1982,gdp_price_index_base_2005,GDP Price index (base 2005),0.000494242158118456,Base 2005,Oyanthabal
oyanthabal,Índices de Precios.xlsx,IPI PBI e IPC,1982,ipc_index_1983_1989,IPC,9.0,1983-1989=100,Oyanthabal
oyanthabal,Índices de Precios.xlsx,IPI PBI e IPC,1983,gdp_current,GDP,175417.0,Thousand $Uy,Oyanthabal
oyanthabal,Índices de Precios.xlsx,IPI PBI e IPC,1983,gdp_2005,GDP $Uy2005 (right axis),232443896.142747,Thousand $Uy 2005,Oyanthabal
oyanthabal,Índices de Precios.xlsx,IPI PBI e IPC,1983,gdp_price_index_base_2005,GDP Price index (base 2005),0.000754663826028256,Base 2005,Oyanthabal
oyanthabal,Índices de Precios.xlsx,IPI PBI e IPC,1983,ipc_index_1983_1989,IPC,13.0,1983-1989=100,Oyanthabal
oyanthabal,Índices de Precios.xlsx,IPI PBI e IPC,1984,gdp_current,GDP,272954.08715393,Thousand $Uy,Oyanthabal
oyanthabal,Índices de Precios.xlsx,IPI PBI e IPC,1984,gdp_2005,GDP $Uy2005 (right axis),231541422.88324,Thousand $Uy 2005,Oyanthabal
oyanthabal,Índices de Precios.xlsx,IPI PBI e IPC,1984,gdp_price_index_base_2005,GDP Price index (base 2005),0.0011788563953482,Base 2005,Oyanthabal
oyanthabal,Índices de Precios.xlsx,IPI PBI e IPC,1984,ipc_index_1983_1989,IPC,21.0,1983-1989=100,Oyanthabal
oyanthabal,Índices de Precios.xlsx,IPI PBI e IPC,1985,gdp_current,GDP,485478.939341706,Thousand $Uy,Oyanthabal
oyanthabal,Índices de Precios.xlsx,IPI PBI e IPC,1985,gdp_2005,GDP $Uy2005 (right axis),236630176.924493,Thousand $Uy 2005,Oyanthabal
oyanthabal,Índices de Precios.xlsx,IPI PBI e IPC,1985,gdp_price_index_base_2005,GDP Price index (base 2005),0.00205163578733502,Base 2005,Oyanthabal
oyanthabal,Índices de Precios.xlsx,IPI PBI e IPC,1985,ipc_index_1983_1989,IPC,35.0,1983-1989=100,Oyanthabal
oyanthabal,Índices de Precios.xlsx,IPI PBI e IPC,1986,gdp_current,GDP,909600.670579714,Thousand $Uy,Oyanthabal
oyanthabal,Índices de Precios.xlsx,IPI PBI e IPC,1986,gdp_2005,GDP $Uy2005 (right axis),259420983.001126,Thousand $Uy 2005,Oyanthabal
oyanthabal,Índices de Precios.xlsx,IPI PBI e IPC,1986,gdp_price_index_base_2005,GDP Price index (base 2005),0.00350627254610228,Base 2005,Oyanthabal
oyanthabal,Índices de Precios.xlsx,IPI PBI e IPC,1986,ipc_index_1983_1989,IPC,63.0,1983-1989=100,Oyanthabal
oyanthabal,Índices de Precios.xlsx,IPI PBI e IPC,1987,gdp_current,GDP,1709288.33253924,Thousand $Uy,Oyanthabal
oyanthabal,Índices de Precios.xlsx,IPI PBI e IPC,1987,gdp_2005,GDP $Uy2005 (right axis),281993944.764623,Thousand $Uy 2005,Oyanthabal
oyanthabal,Índices de Precios.xlsx,IPI PBI e IPC,1987,gdp_price_index_base_2005,GDP Price index (base 2005),0.00606143629774023,Base 2005,Oyanthabal
oyanthabal,Índices de Precios.xlsx,IPI PBI e IPC,1987,ipc_index_1983_1989,IPC,102.0,1983-1989=100,Oyanthabal
oyanthabal,Índices de Precios.xlsx,IPI PBI e IPC,1988,gdp_current,GDP,3050908.43235916,Thousand $Uy,Oyanthabal
oyanthabal,Índices de Precios.xlsx,IPI PBI e IPC,1988,gdp_2005,GDP $Uy2005 (right axis),288166569.13432,Thousand $Uy 2005,Oyanthabal
oyanthabal,Índices de Precios.xlsx,IPI PBI e IPC,1988,gdp_price_index_base_2005,GDP Price index (base 2005),0.0105873087274641,Base 2005,Oyanthabal
oyanthabal,Índices de Precios.xlsx,IPI PBI e IPC,1988,ipc_index_1983_1989,IPC,166.0,1983-1989=100,Oyanthabal
oyanthabal,Índices de Precios.xlsx,IPI PBI e IPC,1989,gdp_current,GDP,5469983.89375444,Thousand $Uy,Oyanthabal
oyanthabal,Índices de Precios.xlsx,IPI PBI e IPC,1989,gdp_2005,GDP $Uy2005 (right axis),293421381.49557,Thousand $Uy 2005,Oyanthabal
oyanthabal,Índices de Precios.xlsx,IPI PBI e IPC,1989,gdp_price_index_base_2005,GDP Price index (base 2005),0.0186420766812354,Base 2005,Oyanthabal
oyanthabal,Índices de Precios.xlsx,IPI PBI e IPC,1989,ipc_index_1983_1989,IPC,300.0,1983-1989=100,Oyanthabal
oyanthabal,Índices de Precios.xlsx,IPI PBI e IPC,1990,gdp_current,GDP,11428343.8430264,Thousand $Uy,Oyanthabal
oyanthabal,Índices de Precios.xlsx,IPI PBI e IPC,1990,gdp_2005,GDP $Uy2005 (right axis),296388574.217073,Thousand $Uy 2005,Oyanthabal
oyanthabal,Índices de Precios.xlsx,IPI PBI e IPC,1990,gdp_price_index_base_2005,GDP Price index (base 2005),0.0385586518414718,Base 2005,Oyanthabal
oyanthabal,Índices de Precios.xlsx,IPI PBI e IPC,1990,ipc_index_1983_1989,IPC,637.0,1983-1989=100,Oyanthabal
oyanthabal,Índices de Precios.xlsx,IPI PBI e IPC,1991,gdp_current,GDP,23930296.6998591,Thousand $Uy,Oyanthabal
oyanthabal,Índices de Precios.xlsx,IPI PBI e IPC,1991,gdp_2005,GDP $Uy2005 (right axis),309061472.259154,Thousand $Uy 2005,Oyanthabal
oyanthabal,Índices de Precios.xlsx,IPI PBI e IPC,1991,gdp_price_index_base_2005,GDP Price index (base 2005),0.0774289222300509,Base 2005,Oyanthabal
oyanthabal,Índices de Precios.xlsx,IPI PBI e IPC,1991,ipc_index_1983_1989,IPC,1286.0,1983-1989=100,Oyanthabal
oyanthabal,Índices de Precios.xlsx,IPI PBI e IPC,1992,gdp_current,GDP,41521598.3841879,Thousand $Uy,Oyanthabal
oyanthabal,Índices de Precios.xlsx,IPI PBI e IPC,1992,gdp_2005,GDP $Uy2005 (right axis),335949258.021759,Thousand $Uy 2005,Oyanthabal
oyanthabal,Índices de Precios.xlsx,IPI PBI e IPC,1992,gdp_price_index_base_2005,GDP Price index (base 2005),0.123594850688727,Base 2005,Oyanthabal
oyanthabal,Índices de Precios.xlsx,IPI PBI e IPC,1992,ipc_index_1983_1989,IPC,2167.0,1983-1989=100,Oyanthabal
oyanthabal,Índices de Precios.xlsx,IPI PBI e IPC,1993,gdp_current,GDP,63470538.885246,Thousand $Uy,Oyanthabal
oyanthabal,Índices de Precios.xlsx,IPI PBI e IPC,1993,gdp_2005,GDP $Uy2005 (right axis),347332013.288545,Thousand $Uy 2005,Oyanthabal
oyanthabal,Índices de Precios.xlsx,IPI PBI e IPC,1993,gdp_price_index_base_2005,GDP Price index (base 2005),0.182737370748829,Base 2005,Oyanthabal
oyanthabal,Índices de Precios.xlsx,IPI PBI e IPC,1993,ipc_index_1983_1989,IPC,3339.0,1983-1989=100,Oyanthabal
oyanthabal,Índices de Precios.xlsx,IPI PBI e IPC,1994,gdp_current,GDP,95292261.4740708,Thousand $Uy,Oyanthabal
oyanthabal,Índices de Precios.xlsx,IPI PBI e IPC,1994,gdp_2005,GDP $Uy2005 (right axis),375274679.339254,Thousand $Uy 2005,Oyanthabal
oyanthabal,Índices de Precios.xlsx,IPI PBI e IPC,1994,gdp_price_index_base_2005,GDP Price index (base 2005),0.253926701481304,Base 2005,Oyanthabal
oyanthabal,Índices de Precios.xlsx,IPI PBI e IPC,1994,ipc_index_1983_1989,IPC,4832.0,1983-1989=100,Oyanthabal
oyanthabal,Índices de Precios.xlsx,IPI PBI e IPC,1995,gdp_current,GDP,133405283.685574,Thousand $Uy,Oyanthabal
oyanthabal,Índices de Precios.xlsx,IPI PBI e IPC,1995,gdp_2005,GDP $Uy2005 (right axis),372474649.864137,Thousand $Uy 2005,Oyanthabal
oyanthabal,Índices de Precios.xlsx,IPI PBI e IPC,1995,gdp_price_index_base_2005,GDP Price index (base 2005),0.358159363957343,Base 2005,Oyanthabal
oyanthabal,Índices de Precios.xlsx,IPI PBI e IPC,1995,ipc_index_1983_1989,IPC,6874.0,1983-1989=100,Oyanthabal
oyanthabal,Índices de Precios.xlsx,IPI PBI e IPC,1996,gdp_current,GDP,179342262.211812,Thousand $Uy,Oyanthabal
oyanthabal,Índices de Precios.xlsx,IPI PBI e IPC,1996,gdp_2005,GDP $Uy2005 (right axis),396050190.2497,Thousand $Uy 2005,Oyanthabal
oyanthabal,Índices de Precios.xlsx,IPI PBI e IPC,1996,gdp_price_index_base_2005,GDP Price index (base 2005),0.452827107843935,Base 2005,Oyanthabal
oyanthabal,Índices de Precios.xlsx,IPI PBI e IPC,1996,ipc_index_1983_1989,IPC,8822.0,1983-1989=100,Oyanthabal
oyanthabal,Índices de Precios.xlsx,IPI PBI e IPC,1997,gdp_current,GDP,226318274.886129,Thousand $Uy,Oyanthabal
oyanthabal,Índices de Precios.xlsx,IPI PBI e IPC,1997,gdp_2005,GDP $Uy2005 (right axis),419002951.912857,Thousand $Uy 2005,Oyanthabal
oyanthabal,Índices de Precios.xlsx,IPI PBI e IPC,1997,gdp_price_index_base_2005,GDP Price index (base 2005),0.540135275546216,Base 2005,Oyanthabal
oyanthabal,Índices de Precios.xlsx,IPI PBI e IPC,1997,ipc_index_1983_1989,IPC,10571.0,1983-1989=100,Oyanthabal
oyanthabal,Índices de Precios.xlsx,IPI PBI e IPC,1998,gdp_current,GDP,265838901.446081,Thousand $Uy,Oyanthabal
oyanthabal,Índices de Precios.xlsx,IPI PBI e IPC,1998,gdp_2005,GDP $Uy2005 (right axis),437937234.791502,Thousand $Uy 2005,Oyanthabal
oyanthabal,Índices de Precios.xlsx,IPI PBI e IPC,1998,gdp_price_index_base_2005,GDP Price index (base 2005),0.607025117589384,Base 2005,Oyanthabal
oyanthabal,Índices de Precios.xlsx,IPI PBI e IPC,1998,ipc_index_1983_1989,IPC,11713.0,1983-1989=100,Oyanthabal
oyanthabal,Índices de Precios.xlsx,IPI PBI e IPC,1999,gdp_current,GDP,271961149.665395,Thousand $Uy,Oyanthabal
oyanthabal,Índices de Precios.xlsx,IPI PBI e IPC,1999,gdp_2005,GDP $Uy2005 (right axis),429444702.701542,Thousand $Uy 2005,Oyanthabal
oyanthabal,Índices de Precios.xlsx,IPI PBI e IPC,1999,gdp_price_index_base_2005,GDP Price index (base 2005),0.633285608029503,Base 2005,Oyanthabal
oyanthabal,Índices de Precios.xlsx,IPI PBI e IPC,1999,ipc_index_1983_1989,IPC,12376.0,1983-1989=100,Oyanthabal
oyanthabal,Índices de Precios.xlsx,IPI PBI e IPC,2000,gdp_current,GDP,276152265.914774,Thousand $Uy,Oyanthabal
oyanthabal,Índices de Precios.xlsx,IPI PBI e IPC,2000,gdp_2005,GDP $Uy2005 (right axis),421156717.838442,Thousand $Uy 2005,Oyanthabal
oyanthabal,Índices de Precios.xlsx,IPI PBI e IPC,2000,gdp_price_index_base_2005,GDP Price index (base 2005),0.65569953943061,Base 2005,Oyanthabal
oyanthabal,Índices de Precios.xlsx,IPI PBI e IPC,2000,ipc_index_1983_1989,IPC,12966.0,1983-1989=100,Oyanthabal
oyanthabal,Índices de Precios.xlsx,IPI PBI e IPC,2001,gdp_current,GDP,278353052.810687,Thousand $Uy,Oyanthabal
oyanthabal,Índices de Precios.xlsx,IPI PBI e IPC,2001,gdp_2005,GDP $Uy2005 (right axis),404966906.281493,Thousand $Uy 2005,Oyanthabal
oyanthabal,Índices de Precios.xlsx,IPI PBI e IPC,2001,gdp_price_index_base_2005,GDP Price index (base 2005),0.687347653581361,Base 2005,Oyanthabal
oyanthabal,Índices de Precios.xlsx,IPI PBI e IPC,2001,ipc_index_1983_1989,IPC,13532.0,1983-1989=100,Oyanthabal
oyanthabal,Índices de Precios.xlsx,IPI PBI e IPC,2002,gdp_current,GDP,289233255.65463,Thousand $Uy,Oyanthabal
oyanthabal,Índices de Precios.xlsx,IPI PBI e IPC,2002,gdp_2005,GDP $Uy2005 (right axis),373654835.851221,Thousand $Uy 2005,Oyanthabal
oyanthabal,Índices de Precios.xlsx,IPI PBI e IPC,2002,gdp_price_index_base_2005,GDP Price index (base 2005),0.77406533491191,Base 2005,Oyanthabal
oyanthabal,Índices de Precios.xlsx,IPI PBI e IPC,2002,ipc_index_1983_1989,IPC,15422.0,1983-1989=100,Oyanthabal
oyanthabal,Índices de Precios.xlsx,IPI PBI e IPC,2003,gdp_current,GDP,339791593.761611,Thousand $Uy,Oyanthabal
oyanthabal,Índices de Precios.xlsx,IPI PBI e IPC,2003,gdp_2005,GDP $Uy2005 (right axis),376663818.159979,Thousand $Uy 2005,Oyanthabal
oyanthabal,Índices de Precios.xlsx,IPI PBI e IPC,2003,gdp_price_index_base_2005,GDP Price index (base 2005),0.902108398469249,Base 2005,Oyanthabal
oyanthabal,Índices de Precios.xlsx,IPI PBI e IPC,2003,ipc_index_1983_1989,IPC,18410.0,1983-1989=100,Oyanthabal
oyanthabal,Índices de Precios.xlsx,IPI PBI e IPC,2004,gdp_current,GDP,392849675.885421,Thousand $Uy,Oyanthabal
oyanthabal,Índices de Precios.xlsx,IPI PBI e IPC,2004,gdp_2005,GDP $Uy2005 (right axis),395512679.627493,Thousand $Uy 2005,Oyanthabal
oyanthabal,Índices de Precios.xlsx,IPI PBI e IPC,2004,gdp_price_index_base_2005,GDP Price index (base 2005),0.993266957346146,Base 2005,Oyanthabal
oyanthabal,Índices de Precios.xlsx,IPI PBI e IPC,2004,ipc_index_1983_1989,IPC,20096.0,1983-1989=100,Oyanthabal
oyanthabal,Índices de Precios.xlsx,IPI PBI e IPC,2005,gdp_current,GDP,425018448.124847,Thousand $Uy,Oyanthabal
oyanthabal,Índices de Precios.xlsx,IPI PBI e IPC,2005,gdp_2005,GDP $Uy2005 (right axis),425018448.124847,Thousand $Uy 2005,Oyanthabal
oyanthabal,Índices de Precios.xlsx,IPI PBI e IPC,2005,gdp_price_index_base_2005,GDP Price index (base 2005),1.0,Base 2005,Oyanthabal
oyanthabal,Índices de Precios.xlsx,IPI PBI e IPC,2005,ipc_index_1983_1989,IPC,21041.0,1983-1989=100,Oyanthabal
oyanthabal,Índices de Precios.xlsx,IPI PBI e IPC,2006,gdp_current,GDP,471344123.368719,Thousand $Uy,Oyanthabal
oyanthabal,Índices de Precios.xlsx,IPI PBI e IPC,2006,gdp_2005,GDP $Uy2005 (right axis),442438157.959603,Thousand $Uy 2005,Oyanthabal
oyanthabal,Índices de Precios.xlsx,IPI PBI e IPC,2006,gdp_price_index_base_2005,GDP Price index (base 2005),1.06533334634251,Base 2005,Oyanthabal
oyanthabal,Índices de Precios.xlsx,IPI PBI e IPC,2006,ipc_index_1983_1989,IPC,22387.0,1983-1989=100,Oyanthabal
oyanthabal,Índices de Precios.xlsx,IPI PBI e IPC,2007,gdp_current,GDP,549469550.275907,Thousand $Uy,Oyanthabal
oyanthabal,Índices de Precios.xlsx,IPI PBI e IPC,2007,gdp_2005,GDP $Uy2005 (right axis),471380298.064742,Thousand $Uy 2005,Oyanthabal
oyanthabal,Índices de Precios.xlsx,IPI PBI e IPC,2007,gdp_price_index_base_2005,GDP Price index (base 2005),1.16566083167192,Base 2005,Oyanthabal
oyanthabal,Índices de Precios.xlsx,IPI PBI e IPC,2007,ipc_index_1983_1989,IPC,24204.0,1983-1989=100,Oyanthabal
oyanthabal,Índices de Precios.xlsx,IPI PBI e IPC,2008,gdp_current,GDP,636150908.481456,Thousand $Uy,Oyanthabal
oyanthabal,Índices de Precios.xlsx,IPI PBI e IPC,2008,gdp_2005,GDP $Uy2005 (right axis),505207230.157481,Thousand $Uy 2005,Oyanthabal
oyanthabal,Índices de Precios.xlsx,IPI PBI e IPC,2008,gdp_price_index_base_2005,GDP Price index (base 2005),1.25918805295632,Base 2005,Oyanthabal
oyanthabal,Índices de Precios.xlsx,IPI PBI e IPC,2008,ipc_index_1983_1989,IPC,26110.0,1983-1989=100,Oyanthabal
oyanthabal,Índices de Precios.xlsx,IPI PBI e IPC,2009,gdp_current,GDP,714523445.734602,Thousand $Uy,Oyanthabal
oyanthabal,Índices de Precios.xlsx,IPI PBI e IPC,2009,gdp_2005,GDP $Uy2005 (right axis),526645669.644109,Thousand $Uy 2005,Oyanthabal
oyanthabal,Índices de Precios.xlsx,IPI PBI e IPC,2009,gdp_price_index_base_2005,GDP Price index (base 2005),1.35674417719499,Base 2005,Oyanthabal
oyanthabal,Índices de Precios.xlsx,IPI PBI e IPC,2009,ipc_index_1983_1989,IPC,27954.0,1983-1989=100,Oyanthabal
oyanthabal,Índices de Precios.xlsx,IPI PBI e IPC,2010,gdp_current,GDP,808078502.830734,Thousand $Uy,Oyanthabal
oyanthabal,Índices de Precios.xlsx,IPI PBI e IPC,2010,gdp_2005,GDP $Uy2005 (right axis),567741988.678101,Thousand $Uy 2005,Oyanthabal
oyanthabal,Índices de Precios.xlsx,IPI PBI e IPC,2010,gdp_price_index_base_2005,GDP Price index (base 2005),1.42331995685614,Base 2005,Oyanthabal
oyanthabal,Índices de Precios.xlsx,IPI PBI e IPC,2010,ipc_index_1983_1989,IPC,29826.0,1983-1989=100,Oyanthabal
oyanthabal,Índices de Precios.xlsx,IPI PBI e IPC,2011,gdp_current,GDP,926356145.179547,Thousand $Uy,Oyanthabal
oyanthabal,Índices de Precios.xlsx,IPI PBI e IPC,2011,gdp_2005,GDP $Uy2005 (right axis),597049585.35443,Thousand $Uy 2005,Oyanthabal
oyanthabal,Índices de Precios.xlsx,IPI PBI e IPC,2011,gdp_price_index_base_2005,GDP Price index (base 2005),1.55155646683789,Base 2005,Oyanthabal
oyanthabal,Índices de Precios.xlsx,IPI PBI e IPC,2011,ipc_index_1983_1989,IPC,32240.0,1983-1989=100,Oyanthabal
oyanthabal,Índices de Precios.xlsx,IPI PBI e IPC,2012,gdp_current,GDP,1041210521.85409,Thousand $Uy,Oyanthabal
oyanthabal,Índices de Precios.xlsx,IPI PBI e IPC,2012,gdp_2005,GDP $Uy2005 (right axis),618174266.745618,Thousand $Uy 2005,Oyanthabal
oyanthabal,Índices de Precios.xlsx,IPI PBI e IPC,2012,gdp_price_index_base_2005,GDP Price index (base 2005),1.68433171334606,Base 2005,Oyanthabal
oyanthabal,Índices de Precios.xlsx,IPI PBI e IPC,2012,ipc_index_1983_1989,IPC,34851.0,1983-1989=100,Oyanthabal
oyanthabal,Índices de Precios.xlsx,IPI PBI e IPC,2013,gdp_current,GDP,1178331709.00612,Thousand $Uy,Oyanthabal
oyanthabal,Índices de Precios.xlsx,IPI PBI e IPC,2013,gdp_2005,GDP $Uy2005 (right axis),646842337.165673,Thousand $Uy 2005,Oyanthabal
oyanthabal,Índices de Precios.xlsx,IPI PBI e IPC,2013,gdp_price_index_base_2005,GDP Price index (base 2005),1.82166757075506,Base 2005,Oyanthabal
oyanthabal,Índices de Precios.xlsx,IPI PBI e IPC,2013,ipc_index_1983_1989,IPC,37840.0,1983-1989=100,Oyanthabal
oyanthabal,Índices de Precios.xlsx,IPI PBI e IPC,2014,gdp_current,GDP,1330508360.23682,Thousand $Uy,Oyanthabal
oyanthabal,Índices de Precios.xlsx,IPI PBI e IPC,2014,gdp_2005,GDP $Uy2005 (right axis),667792210.044146,Thousand $Uy 2005,Oyanthabal
oyanthabal,Índices de Precios.xlsx,IPI PBI e IPC,2014,gdp_price_index_base_2005,GDP Price index (base 2005),1.9923987435386,Base 2005,Oyanthabal
oyanthabal,Índices de Precios.xlsx,IPI PBI e IPC,2014,ipc_index_1983_1989,IPC,41199.0,1983-1989=100,Oyanthabal
oyanthabal,Índices de Precios.xlsx,IPI PBI e IPC,2015,gdp_current,GDP,1455848221.20128,Thousand $Uy,Oyanthabal
oyanthabal,Índices de Precios.xlsx,IPI PBI e IPC,2015,gdp_2005,GDP $Uy2005 (right axis),670267991.273422,Thousand $Uy 2005,Oyanthabal
oyanthabal,Índices de Precios.xlsx,IPI PBI e IPC,2015,gdp_price_index_base_2005,GDP Price index (base 2005),2.17203900552577,Base 2005,Oyanthabal
oyanthabal,Índices de Precios.xlsx,IPI PBI e IPC,2015,ipc_index_1983_1989,IPC,44769.0,1983-1989=100,Oyanthabal
oyanthabal,Índices de Precios.xlsx,IPI PBI e IPC,2016,gdp_current,GDP,1589195373.61914,Thousand $Uy,Oyanthabal
oyanthabal,Índices de Precios.xlsx,IPI PBI e IPC,2016,gdp_2005,GDP $Uy2005 (right axis),681594167.467757,Thousand $Uy 2005,Oyanthabal
oyanthabal,Índices de Precios.xlsx,IPI PBI e IPC,2016,gdp_price_index_base_2005,GDP Price index (base 2005),2.33158593408051,Base 2005,Oyanthabal
oyanthabal,Índices de Precios.xlsx,IPI PBI e IPC,2016,ipc_index_1983_1989,IPC,49085.0,1983-1989=100,Oyanthabal
oyanthabal,Índices de Precios.xlsx,IPI PBI e IPC,2017,gdp_current,GDP,1707108630.93191,Thousand $Uy,Oyanthabal
oyanthabal,Índices de Precios.xlsx,IPI PBI e IPC,2017,gdp_2005,GDP $Uy2005 (right axis),699256580.851503,Thousand $Uy 2005,Oyanthabal
oyanthabal,Índices de Precios.xlsx,IPI PBI e IPC,2017,gdp_price_index_base_2005,GDP Price index (base 2005),2.4413193635634,Base 2005,Oyanthabal
oyanthabal,Índices de Precios.xlsx,IPI PBI e IPC,2017,ipc_index_1983_1989,IPC,52138.0,1983-1989=100,Oyanthabal
oyanthabal,Índices de Precios.xlsx,IPI PBI e IPC,2018,gdp_current,GDP,1831132171.43862,Thousand $Uy,Oyanthabal
oyanthabal,Índices de Precios.xlsx,IPI PBI e IPC,2018,gdp_2005,GDP $Uy2005 (right axis),710585122.24209,Thousand $Uy 2005,Oyanthabal
oyanthabal,Índices de Precios.xlsx,IPI PBI e IPC,2018,gdp_price_index_base_2005,GDP Price index (base 2005),2.57693570287666,Base 2005,Oyanthabal
oyanthabal,Índices de Precios.xlsx,IPI PBI e IPC,2018,ipc_index_1983_1989,IPC,56103.0,1983-1989=100,Oyanthabal
oyanthabal,Índices de Precios.xlsx,IPI PBI e IPC,2019,gdp_current,GDP,1975921079.52225,Thousand $Uy,Oyanthabal
oyanthabal,Índices de Precios.xlsx,IPI PBI e IPC,2019,gdp_2005,GDP $Uy2005 (right axis),712163486.193662,Thousand $Uy 2005,Oyanthabal
oyanthabal,Índices de Precios.xlsx,IPI PBI e IPC,2019,gdp_price_index_base_2005,GDP Price index (base 2005),2.77453297989632,Base 2005,Oyanthabal
oyanthabal,Índices de Precios.xlsx,IPI PBI e IPC,2019,ipc_index_1983_1989,IPC,60525.0,1983-1989=100,Oyanthabal
oyanthabal,Índices de Precios.xlsx,IPI PBI e IPC,2020,ipc_index_1983_1989,IPC,66220.0,1983-1989=100,Oyanthabal
oyanthabal,Índices de Precios.xlsx,IPI PBI e IPC,2021,ipc_index_1983_1989,IPC,71491.0,1983-1989=100,Oyanthabal
oyanthabal,Índices de Precios.xlsx,IPI PBI e IPC,2022,ipc_index_1983_1989,IPC,77854.0,1983-1989=100,Oyanthabal
oyanthabal,Índices de Precios.xlsx,IPI PBI e IPC,2023,ipc_index_1983_1989,IPC,81824.0,1983-1989=100,Oyanthabal
oyanthabal,Índices de Precios.xlsx,IPI PBI e IPC,2024,ipc_index_1983_1989,IPC,86317.0,1983-1989=100,Oyanthabal
